# time (ms),source_rate
-1638,0
-1637,0
-1636,7238777895271080960
-1635,723877789528685184
-1634,0
-1633,0
-1632,0
-1631,0
-1630,44877898215071645696
-1629,51395323056326991872
-1628,27507356002030108672
-1627,10858166842905044992
-1626,6519247719877504000
-1625,14477555790542161920
-1624,25332099621606219776
-1623,32583195757178421248
-1622,20987406425037770752
-1621,0
-1620,0
-1619,0
-1618,7961206480182496256
-1617,2171633368579747328
-1616,0
-1615,0
-1614,0
-1613,0
-1612,0
-1611,30402867160138539008
-1610,70940747975818846208
-1609,58631202542597799936
-1608,17366545527838799872
-1607,5070042936012958720
-1606,24615467855601766400
-1605,16653536773189718016
-1604,23893016525486112768
-1603,62972318218087202816
-1602,51395323056134782976
-1601,0
-1600,0
-1599,0
-1598,10128492234922782720
-1597,15921688357980481536
-1596,15197085966067589120
-1595,0
-1594,0
-1593,0
-1592,0
-1591,21716333685813243904
-1590,44154371354378698752
-1589,40537156213518049280
-1588,26066846446078660608
-1587,10866862070782844928
-1586,23882917583434289152
-1585,42703740111584452608
-1584,41261034002598256640
-1583,53566956425005998080
-1582,25334273429122633728
-1581,0
-1580,0
-1579,0
-1578,0
-1577,0
-1576,18096944738179278848
-1575,18820822528729915392
-1574,0
-1573,0
-1572,0
-1571,31850622739192754176
-1570,43439913394471829504
-1569,34741786283491004416
-1568,30402867160138539008
-1567,36198938946612264960
-1566,23887967053819523072
-1565,14476831188733872128
-1564,27510254410421694464
-1563,46328178529734918144
-1562,25332824224476405760
-1561,0
-1560,0
-1559,0
-1558,0
-1557,0
-1556,0
-1555,0
-1554,0
-1553,0
-1552,727500800790452736
-1551,22453254316286627840
-1550,35470011686829875200
-1549,29671415165707894784
-1548,23164089264867459072
-1547,14478280392189587456
-1546,22438762271303811072
-1545,18096944738179278848
-1544,18099843146957133824
-1543,45604300740206231552
-1542,36193889476355403776
-1541,0
-1540,0
-1539,0
-1538,0
-1537,0
-1536,4345440543520692224
-1535,3616490538891556864
-1534,0
-1533,0
-1532,0
-1531,39091925369303957504
-1530,65149001057439727616
-1529,52119200845951778816
-1528,17370168540838225920
-1527,4341092930901044736
-1526,726776198209875328
-1525,0
-1524,14477555790542161920
-1523,38380671256286167040
-1522,33298378318246973440
-1521,0
-1520,0
-1519,0
-1518,4341092930965402624
-1517,0
-1516,0
-1515,0
-1514,0
-1513,0
-1512,0
-1511,47776658710179094528
-1510,75281840907073945600
-1509,48499811898314661888
-1508,26059600422975889408
-1507,16645566148214108160
-1506,13029800211487944704
-1505,28955111581084323840
-1504,39815803158605365248
-1503,42708789582097801216
-1502,28954386979790864384
-1501,0
-1500,0
-1499,0
-1498,0
-1497,9406063650623014912
-1496,6504801165295429632
-1495,0
-1494,0
-1493,0
-1492,2898409565341582336
-1491,43439188789638725632
-1490,50662750041722798080
-1489,26776232190946373632
-1488,15925311369596377088
-1487,9410411263853981696
-1486,7241302629758815232
-1485,28231233791555637248
-1484,56463192184247001088
-1483,53566956425005998080
-1482,17368719336835309568
-1481,0
-1480,0
-1479,0
-1478,6509850635648627712
-1477,10129239584596019200
-1476,0
-1475,0
-1474,0
-1473,0
-1472,0
-1471,29689858402467598336
-1470,41252338777035309056
-1469,17362968008584910848
-1468,10855642108577370112
-1467,13753677999635992576
-1466,27508805204037742592
-1465,44155095957763842048
-1464,39811104618210541568
-1463,40542953029850718208
-1462,18824445538258644992
-1461,0
-1460,0
-1459,0
-1458,0
-1457,24613294045800595456
-1456,23164089264867459072
-1455,0
-1454,0
-1453,0
-1452,8690881087170311168
-1451,48504861368187346944
-1450,56462467583114428416
-1449,34746133897301188608
-1448,20269302707634130944
-1447,29677540167382511616
-1446,20990282090637590528
-1445,13756576409018925056
-1444,52839455625087516672
-1443,61525264497025302528
-1442,16639090219504730112
-1441,0
-1440,0
-1439,0
-1438,0
-1437,1449929384607885824
-1436,732573013351930624
-1435,0
-1434,0
-1433,0
-1432,0
-1431,25335722633447206912
-1430,39813278423989370880
-1429,34022256107772502016
-1428,22440211475338772480
-1427,10866862066535229440
-1426,0
-1425,0
-1424,20263528637110587392
-1423,36193889476355403776
-1422,15201433583530573824
-1421,0
-1420,0
-1419,0
-1418,0
-1417,0
-1416,0
-1415,0
-1414,0
-1413,0
-1412,6514900105745550336
-1411,43431218168653479936
-1410,44886944366762221568
-1409,38368421252686315520
-1408,31839753708882264064
-1407,18820822527704809472
-1406,15206483049591126016
-1405,24609320110074630144
-1404,42708789585813807104
-1403,31850622739192754176
-1402,0
-1401,0
-1400,0
-1399,0
-1398,0
-1397,0
-1396,11579519898682667008
-1395,723877791482790400
-1394,0
-1393,0
-1392,14481903400941383680
-1391,39089400634463838208
-1390,26779855202529943552
-1389,23164089264867459072
-1388,13753678001013477376
-1387,721353055841690880
-1386,3619388947637117440
-1385,6517798507186513920
-1384,36198237084598652928
-1383,49219342077572841472
-1382,7956858869751106560
-1381,0
-1380,0
-1379,0
-1378,2171633368579747328
-1377,6514900105745550336
-1376,0
-1375,0
-1374,0
-1373,0
-1372,14481178800388079616
-1371,51390975444221681664
-1370,48499811898314661888
-1369,30405391893697273856
-1368,24611844850360610816
-1367,29678264770413629440
-1366,15199984377483925504
-1365,8690881084274209792
-1364,26783478212504576000
-1363,40533533203768672256
-1362,23896662278669881344
-1361,0
-1360,0
-1359,0
-1358,7238777895271080960
-1357,6513450903223051264
-1356,1445581774144219392
-1355,0
-1354,0
-1353,0
-1352,13019701273280710656
-1351,58631576218298646528
-1350,44880422952987181056
-1349,23164813864938127360
-1348,13032698616404221952
-1347,7967003294487909376
-1346,27504457594796965888
-1345,36906898237018972160
-1344,47775934108789137408
-1343,49228739156882907136
-1342,0
-1341,0
-1340,0
-1339,0
-1338,6514900105745550336
-1337,13750779593844690944
-1336,4339643727638375424
-1335,2175980980491382528
-1334,0
-1333,0
-1332,2895511155673809920
-1331,31128194149547905024
-1330,33299827520576393216
-1329,18820822527704809472
-1328,26053803608831119360
-1327,21716333685813243904
-1326,14477555790542161920
-1325,33298378318246973440
-1324,49223689687843348480
-1323,43432667371626487808
-1322,10133564453534103552
-1321,0
-1320,0
-1319,0
-1318,0
-1317,0
-1316,0
-1315,0
-1314,0
-1313,0
-1312,18096944738179278848
-1311,48504159507426746368
-1310,49226588094786904064
-1309,36190266467024363520
-1308,29674641758894444544
-1307,21716333685813243904
-1306,7962655684796611584
-1305,23164089270185189376
-1304,39814003023706038272
-1303,35472910091038212096
-1302,9408237459362299904
-1301,0
-1300,0
-1299,0
-1298,728927258184032000
-1297,13758727466977945600
-1296,21716333688536178688
-1295,0
-1294,0
-1293,0
-1292,3619388947637117440
-1291,39813278423989370880
-1290,41989259404129918976
-1289,32579549997312720896
-1288,18820822527704809472
-1287,723877789528685184
-1286,2171633368579747328
-1285,13758025606843504640
-1284,26055252814314328064
-1283,25332824226728796160
-1282,0
-1281,0
-1280,0
-1279,0
-1278,0
-1277,0
-1276,5789573114337942528
-1275,0
-1274,0
-1273,0
-1272,26055252811546939392
-1271,48494762429883564032
-1270,44154020428397182976
-1269,13029800214403086336
-1268,9412585062135244800
-1267,20991006694473146368
-1266,9406063655449837568
-1265,19544700317230342144
-1264,50667822257952514048
-1263,45608648351570829312
-1262,0
-1261,0
-1260,0
-1259,0
-1258,0
-1257,7964829488934327296
-1256,7232981082284747776
-1255,0
-1254,0
-1253,0
-1252,31850622739192754176
-1251,54290834214531530752
-1250,49948292076670369792
-1249,35468562485144027136
-1248,32576674332762710016
-1247,28952213174655508480
-1246,23156843247234764800
-1245,36198237087559090176
-1244,51400372524662022144
-1243,32574500528721440768
-1242,0
-1241,0
-1240,0
-1239,0
-1238,12311719234691047424
-1237,12305922421962414080
-1236,2167285757440422144
-1235,0
-1234,0
-1233,0
-1232,34022980706909982720
-1231,58634100951697334272
-1230,34741786289476272128
-1229,5796819128816793600
-1228,4339643728475185664
-1227,5054101693559215104
-1226,2905610094265905664
-1225,20268578106759024640
-1224,46328178526435360768
-1223,46328178529734918144
-1222,0
-1221,0
-1220,0
-1219,4346889745753735680
-1218,15210128802028097536
-1217,21706234749783908352
-1216,19539650852547497984
-1215,0
-1214,0
-1213,0
-1212,20272925714262347776
-1211,57916019974447046656
-1210,52115577837425033216
-1209,43423972149798313984
-1208,39094450102414426112
-1207,19544700317230342144
-1206,8686533474325297152
-1205,28231958390500012032
-1204,44156545161155174400
-1203,30402867160138539008
-1202,12308820828037249024
-1201,0
-1200,0
-1199,0
-1198,18818297795523563520
-1197,26059600409008844800
-1196,13753678001013477376
-1195,0
-1194,0
-1193,0
-1192,34011387082578440192
-1191,60810081931062460416
-1190,39099499570108760064
-1189,26783478212504576000
-1188,15201433576482979840
-1187,12305922421962414080
-1186,19546149518401327104
-1185,34746133897301188608
-1184,34743235491355181056
-1183,13026177203154448384
-1182,0
-1181,0
-1180,0
-1179,0
-1178,2172357967298870528
-1177,0
-1176,0
-1175,0
-1174,0
-1173,0
-1172,29684038838275289088
-1171,57188870104597086208
-1170,36917767262132895744
-1169,9411135862508744704
-1168,15923862168554108928
-1167,16642667748928831488
-1166,25335722633447206912
-1165,35480880711444230144
-1164,53558261203885768704
-1163,55733540325990678528
-1162,2174158100472808960
-1161,0
-1160,0
-1159,0
-1158,0
-1157,0
-1156,0
-1155,0
-1154,0
-1153,0
-1152,26059600415223537664
-1151,60081131932254527488
-1150,43428319768982355968
-1149,2897684961377319424
-1148,0
-1147,0
-1146,0
-1145,23903115456805703680
-1144,44156545161155174400
-1143,38365522848878551040
-1142,6514900105745550336
-1141,0
-1140,0
-1139,0
-1138,0
-1137,0
-1136,0
-1135,0
-1134,0
-1133,0
-1132,31125295748911411200
-1131,30402867160138539008
-1130,29681887776108625920
-1129,26783478212504576000
-1128,7962655684796611584
-1127,0
-1126,0
-1125,16649189159121909760
-1124,34745409299000389632
-1123,17371617747994400768
-1122,0
-1121,0
-1120,0
-1119,0
-1118,0
-1117,0
-1116,0
-1115,0
-1114,0
-1113,0
-1112,12305922421962401792
-1111,20992455896287711232
-1110,34026603717882314752
-1109,20997505363469246464
-1108,5064619795211689984
-1107,13753678013699143680
-1106,17373066948650594304
-1105,31850622739192754176
-1104,57908049359253725184
-1103,26789275023109406720
-1102,0
-1101,0
-1100,4338217270045181952
-1099,0
-1098,0
-1097,0
-1096,4341817536699600384
-1095,0
-1094,0
-1093,0
-1092,41984911792572268544
-1091,54290834214531530752
-1090,31124220218347642880
-1089,9410411272567369728
-1088,8687982670347673600
-1087,2894061957741914112
-1086,0
-1085,18096944738179278848
-1084,49936698454784925696
-1083,34746133897301188608
-1082,0
-1081,0
-1080,0
-1079,0
-1078,0
-1077,0
-1076,10134289053379512320
-1075,0
-1074,0
-1073,0
-1072,13032324942676236288
-1071,35470011682313007104
-1070,28955111581084323840
-1069,20264230506045632512
-1068,25333548830821904384
-1067,23169886074893082624
-1066,7962655684796611584
-1065,15201433580070846464
-1064,28231233791555637248
-1063,14475031059449964544
-1062,0
-1061,0
-1060,0
-1059,0
-1058,0
-1057,0
-1056,3615041337945626624
-1055,0
-1054,0
-1053,0
-1052,20269302704480604160
-1051,46328178529734918144
-1050,23885793251931631616
-1049,726776194380725888
-1048,13037046225967116288
-1047,20259882887505166336
-1046,28945012647745888256
-1045,17375591679614654464
-1044,19544700317230342144
-1043,15200708982445770752
-1042,0
-1041,0
-1040,0
-1039,0
-1038,2167285759017184000
-1037,6509850639140613120
-1036,0
-1035,0
-1034,0
-1033,0
-1032,35470011686829875200
-1031,37638746650686406656
-1030,22440211475338772480
-1029,11577697022935504896
-1028,9415460730394826752
-1027,13029800211487944704
-1026,28955111581084323840
-1025,43434116566619136000
-1024,55738589793588903936
-1023,32572326726450098176
-1022,0
-1021,0
-1020,0
-1019,10863216309350033408
-1018,18823347258476539904
-1017,3619388942668614144
-1016,0
-1015,0
-1014,0
-1013,7965554089391105024
-1012,35462765672930226176
-1011,50662750048222920704
-1010,37646694521790537728
-1009,16656763351149148160
-1008,20992455896287711232
-1007,7961931087429001216
-1006,6514900105745550336
-1005,41258860200936284160
-1004,44153646756657086464
-1003,17373066948650594304
-1002,0
-1001,0
-1000,0
-999,0
-998,0
-997,0
-996,0
-995,0
-994,0
-993,10138636662580064256
-992,40542205679746695168
-991,48499811898314661888
-990,18820822527704809472
-989,5791022316216864768
-988,23883619455637602304
-987,13031974013461626880
-986,16652087563467081728
-985,51395323056423100416
-984,58634100951697334272
-983,28955111581084323840
-982,0
-981,0
-980,0
-979,0
-978,0
-977,0
-976,0
-975,0
-974,0
-973,1447755579054216192
-972,23887967059689844736
-971,31851347336262713344
-970,26058151223534514176
-969,20268578106759024640
-968,9407512859637590016
-967,19544700317230342144
-966,41278424438948364288
-965,49233788619884167168
-964,47044482128317530112
-963,17373066954024382464
-962,0
-961,0
-960,7234430291774117888
-959,0
-958,0
-957,8686533474325297152
-956,4348316203119088128
-955,0
-954,0
-953,15201433580070846464
-952,55014712004060217344
-951,53564782623321882624
-950,31856419547335921664
-949,23164089264867459072
-948,30394171942477332480
-947,21711284219921096704
-946,23887967054396145664
-945,44880422956198649856
-944,37640195861720178688
-943,16650638358354122752
-942,0
-941,0
-940,0
-939,2899858766874685952
-938,0
-937,9410411263853981696
-936,13753678001013477376
-935,0
-934,0
-933,10860340644444368896
-932,61538307321586286592
-931,59357978741222866944
-930,21703290859755843584
-929,10863216308637263872
-928,17375591678677645312
-927,0
-926,723877789528685184
-925,32574500528721440768
-924,22438037673863815168
-923,0
-922,0
-921,0
-920,0
-919,14477555790542161920
-918,22440211469612605440
-917,6514175509110004736
-916,0
-915,0
-914,0
-913,25335722633447206912
-912,58634100951697334272
-911,43432667371626487808
-910,16649189159121909760
-909,14477555784735907840
-908,20992455896287711232
-907,24613294042864275456
-906,36193889476355403776
-905,41987810196289880064
-904,31854245745297883136
-903,2886815941123177472
-902,0
-901,0
-900,5067144526688179200
-899,10857442246414307328
-898,6513450906899448832
-897,0
-896,0
-895,0
-894,0
-893,5796071781660774400
-892,44156545161155174400
-891,39089400634463838208
-890,18098393930999894016
-889,8686533474325297152
-888,10855993041719744512
-887,19550497124375973888
-886,18089698726290808832
-885,38356827628274819072
-884,39099499565223272448
-883,0
-882,0
-881,0
-880,0
-879,11582044632433729536
-878,34025154511264935936
-877,29675366364733132800
-876,0
-875,0
-874,0
-873,20268578118948159488
-872,53567681021271498752
-871,37637297459450642432
-870,16649189159121909760
-869,14471758983718199296
-868,12298676410363394048
-867,13758025609216503808
-866,34751183362520854528
-865,52121725575498260480
-864,41984911798730907648
-863,6515624701946678272
-862,0
-861,0
-860,0
-859,5791022316216864768
-858,1443407970947647488
-857,5062095061532603392
-856,0
-855,0
-854,0
-853,23887967054396145664
-852,57912396963064340480
-851,49947567477372035072
-850,15190564563058716672
-849,13029800211487944704
-848,25345821563630264320
-847,28228709062153326592
-846,26059600429278683136
-845,35469287090773528576
-844,31852071937620533248
-843,0
-842,0
-841,0
-840,5791022316216864768
-839,0
-838,2524729322292121
-837,7238777895271080960
-836,0
-835,0
-834,0
-833,21707638476398047232
-832,43432667371626487808
-831,29692032194353225728
-830,23893016519327481856
-829,28226184333039325184
-828,17373066961544484864
-827,28231233791555637248
-826,39813278423989370880
-825,39813278423989370880
-824,39086502231389798400
-823,8686533474325297152
-822,0
-821,0
-820,0
-819,723877796039699456
-818,10133564457532352512
-817,8685084276106715136
-816,0
-815,0
-814,0
-813,18101292345931784192
-812,50676494731700764672
-811,37644169784507670528
-810,12305922408780214272
-809,11581320036667013120
-808,1449198138135753
-807,0
-806,11584943035363035136
-805,41981288787271630848
-804,35465664079141703680
-803,0
-802,0
-801,0
-800,0
-799,0
-798,5788848515755530240
-797,2892612755259638784
-796,1447755579054216192
-795,0
-794,0
-793,28957636310054178816
-792,53566956418270740480
-791,45603576144584302592
-790,46328178529734918144
-789,29681163170993885184
-788,17373066948650594304
-787,28955111581084323840
-786,35470011686829875200
-785,41255984538467762176
-784,26786002941394333696
-783,0
-782,0
-781,0
-780,0
-779,0
-778,9406788258762405888
-777,8690881081788309504
-776,0
-775,0
-774,0
-773,19544700317230342144
-772,56462467583114428416
-771,43432667371626487808
-770,29684786175860195328
-769,26055977417964843008
-768,6506204890948435968
-767,2895511158108432384
-766,24614369572667334656
-765,37641645062353100800
-764,20992455896287711232
-763,0
-762,0
-761,0
-760,0
-759,4347607318206849
-758,6514900105745550336
-757,723877789528685184
-756,0
-755,0
-754,0
-753,23164089264867459072
-752,34749032299779989504
-751,33302001323113283584
-750,25331375026193375232
-749,20263528642452455424
-748,0
-747,0
-746,34022980703040450560
-745,55014712004060217344
-744,32572326728694571008
-743,0
-742,0
-741,0
-740,0
-739,19547225045751771136
-738,25335722654902321152
-737,13752953405825964032
-736,0
-735,0
-734,0
-733,40544402222960918528
-732,54299529428749615104
-731,40527057285193023488
-730,34019731379315150848
-729,13029800204256155648
-728,4341817546948548096
-727,13032698606477060096
-726,22444559075103006720
-725,39089400634463838208
-724,28951488576427241472
-723,0
-722,0
-721,0
-720,9410411271165859840
-719,2171633368579747328
-718,0
-717,0
-716,0
-715,0
-714,0
-713,36209037868410167296
-712,50671445266897567744
-711,26059600422975889408
-710,21716333685813243904
-709,25338621028178894848
-708,15925311369596377088
-707,19536005110855864320
-706,34022256107772502016
-705,34754829111068758016
-704,16644139695183644672
-703,0
-702,0
-701,0
-700,0
-699,18094770938522415104
-698,22437313073278373888
-697,2168010364131842560
-696,0
-695,0
-694,0
-693,21716333693317328896
-692,49946842882538487808
-691,36189541884740464640
-690,9410411263853981696
-689,2898401980030066
-688,7235154890903623680
-687,15201433580070846464
-686,34027305571582541824
-685,43430142643521511424
-684,25335722641047392256
-683,0
-682,0
-681,0
-680,0
-679,0
-678,0
-677,0
-676,0
-675,0
-674,0
-673,23166987659019923456
-672,34748307696748892160
-671,36914868864045719552
-670,22436588471116042240
-669,14477555790542161920
-668,5072193990338156544
-667,18096944738179278848
-666,55738589778132246528
-665,49223689687843348480
-664,10859616039900864512
-663,0
-662,0
-661,0
-660,15912268550006919168
-659,21721383149399130112
-658,9410411263853981696
-657,0
-656,0
-655,0
-654,5064970727369250816
-653,53569854826712432640
-652,59368847753456443392
-651,39813278423989370880
-650,36193889476355403776
-649,26054550967342559232
-648,9410411279598944256
-647,17373791543114070016
-646,32575949725572448256
-645,36193889476355403776
-644,15934006574474362880
-643,0
-642,0
-641,0
-640,0
-639,5791022316216864768
-638,0
-637,0
-636,0
-635,0
-634,11582044632433729536
-633,41265381609367388160
-632,47780983572166688768
-631,32574500528721440768
-630,24611844843921674240
-629,19544700317230342144
-628,0
-627,0
-626,34019357706291290112
-625,39809655420120645632
-624,17368719342402379776
-623,0
-622,0
-621,0
-620,0
-619,0
-618,6514900105745550336
-617,3613592144835494912
-616,0
-615,0
-614,0
-613,39091925361992155136
-612,36193889468194615296
-611,23164089264867459072
-610,16647739962552481792
-609,11582044632433729536
-608,7241676296607489024
-607,14470309783094384640
-606,21720681291916632064
-605,20278677033081794560
-604,0
-603,0
-602,0
-601,0
-600,0
-599,18102741540707293184
-598,15201433580070846464
-597,2171633368579747328
-596,0
-595,0
-594,7962655676491665408
-593,35471460874920185856
-592,26058151226559291392
-591,18820822527704809472
-590,19550497119613636608
-589,24611844843921674240
-588,3615041341678513664
-587,0
-586,39089400634463838208
-585,53566956416620969984
-584,9409686669889261568
-583,0
-582,0
-581,0
-580,0
-579,4343266737162648576
-578,0
-577,7965180412052622336
-576,0
-575,0
-574,11583493828713555968
-573,36191715677688074240
-572,38365522844938305536
-571,18100567741613590528
-570,2891163552286588416
-569,8686533474325297152
-568,5793547043392817152
-567,20268578089716666368
-566,36918491859708887040
-565,42707340385890369536
-564,22435863878165004288
-563,0
-562,0
-561,0
-560,12300872959161464832
-559,1445230851942372096
-558,0
-557,0
-556,0
-555,0
-554,0
-553,43432667371626487808
-552,39813278423989370880
-551,23164089264867459072
-550,16646664432090150912
-549,20268578115424362496
-548,23164089264867459072
-547,26782029016441958400
-546,39093748231364100096
-545,41261034003046735872
-544,15918065363162152960
-543,0
-542,0
-541,0
-540,0
-539,0
-538,18098393934169505792
-537,13027626413102202880
-536,0
-535,0
-534,3623736553169332736
-533,42713839044690526208
-532,47773409381901508608
-531,26059600431777374208
-530,8685808880786954240
-529,5789573120291006464
-528,13755851799318806528
-527,23896662256474656768
-526,43432667371626487808
-525,43428319766166659072
-524,9415460726366601216
-523,0
-522,0
-521,0
-520,0
-519,3615041351155221504
-518,0
-517,0
-516,0
-515,0
-514,1450280305797691392
-513,26059600414030254080
-512,34746858490694725632
-511,28231233791555637248
-510,13025452615166904320
-509,1447755579054216192
-508,11578421629506217984
-507,33294030712931962880
-506,49957666402125086720
-505,48502336624994050048
-504,10134289044353789952
-503,0
-502,0
-501,0
-500,0
-499,0
-498,0
-497,0
-496,0
-495,0
-494,5791746909473634304
-493,51395323056423100416
-492,62251316101315559424
-491,23885068653992939520
-490,0
-489,10858166842905044992
-488,9405361801629540352
-487,11584569358968963072
-486,32574500510397702144
-485,41984187199387893760
-484,5789573120661062656
-483,0
-482,0
-481,0
-480,0
-479,8696632398645794816
-478,3616864221181942272
-477,0
-476,0
-475,0
-474,3623736543378978816
-473,44877524550422249472
-472,39809655421343391744
-471,7967003289822030848
-470,5049462088238285
-469,0
-468,5791022325522890752
-467,3620113540668641280
-466,12304473226543355904
-465,33300552116053495808
-464,2174531768765776384
-463,0
-462,0
-461,0
-460,0
-459,0
-458,0
-457,0
-456,0
-455,0
-454,10858166842905044992
-453,39089400634463838208
-452,46323129067790835712
-451,38362998118691381248
-450,22440211475338772480
-449,15926035962491142144
-448,0
-447,0
-446,20268578106759024640
-445,20985209891414220800
-444,0
-443,0
-442,0
-441,0
-440,0
-439,0
-438,1449929376635537408
-437,0
-436,0
-435,0
-434,5801121239797660672
-433,35462437508521578496
-432,31850622720020099072
-431,16650638344621834240
-430,18098393933308704768
-429,15203607377587787776
-428,3619388947637117440
-427,20992455896284573696
-426,45608648344869691392
-425,34022256107772502016
-424,5785972864139478016
-423,0
-422,0
-421,0
-420,0
-419,1450653978878253312
-418,7959032682585094144
-417,0
-416,0
-415,0
-414,31126744949664071680
-413,58633376359092174848
-412,49947567477372035072
-411,26783478212504576000
-410,15922412969836699648
-409,23887967054396145664
-408,18820822527704809472
-407,28955111581084323840
-406,51395323056423100416
-405,32574500528721440768
-404,0
-403,0
-402,0
-401,4346165136841880576
-400,11574798628284198912
-399,8686533474325297152
-398,0
-397,0
-396,0
-395,0
-394,26783478212504576000
-393,58634100951697334272
-392,48499811898314661888
-391,24615467845923991552
-390,15201433580070846464
-389,25340772094894751744
-388,39815803149739786240
-387,47775934118735855616
-386,54290834214531530752
-385,37643094250185105408
-384,0
-383,0
-382,0
-381,0
-380,0
-379,2895511158108432384
-378,3619388947637117440
-377,10857442250581463040
-376,0
-375,0
-374,15201433580070846464
-373,43432667371626487808
-372,26059600422975889408
-371,13029800211487944704
-370,21713808960207020032
-369,18820822517605928960
-368,20992455896287711232
-367,43434116566257147904
-366,52843078635480465408
-365,33298378318246973440
-364,0
-363,0
-362,0
-361,0
-360,3619388947637117440
-359,724602381707470208
-358,0
-357,0
-356,0
-355,0
-354,29678989370613010432
-353,31850622739192754176
-352,26786002937966673920
-351,13029800201260926976
-350,0
-349,0
-348,7240951692144444416
-347,26783478212504576000
-346,38361899843297943552
-345,11582044632433729536
-344,0
-343,0
-342,0
-341,0
-340,0
-339,22435863881736855552
-338,19541801918049882112
-337,0
-336,0
-335,0
-334,28231233791555637248
-333,61529612089047400448
-332,47051331727302025216
-331,10859616037246111744
-330,6514900105745550336
-329,19544700317230342144
-328,16656435162113019904
-327,36917767265880932352
-326,55728490871703003136
-325,41258509277800865792
-324,4343266758065166848
-323,0
-322,0
-321,0
-320,0
-319,7962655684796611584
-318,17377414552461262848
-317,0
-316,0
-315,0
-314,20269302698567766016
-313,49944669088979542016
-312,50673619063481319424
-311,26783478212504576000
-310,11585667633792483328
-309,2175980972310017024
-308,4343266737162648576
-307,20992455896287711232
-306,39089400623868428288
-305,31126020357919707136
-304,0
-303,0
-302,0
-301,0
-300,2899858761774296064
-299,13034849672222648320
-298,2174158093609359104
-297,0
-296,0
-295,0
-294,19546874113669300224
-293,48508507094794076160
-292,46328178529734918144
-291,28950763977490862080
-290,24606795383267004416
-289,26059600422975889408
-288,18820822527704809472
-287,32575949711920570368
-286,44878973756701655040
-285,31118049764197863424
-284,1450653977800263168
-283,0
-282,0
-281,723877789528685184
-280,723877789528685184
-279,8686533452718019584
-278,12306647013489577984
-277,2898387813302486
-276,0
-275,0
-274,32578123529782562816
-273,48499811898314661888
-272,43422568450589409280
-271,34746133897301188608
-270,17373066970418044928
-269,13753678001013477376
-268,26061049616818171904
-267,45602126943976464384
-266,39077807040058843136
-265,10861789843893782528
-264,0
-263,0
-262,0
-261,0
-260,723153198138285824
-259,0
-258,0
-257,0
-256,0
-255,0
-254,33293328857880559616
-253,37644169780086857728
-252,32574500539741315072
-251,32573051346085433344
-250,13032698598882924544
-249,23166263060952428544
-248,28955111581084323840
-247,28231233791555637248
-246,31122397346432593920
-245,13024750751185709056
-244,0
-243,0
-242,0
-241,0
-240,0
-239,2174531766971839744
-238,1440509577495079424
-237,0
-236,0
-235,0
-234,37641645033081569280
-233,62977367688856829952
-232,49947567477372035072
-231,25331375041566900224
-230,14474657392222502912
-229,23891590055103299584
-228,31846275136106061824
-227,47041957398947397632
-226,58634100951697334272
-225,17373066948650594304
-224,0
-223,0
-222,0
-221,2168734970332504064
-220,4343266737162648576
-219,4347603014242647
-218,0
-217,0
-216,0
-215,0
-214,39089400634463838208
-213,46328178529734918144
-212,35472910085004713984
-211,30406490160700891136
-210,13029800211487944704
-209,7957606224782686208
-208,17373066948650594304
-207,42708789582097801216
-206,55014712004060217344
-205,22440211475338772480
-204,0
-203,0
-202,0
-201,18105639943918116864
-200,2900560618050358272
-199,0
-198,0
-197,0
-196,0
-195,0
-194,44156545161155174400
-193,55011089003650654208
-192,17377414551447678976
-191,18112093117788614656
-190,39091925358644527104
-189,30402867148614123520
-188,7237328713648721920
-187,4347579572014981
-186,33300552113833156608
-185,42700094388224794624
-184,0
-183,0
-182,0
-181,5791022316216864768
-180,13029800211487944704
-179,11581320041694943232
-178,0
-177,0
-176,0
-175,0
-174,57905875559508377600
-173,73116706201965109248
-172,36915242541844406272
-171,2895511169768994304
-170,10858891433571420160
-169,21716333685813243904
-168,30402867160138539008
-167,40540054611330924544
-166,23877098053770952704
-165,0
-164,0
-163,0
-162,0
-161,0
-160,0
-159,0
-158,7238777895271080960
-157,0
-156,0
-155,0
-154,44154020437262786560
-153,57910223138559213568
-152,36917042675359358976
-151,2170184175670658304
-150,0
-149,9410411263853981696
-148,31850622739192754176
-147,56458119980671377408
-146,44880422950680698880
-145,0
-144,0
-143,0
-142,2173082561408411648
-141,18822996322920964096
-140,0
-139,17373066948650594304
-138,34022256107772502016
-137,0
-136,0
-135,10858166854853916672
-134,49947567477372035072
-133,31125295756899790848
-132,18099118533323030528
-131,38359726049883766784
-130,36193889476355403776
-129,13758025603311740928
-128,16654238618487214080
-127,47780983556141457408
-126,57910223162168647680
-125,35469287096525496320
-124,0
-123,0
-122,0
-121,0
-120,0
-119,733976708127869056
-118,0
-117,0
-116,0
-115,10861065228135981056
-114,68042338420545175552
-113,73832636134374539264
-112,28234856791329628160
-111,0
-110,17368017489425467392
-109,38368047568470302720
-108,40537156213518049280
-107,27508805182357286912
-106,18096944738179278848
-105,16644841569260750848
-104,0
-103,0
-102,0
-101,0
-100,4343266737162648576
-99,23887967017684594688
-98,24611844843921674240
-97,0
-96,0
-95,10863963637396457472
-94,49220066688214171648
-93,52119200845951778816
-92,36198938935440330752
-91,28231233791555637248
-90,11582044644742989824
-89,13754402591036284928
-88,43435565756431032320
-87,70940023373656596480
-86,58631202554528055296
-85,7962655684796611584
-84,0
-83,0
-82,0
-81,11582044644815067136
-80,13754402590955841536
-79,0
-78,0
-77,0
-76,0
-75,17381762152386320384
-74,52843078635480465408
-73,57181295926152552448
-72,39089400646917251072
-71,12306647011836395520
-70,23162640072605962240
-69,36917767265880932352
-68,32574500528721440768
-67,34015010108956581888
-66,37637297453614153728
-65,15201433580070846464
-64,0
-63,0
-62,0
-61,15201433580070846464
-60,13755851795582054400
-59,0
-58,0
-57,0
-56,0
-55,22445260921537896448
-54,44156545148561604608
-53,30402867160138539008
-52,26783478212504576000
-51,20990282101787525120
-50,18820822527704809472
-49,33305624316781338624
-48,42708789582097801216
-47,39823377341438599168
-46,48502336621342154752
-45,25335722633447206912
-44,0
-43,0
-42,0
-41,0
-40,723877789528685184
-39,8686533474325297152
-38,0
-37,0
-36,0
-35,1448480168638584576
-34,38366972036910186496
-33,55734242204878110720
-32,37644543452148498432
-31,10861789842027411456
-30,15916616166576631808
-29,36193889476355403776
-28,38368047567821619200
-27,37641645055409618944
-26,35470011686829875200
-25,0
-24,0
-23,0
-22,0
-21,12314617624845383680
-20,5072193985200537600
-19,0
-18,0
-17,0
-16,0
-15,9408237469639383040
-14,32574500528721440768
-13,28955111581084323840
-12,21716333685813243904
-11,18101994196619536384
-10,39094450079958163456
-9,23887967054396145664
-8,28229784612813262848
-7,62978816880615530496
-6,49947567477372035072
-5,16654985952173287424
-4,0
-3,9410411263853981696
-2,64435222184650555392
-1,112198532654025097216
0,162872502643600883712
0,214992428078855487488
1,253360124717860388864
2,313443430453378940928
3,406816419317781495808
4,522639764038572048384
5,627615086323677134848
6,728955032970402725888
7,787581559728099819520
8,788302912781928235008
9,829562497619616333824
10,870823531609501859840
11,824498976065382252544
12,824496802271380897792
13,862869571113852731392
14,842593747009556971520
15,832464507414405447680
16,890369681118346084352
17,923668059489273905152
18,911362861603791831040
19,958414193333894250496
20,963481337860585553920
21,976511138072070455296
22,1012708650547120963584
23,1019224275255246848000
24,1098132705628939616256
25,1190052561260113297408
26,1174853652402501189632
27,1211771419668385366016
28,1333384337500408643584
29,1399983992533138538496
30,1470919668319089852416
31,1565758527743010275328
32,1641767869450508828672
33,1693160248620078333952
34,1677943666679069278208
35,1659851771345735778304
36,1787255711520464306176
37,1924793940735386714112
38,1993563779945230499840
39,2021066788359692091392
40,2008768111934838407168
41,2056541147647452643328
42,2212894402584377294848
43,2427891155518562500608
44,2582072075216440786944
45,2595825753244222095360
46,2566870641663138070528
47,2668222227371779948544
48,2883937808664285413376
49,3017853750535488274432
50,3046801616119612309504
51,3127865829630771986432
52,3310300705674217127936
53,3401501733001359261696
54,3417429218124109447168
55,3542657901945698648064
56,3645442026677641674752
57,3752579562512540237824
58,4062427515815013122048
59,4325911060617196732416
60,4351933072805543804928
61,4235401372356637097984
62,4087013999710670159872
63,4051545437160863694848
64,4143472119679653773312
65,4105830474610660343808
66,4005942585639004274688
67,4087755992451305177088
68,4165916678728544944128
69,4181841990098141315072
70,4198493703979363467264
71,4255677524670702682112
72,4328066028171347623936
73,4393214304640058261504
74,4299827548410591313920
75,4115230741482258825216
76,4066745421563331346432
77,4194893528312854872064
78,4352687247341987561472
79,4440266360959322292224
80,4490213928464034037760
81,4514101895491087237120
82,4501074993661677666304
83,4393218652226904391680
84,4343260940371078152192
85,4351214900854731046912
86,4391042671271478820864
87,4472835812030386536448
88,4471398155352897748992
89,4353401026257285545984
90,4361362232723699662848
91,4505422607971593486336
92,4699429826163477315584
93,4983183398291855376384
94,5096085146278418186240
95,4982442130114120515584
96,4823182563246427078656
97,4472096785923428057088
98,3999424787247798943744
99,3717110275456198770688
100,3574504177112209424384
101,3491264752682550689792
102,3519496711076491821056
103,3604915014843078017024
104,3691776726588286042112
105,3796035326110234836992
106,3832214067200173015040
107,3795291250476782190592
108,3791668963189255569408
109,3690318826673478303744
110,3589714305851372601344
111,3702652283804745465856
112,3812660694441338601472
113,3760532073792280723456
114,3736662198996406108160
115,3852482645306788282368
116,3964678653170245173248
117,4023310580426601398272
118,3862607537344436240384
119,3515144024564248870912
120,3283506754899458129920
121,3268315465710717894656
122,3270475505483206098944
123,3274094192573763551232
124,3338534464185724567552
125,3367479476894157504512
126,3413806206233276841984
127,3482580392986989297664
128,3580297373208043585536
129,3616481842895672836096
130,3612884916523320213504
131,3652709063954892587008
132,3669321366741052817408
133,3541926449991369883648
134,3360240698998953869312
135,3328390076245661974528
136,3349383981332556152832
137,3409466562465696317440
138,3443477949594354057216
139,3365307843511546019840
140,3330566057214391353344
141,3203867948075330306048
142,2953413807106027421696
143,2828190523696592977920
144,2754354264562508234752
145,2678342024488168718336
146,2643603861145930694656
147,2719611753648661987328
148,2736981922202009993216
149,2684867068956130148352
150,2765208106536412381184
151,2829640803982937423872
152,2813712967948843876352
153,2766659462396459876352
154,2653738874787317940224
155,2566870641663138070528
156,2638537441221555519488
157,2656627864566885253120
158,2547321593745905287168
159,2491587351552318767104
160,2485074976167959199744
161,2469871017909439430656
162,2521990943300464934912
163,2503166497803970543616
164,2464073474171949547520
165,2519103402739835076608
166,2487964339607141089280
167,2460447563802864517120
168,2344630061364292878336
169,2131817565436027600896
170,2120238045496140627968
171,2236061390200985616384
172,2242570493574348275712
173,2086933145828551294976
174,1971125017672494612480
175,1959533553252416356352
176,2050026247540636123136
177,2249817219307199791104
178,2270068124350812782592
179,2207103380268160385024
180,2246198577605562073088
181,2253431558797895401472
182,2128185484661270511616
183,2007310211963661058048
184,1959544422244694360064
185,1927686553510696714240
186,2000094530290874056704
187,2063778102662962348032
188,2084768033838080720896
189,2105762663497748709376
190,2126755844011008983040
191,2199136376998240976896
192,2190448394319151759360
193,2113002890626964914176
194,2005856659580203565056
195,1888576955049054830592
196,1861087272153097961472
197,1899455319719138033664
198,1846612241083657355264
199,1768424744674096578560
200,1790875825082560675840
201,1774945441525602713600
202,1722090769295970926592
203,1688832968564587888640
204,1740217354393347424256
205,1710513117768451883008
206,1652612993446389219328
207,1672881571597151633408
208,1587463992432956014592
209,1529555943063203872768
210,1567922190510522630144
211,1566464290542297022464
212,1582396847906264711168
213,1675068353335697604608
214,1746712056687005270016
215,1710523216696780783616
216,1542585743245003718656
217,1347132218740074086400
218,1215379939654288277504
219,1162553526769997316096
220,1163991862562482946048
221,1178464346151141769216
222,1141555274084254220288
223,1189333732913926373376
224,1282711443012414865408
225,1260995109356228575232
226,1234210181953838907392
227,1197285168708755914752
228,1080025661974448439296
229,1025021818961504632832
230,1072063006289651826688
231,1116219551450803863552
232,1114047918082224029696
233,1053242183776831012864
234,1027905736541062168576
235,998228920947702628352
236,1066274157765633245184
237,1132868740609928855552
238,1099577608285622632448
239,1106817835385660768256
240,1069162445675102076928
241,1053237134320464953344
242,1053242183732038860800
243,993158153469115367424
244,1046731631225441091584
245,1082201642927289401344
246,1038750135998842273792
247,985197671546395688960
248,904136401917204103168
249,846926914833987534848
250,876613478396663693312
251,963481337830537297920
252,983026038177815986176
253,945387291501756678144
254,930182959542335438848
255,955512885386901716992
256,952626794014502944768
257,970733158553480724480
258,961294556123120795648
259,915692780148809138176
260,880959269854492098560
261,865035407659329388544
262,845480563030049161216
263,809295368691310002176
264,849847016876673466368
265,932350969914165166080
266,905562419500143738880
267,835344870201842073600
268,842591222289028218880
269,823049046646818471936
270,841872767568618848256
271,912091811562280583168
272,928730856379456815104
273,909178910068861829120
274,823783793471906643968
275,807132430520858836992
276,896864383399476330496
277,876618527837789356032
278,795541690766498594816
279,789025341410405253120
280,776720868162588508160
281,744865897839704932352
282,734020773763165454336
283,775280358576762257408
284,799165427236922327040
285,823793122306182217728
286,849837574345597255680
287,802056590780726378496
288,745590500277914304512
289,752827104350653513728
290,759343453630399905792
291,726049422895690940416
292,739097338089878978560
293,702885333630826708992
294,647131595469208813568
295,631942785536854327296
296,662348177401920880640
297,702163629602098905088
298,721713402105093947392
299,694918330362625654784
300,690582309602948415488
301,676829356204318392320
302,660180891647573622784
303,713034771052015779840
304,733288200790962077696
305,750661267785982541824
306,728219607090551455744
307,697819638293376008192
308,678995192784802283520
309,614563548126481219584
310,610232599567748956160
311,619652430631540621312
312,575477793218186969088
313,557383373215704875008
314,561005286899039076352
315,540733810429592862720
316,523369438584786911232
317,566087647951089238016
318,560999490095631761408
319,557371405950581997568
320,579106579220395917312
321,570420747603154632704
322,561731689393132208128
323,593579787459022159872
324,632670637220128489472
325,606609587623719731200
326,585614957935948595200
327,580549987200740687872
328,563889929052870737920
329,553038283600079749120
330,540746807688190885888
331,583440448918795780096
332,595027542959948169216
333,527708357738551443456
334,464728091687375929344
335,471963971188852457472
336,471247339375943483392
337,448080351717278351360
338,473411726752167165952
339,462562956963473784832
340,436500831804800761856
341,465453418650187923456
342,473413900591013756928
343,464730990065358536704
344,508888259828894072832
345,535666665856340983808
346,495139654028756320256
347,455306086817073201152
348,443008157735008927744
349,424199958822537592832
350,432878918105584566272
351,434329572062261805056
352,414059544798388551680
353,377853337176819367936
354,348903297764766646272
355,338774805498686603264
356,343118072235849220096
357,348919193463084351488
358,328640516445307076608
359,306200304969965174784
360,306199580383538380800
361,317065717756924919808
362,321408259923629506560
363,348182318368959234048
364,374237571193586843648
365,353239318494183817216
366,310543571707130937344
367,277966546458669547520
368,254804981881627639808
369,260596728816113352704
370,309100163694299381760
371,330814323605015363584
372,283754296707608543232
373,219327724234927374336
374,196175228560120610816
375,223678236963877978112
376,259872126440230223872
377,272901926651721318400
378,256252737492596260864
379,236706587986693226496
380,221504429804242075648
381,237437711751764508672
382,274353305226592419840
383,275069212422097534976
384,297523870406225690624
385,301854513513209856000
386,256252737508693639168
387,235986333144478154752
388,220782725805769555968
389,194712256427890540544
390,206305170015227379712
391,230927883846388809728
392,233821221213516562432
393,224402114753403518976
394,165762964362653925376
395,125954735377716805632
396,152014335800692703232
397,173006791696977264640
398,180247743383159701504
399,181702020351177752576
400,176626180644614373376
401,139695370584557256704
402,105686157270957785088
403,142596350378475028480
404,162148624837830737920
405,123061397977814892544
406,137535330821698224128
407,162146451063236395008
408,148397845246278041600
409,154909846958801125376
410,160713912068976967680
411,183136031295279267840
412,187474248609985265664
413,148394946869372321792
414,127403215542767468544
415,127403940145150951424
416,126680786958005764096
417,136815800613771919360
418,141872800756244332544
419,111477179587174645760
420,86870384198261555200
421,97731075744092405760
422,131745757693933666304
423,175176975893704048640
424,223678236963877978112
425,234538577597478043648
426,193275369803736285184
427,170835158328397496320
428,173726321888660389888
429,152009286345756213248
430,149845227151349186560
431,162148624886987685888
432,125954735377716805632
433,55738589793588903936
434,44154371370532536320
435,72387778952710807552
436,86861711747863347200
437,118715957482445733888
438,120897689760754384896
439,86143981672891613184
440,55738589777059086336
441,42708064996314554368
442,81080109179703066624
443,153468612751397584896
444,170832259935463768064
445,131003764927822069760
446,110046814398923259904
447,104967328936224604160
448,94817891551668617216
449,75283290094221361152
450,83243047452772466688
451,99172706353305698304
452,76735393270829121536
453,65151899450301063168
454,72391401947955625984
455,91932479269941149696
456,112190958467259613184
457,106415084498529648640
458,112201057443396026368
459,91207152309138735104
460,63702694666407460864
461,50675792847708422144
462,65149001057439727616
463,122328100439738007552
464,141893089539992961024
465,143332851781015601152
466,131738183537068425216
467,110029423991374397440
468,102067492908889849856
469,73108758366340407296
470,69487920213936324608
471,91211499873136148480
472,83245945795615850496
473,56453772388139384832
474,29668890461452763136
475,27509880720913100800
476,36917767333137391616
477,64425123267914194944
478,104234054128272179200
479,135367320431828271104
480,104241300084551712768
481,61525989114774126592
482,91928131672526045184
483,133198562727491977216
484,112203582095511093248
485,89036968196263673856
486,59358703326644101120
487,28958009956701827072
488,37639471265221386240
489,60081856530748391424
490,104965902476387467264
491,125230857588191281152
492,94827990428049588224
493,42708789582097801216
494,31850622773109293056
495,31849898153843916800
496,1447755579054216192
497,0
498,21716333685813243904
499,49958436462032502784
500,57914570759438974976
501,49223689687843348480
502,27509880720700887040
503,41261034088178450432
504,78177352098374811648
505,61531061297469710336
506,36917767265880932352
507,36917767265880932352
508,42712412576916209664
509,68772737602271608832
510,60081856530748391424
511,41258509284448059392
512,57910223196381503488
513,51394598471219060736
514,24614743219104759808
515,29676815580633968640
516,59357978741222866944
517,59376093714913034240
518,34741786300175622144
519,26773379304057155584
520,20989931177761079296
521,2895511226790423040
522,20268578106759024640
523,54293732589569818624
524,94827990428049588224
525,76728147297587347456
526,49223689687843348480
527,86132761759618088960
528,70221195038274781184
529,39099499508282040320
530,31126745001391796224
531,37639471300228767744
532,26061049610422632448
533,7240951685105330176
534,0
535,8686533474325297152
536,48491116704353271808
537,60795635412117987328
538,23171663420014874624
539,1447755596368869120
540,7238777895271080960
541,0
542,13029800211487944704
543,45604300740206231552
544,68779258988660211712
545,71659553566265827328
546,39074252272441262080
547,12300872985341667328
548,18820822510318080000
549,26784927382333427712
550,34022256107772502016
551,41267555372115075072
552,49956262653578780672
553,27496487018660802560
554,0
555,0
556,2890461721631796736
557,5067144561605796864
558,2172357953429811456
559,18098393925408808960
560,0
561,0
562,7962655684796611584
563,51421408637052092416
564,69492267794602377216
565,44148971006656438272
566,49223689670312468480
567,57184896203084644352
568,44881872137837846528
569,33304899686880907264
570,50668546874965417984
571,75276044122195984384
572,27498660808647819264
573,0
574,6517424823839707136
575,16649189159121909760
576,10135013638084769792
577,0
578,0
579,5067144526688179200
580,0
581,0
582,0
583,42706264864075718656
584,46328178547401949184
585,38364798260305453056
586,41984911792572268544
587,42708789582097801216
588,49226588079630680064
589,34746133897301188608
590,18079554351993917440
591,22445260928985919488
592,13034849647403923456
593,0
594,0
595,0
596,5069318316015621120
597,20271476498465972224
598,46320932541545996288
599,18096944738179278848
600,0
601,0
602,0
603,33298378318246973440
604,75281840923951693824
605,65875052636220325888
606,54290834214531530752
607,57906600168146616320
608,56466815179523956736
609,55014712004060217344
610,45604300740206231552
611,60805734338168356864
612,37641645055409618944
613,0
614,0
615,0
616,0
617,0
618,0
619,0
620,0
621,0
622,0
623,38363349055828049920
624,58625405777204101120
625,28234856785440866304
626,0
627,4318019470368543744
628,26059600422972747776
629,25335722669518065664
630,34746858481572040704
631,62252040712672944128
632,19540352739154698240
633,0
634,0
635,10138636649571829760
636,0
637,0
638,0
639,0
640,0
641,0
642,0
643,44898537919382765568
644,57181997776512057344
645,33278180505356267520
646,4340742019637132288
647,2895511121765279744
648,10858891427031093248
649,62257837458872008704
650,106410035060483309568
651,103502930337220689920
652,47779557102457176064
653,0
654,0
655,0
656,0
657,0
658,30404316346579689472
659,20988108318646411264
660,10131390662171353088
661,11585667626029385728
662,31122397353688965120
663,64430172720992706560
664,93385284283761246208
665,91208601517047087104
666,69492267794602377216
667,57911672348537397248
668,51393149267666837504
669,72381982170439344128
670,86148702940754788352
671,78907026654359126016
672,39074252275444498432
673,723877789528685184
674,8686533474325297152
675,44157269745072046080
676,59353631182333820928
677,32567979162669858816
678,35475808468956520448
679,12320414395765792768
680,0
681,0
682,28228709074318405632
683,56462467620034207744
684,68046685967057485824
685,79626556847981887488
686,64422949479302758400
687,82524966397081239552
688,79630179841360314368
689,79622209252223942656
690,82517018553228099584
691,85420103881363898368
692,58634101025825185792
693,13028351043943800832
694,5067144526688179200
695,20270751895290056704
696,50671445266897567744
697,48503434891620712448
698,47052056319263604736
699,26778428759714357248
700,6512375388652487680
701,17373066985858676736
702,44881147534372331520
703,87589212532781662208
704,95549694429111599104
705,81801088607418908672
706,75290536097270497280
707,87567474554675888128
708,81074312427036098560
709,91218700348499640320
710,118715957519797960704
711,120164437645127204864
712,100614665186222096384
713,66588061482916937728
714,45610097521753686016
715,30413736139622375424
716,40528461022420647936
717,50671445266897567744
718,41992485943419060224
719,18096944813172070400
720,0
721,9414758821657032704
722,62253489899331297280
723,106412933451192680448
724,108578045435977383936
725,114363995554330378240
726,99925431670184787968
727,116544324113865981952
728,133193513329448730624
729,99171981748697841664
730,93380234848998522880
731,94827990428049588224
732,50668546876268625920
733,14477555790542161920
734,25335722633447206912
735,34751183349811048448
736,43435192088431263744
737,57910223218821685248
738,75283290110819237888
739,71661002791603036160
740,25333548845270142976
741,18102741519308384256
742,60074610544860340224
743,74546369535319932928
744,33323625580396068864
745,36201463626577440768
746,76007167938276786176
747,62975918522181517312
748,55011813632609869824
749,80352608425612066816
750,96293136350011801600
751,88309467329435533312
752,41243643622010175488
753,0
754,34746133897298034688
755,68044512196519665664
756,33298378318246973440
757,722428603867883136
758,6514900105745550336
759,13756576391433236480
760,0
761,0
762,10154486862522181632
763,60808259036873605120
764,70216145584131063808
765,50670720683704705024
766,38368421216099033088
767,44880422950680698880
768,41982013402224926720
769,50675068259624419328
770,90484723690890084352
771,92656357059469836288
772,49947567477372035072
773,7238777856925771776
774,11579870883048267776
775,28953662395584385024
776,36928636205358342144
777,34746133897301188608
778,13746432015688564736
779,0
780,0
781,7957606251891834880
782,33298378318246973440
783,73836983697861148672
784,95547520661271543808
785,79626556847981887488
786,72393575733115904000
787,72387778952710807552
788,66596756636493946880
789,58629051499619942400
790,60813308469418016768
791,85417579202832384000
792,73106584661353652224
793,12303024051236085760
794,11588565995661688832
795,19550497097490706432
796,21712710693295632384
797,43437014966523625472
798,65149001057439727616
799,44877898234372497408
800,0
801,20992455896287711232
802,55737140608298123264
803,74559412321290551296
804,81803986996696285184
805,73831911539327778816
806,49938872287722463232
807,17373066948650594304
808,18096944738176137216
809,13753678039935406080
810,37641645055409618944
811,18817924157268094976
812,0
813,0
814,0
815,4347594760329471
816,7947507329212993536
817,18101994170507378688
818,0
819,0
820,0
821,0
822,15928209759517321216
823,52108331869050437632
824,46323830935054942208
825,24596696488554266624
826,17373066948650594304
827,26059600422975889408
828,23887967054392991744
829,28956560766165909504
830,49225863475304415232
831,47054954709104164864
832,0
833,0
834,0
835,728927221568530304
836,36917767246211743744
837,39814003006611054592
838,31853521109195083776
839,15199259792682153984
840,0
841,0
842,44876075356137545728
843,75283290110819237888
844,62984941836700393472
845,28955111600833597440
846,21716333685813243904
847,49225138872780144640
848,62246968537358450688
849,34030951276859797504
850,43443536347876327424
851,39813278423989370880
852,22435162023757934592
853,0
854,0
855,5792471481167464448
856,28239928900693807104
857,49938872328396505088
858,38362624455306928128
859,27510978994048946176
860,5795369910615231488
861,5801121219234412544
862,21716333685813243904
863,45604300839673389056
864,78901229893647417344
865,65149001057439727616
866,21720681260172242944
867,23161190875308449792
868,52119200845951778816
869,64438166050868060160
870,68758291102216224768
871,50666395835418370048
872,24611844843921674240
873,0
874,0
875,0
876,10861065232383606784
877,42701543598365663232
878,6510552511491988480
879,0
880,0
881,0
882,35469287104570204160
883,53565507240358821888
884,28237755152635670528
885,22457601811823783936
886,32563631553316397056
887,20238144947490988032
888,3629487850222178304
889,15198908864475398144
890,46328178529734918144
891,35470736269017137152
892,0
893,0
894,0
895,5063521534950905856
896,31850622739192754176
897,28970259934745706496
898,18096944738179278848
899,0
900,0
901,0
902,28231233791555637248
903,55735691404319531008
904,47055679310920433664
905,25327027445374533632
906,7957606233656189952
907,0
908,2895511158108432384
909,26061774169103298560
910,52123548399241756672
911,61523090749353295872
912,19547598706435321856
913,0
914,0
915,1467953383359449600
916,24616894274680152064
917,33298378297929080832
918,0
919,0
920,0
921,13029800211487944704
922,38380014810986749952
923,33307073506030051328
924,31855672190197055488
925,32574500528721440768
926,51395323097203032064
927,32573051364910034944
928,26783478212504576000
929,45606474526878900224
930,68768390005073690624
931,69492267794602377216
932,10134289053379512320
933,0
934,0
935,16649189097735778304
936,39813278423989370880
937,55742937346227208192
938,46328178529734918144
939,19533106761311203328
940,0
941,0
942,44900620754121228288
943,73825435671113121792
944,56462467562588323840
945,49225138851349053440
946,33295479949966241792
947,12305922421962414080
948,14474657401634807808
949,32578123520016297984
950,57199388153663111168
951,34725936094149193728
952,0
953,0
954,0
955,12304473237894449152
956,21720681258724200448
957,23166987653710458880
958,33287509344579698688
959,0
960,0
961,0
962,23164089264867459072
963,48499811898314661888
964,36190991108364247040
965,13025452638721794048
966,6512001716974953472
967,12316791395412586496
968,34039646481922797568
969,50676494717541507072
970,63693671333545197568
971,57910223141418295296
972,5066419945144491008
973,0
974,0
975,0
976,3622991077664922
977,26076990796836380672
978,34012157206628884480
979,0
980,0
981,0
982,37647441790812708864
983,55021233362775097344
984,38353929290435158016
985,24600975870881890304
986,19557743097384669184
987,22430112574339420160
988,32564401669479055360
989,48499811981892698112
990,40534982469321400320
991,17370168581077796864
992,0
993,0
994,0
995,0
996,1467953380796688896
997,9410411263853981696
998,0
999,0
1000,0
1001,0
1002,53572753201951801344
1003,60812980301997899776
1004,44152197567907241984
1005,21706234785086386176
1006,6509850676428560384
1007,17373066927619938304
1008,41262483165571006464
1009,36196787843622535168
1010,28233407577576681472
1011,23885068665987592192
1012,0
1013,0
1014,5796071766516235264
1015,26780953497910206464
1016,30402867160138539008
1017,23890140797941153792
1018,17375965315788945408
1019,0
1020,0
1021,0
1022,24624887623183331328
1023,47780983558992609280
1024,54280735356410568704
1025,46328178550909730816
1026,28231958372672954368
1027,31852071922697576448
1028,34028777465449480192
1029,41982013404324495360
1030,50664199285626929152
1031,34746133897301188608
1032,0
1033,0
1034,0
1035,10856717680831285248
1036,6520696839443165184
1037,20270751892554915840
1038,28955111581084323840
1039,8679287493183535104
1040,0
1041,13044948561713647616
1042,73101557884758786048
1043,74559412321290551296
1044,49949016639284936704
1045,39087951451119853568
1046,36915593480149458944
1047,39816176812108308480
1048,31126744949664071680
1049,51399670649317056512
1050,66601806086489096192
1051,40532106784905830400
1052,0
1053,0
1054,6512001739186344960
1055,29668120442277638144
1056,16649189159121909760
1057,24619090824805847040
1058,23892314647193739264
1059,0
1060,0
1061,5067144548151302144
1062,66599654959804760064
1063,57910223162168647680
1064,46317309601721335808
1065,36193889476355403776
1066,24622713814958813184
1067,16640493973655431168
1068,0
1069,14480080504688103424
1070,42708789560570609664
1071,29677540209086312448
1072,0
1073,0
1074,0
1075,3619388947637117440
1076,0
1077,0
1078,0
1079,0
1080,0
1081,0
1082,55736416008147025920
1083,66596756636493946880
1084,37641645055409618944
1085,23168436857471807488
1086,17378116398373343232
1087,7957606256761024512
1088,18096944759866644480
1089,50672169847500013568
1090,58635550134687285248
1091,33296204532869513216
1092,5067144526688179200
1093,7246023875576032256
1094,25340070225971204096
1095,41979862342929514496
1096,41984911792572268544
1097,27507356023781539840
1098,18820097947166720000
1099,0
1100,0
1101,33295479930546368512
1102,72380532972598607872
1103,84698048967132839936
1104,67325683875585400832
1105,44156545161155174400
1106,39813278445804871680
1107,41984911792572268544
1108,43431218188765241344
1109,58638448522162741248
1110,56462467583114428416
1111,14466686820566941696
1112,0
1113,0
1114,0
1115,0
1116,0
1117,4343266737162648576
1118,0
1119,0
1120,0
1121,0
1122,31121695500229652480
1123,50668920553168076800
1124,31850622761168429056
1125,20269302687071887360
1126,24613294026622021632
1127,28952937795996467200
1128,34749032284776554496
1129,52839455645617594368
1130,59353631148988489728
1131,31121695500293722112
1132,0
1133,0
1134,0
1135,4343266737162648576
1136,16651362944145410048
1137,19547598704641351680
1138,0
1139,0
1140,718828340254195328
1141,38370572272140771328
1142,61529612087701954560
1143,70938574213288337408
1144,76008617082919567360
1145,51395323056423100416
1146,32574500528721440768
1147,31850622739192754176
1148,35470011686829875200
1149,49947567477372035072
1150,59355454027717623808
1151,36917767310216699904
1152,0
1153,0
1154,0
1155,15204331967321014272
1156,21712710696175636480
1157,10858166842905044992
1158,2171633368579747328
1159,0
1160,0
1161,18822996267774607360
1162,52843078635480465408
1163,58631927166899036160
1164,47778832495974875136
1165,43429044382053220352
1166,31846275147231985664
1167,31126744949664071680
1168,41255984576292503552
1169,59357978718894800896
1170,62979541428733501440
1171,34743235532608425984
1172,0
1173,0
1174,12305922421962414080
1175,24620540027682500608
1176,42708789582097801216
1177,44151495734529187840
1178,19544700317230342144
1179,0
1180,0
1181,38367696629591793664
1182,64436716816014139392
1183,59354355751810351104
1184,37632949871809691648
1185,28960161030006435840
1186,39084351207966121984
1187,40537156213518049280
1188,39091574373954314240
1189,44880422950680698880
1190,34741786328155009024
1191,0
1192,0
1193,0
1194,0
1195,0
1196,0
1197,0
1198,0
1199,0
1200,0
1201,16652812148405565440
1202,44147849977812844544
1203,54290834214531530752
1204,39815803137078173696
1205,26059600422975889408
1206,36193889476355403776
1207,43432667371626487808
1208,54290834214531530752
1209,76733944076705234944
1210,60802111331057778688
1211,7234430303664293888
1212,0
1213,0
1214,0
1215,27506631422425198592
1216,41984911792572268544
1217,26785651996884492288
1218,5791022316216864768
1219,0
1220,0
1221,28226184342921859072
1222,65151525770400268288
1223,89036968089088212992
1224,74559412321290551296
1225,49943219931587862528
1226,47049882534980116480
1227,47773035722118127616
1228,46331801518793482240
1229,58642796134589308928
1230,56457418134544719872
1231,24606795418192560128
1232,0
1233,0
1234,19541801953567244288
1235,26785651996723646464
1236,18826619300917874688
1237,20264955117764980736
1238,11577697041052174336
1239,0
1240,0
1241,20268578129647685632
1242,58636274689836310528
1243,37640195873642455040
1244,20266404322604306432
1245,30405765546680709120
1246,32570877539791749120
1247,23159741673550262272
1248,36198938924796751872
1249,60808259033013444608
1250,62977367642919337984
1251,18820822527704809472
1252,0
1253,0
1254,0
1255,10137912042244829184
1256,26050905240502218752
1257,18810723631013855232
1258,0
1259,0
1260,0
1261,19546149498852732928
1262,70937849589662728192
1263,70942921760054026240
1264,31126744949664071680
1265,22427168701869617152
1266,26788527660785975296
1267,23169138690019950592
1268,41261033979949850624
1269,47051331740093087744
1270,30402867160138539008
1271,4341092953233187328
1272,0
1273,0
1274,10862514433996990464
1275,7957606236579394560
1276,7233728470246726656
1277,723877812689636480
1278,0
1279,0
1280,0
1281,2901307930613563904
1282,47779557097429196800
1283,56449424810031685632
1284,32564401632447135744
1285,12310971846858618880
1286,8686533520839406592
1287,20268578106759024640
1288,38364073663525109760
1289,62255663683131990016
1290,59360877127411073024
1291,10127043076228085760
1292,0
1293,0
1294,10858166842905044992
1295,31126744949664071680
1296,29678989370613010432
1297,24611844843921674240
1298,12305922421962414080
1299,0
1300,12305922421962414080
1301,49947567477372035072
1302,81798190216564785152
1303,83248470507903795200
1304,61529612133190959104
1305,58635550109491281920
1306,57181997828834697216
1307,54286486647251730432
1308,64428021653941633024
1309,68764767016658722816
1310,70211797993328730112
1311,44161594609084186624
1312,0
1313,0
1314,0
1315,0
1316,6517073889320994816
1317,5793920702179827712
1318,0
1319,0
1320,0
1321,26791052348983963648
1322,48499811874769297408
1323,47774484951316938752
1324,33299827499370557440
1325,18101292305201455104
1326,0
1327,0
1328,15925311369596377088
1329,41261034003046735872
1330,28226184367364304896
1331,0
1332,0
1333,0
1334,6517073889192280064
1335,20995354282105921536
1336,17376689936856340480
1337,15201433580070846464
1338,5067144526688179200
1339,0
1340,0
1341,26060325001583259648
1342,57186345372639961088
1343,57179824022540959744
1344,57910223162168647680
1345,52846701623605755904
1346,32574500528721440768
1347,31850622739192754176
1348,56467517006985543680
1349,70940023397394169856
1350,49222240530789482496
1351,12305922421962414080
1352,0
1353,0
1354,10854543854844198912
1355,10134289053379512320
1356,5791022316216864768
1357,2166583944836784384
1358,0
1359,0
1360,0
1361,31128918732885557248
1362,48508507055141634048
1363,44876799962684219392
1364,27498660821262102528
1365,19549749764742930432
1366,16641615023699996672
1367,22440211427543281664
1368,54293732528059981824
1369,81075761607805730816
1370,60077508964434157568
1371,10855268457360418816
1372,0
1373,9406063673566314496
1374,34022256107772502016
1375,32579549952207904768
1376,18096944690255652864
1377,26058875844658135040
1378,14476106609836896256
1379,0
1380,11576247861473181696
1381,44156545161155174400
1382,60814429500723675136
1383,46328178529734918144
1384,36917767265880932352
1385,29678989370613010432
1386,20991731318034309120
1387,30404316340779442176
1388,49947567477372035072
1389,52116302460567912448
1390,19544700317230342144
1391,0
1392,0
1393,0
1394,0
1395,7238053317114188800
1396,20991006715743277056
1397,7240951678202950656
1398,0
1399,0
1400,6523595285934316544
1401,33293328871022936064
1402,28228709080036646912
1403,10858166867091101696
1404,19544700317230342144
1405,15926760550076387328
1406,0
1407,2168734983324730880
1408,33298378318246973440
1409,52843078635480465408
1410,28960161028212498432
1411,0
1412,0
1413,0
1414,22440211475338772480
1415,33300552101050130432
1416,15204331965261506560
1417,12305922421962414080
1418,11573349452566345728
1419,0
1420,8694107608497864704
1421,39089400585835454464
1422,59356529585295278080
1423,52838731094426583040
1424,33298378318246973440
1425,24611844843921674240
1426,24611844843921674240
1427,19544700317230342144
1428,16649189159121909760
1429,37644169766704488448
1430,34022256107772502016
1431,0
1432,0
1433,11584218415076096000
1434,8689431859355074560
1435,7959032697379342336
1436,16640493979512360960
1437,9410411263853981696
1438,0
1439,0
1440,5792471471822720000
1441,32575949708911837184
1442,34020082325194604544
1443,36188092706424573952
1444,19548323304583270400
1445,18820822527704809472
1446,23169138711707324416
1447,26057075711809269760
1448,49223689663304916992
1449,59359427896699936768
1450,26058151242849845248
1451,0
1452,0
1453,10141535027956635648
1454,31131092539340148736
1455,22435162028562997248
1456,34024780818875056128
1457,47052056294661103616
1458,20267853529084846080
1459,0
1460,10132115270962407424
1461,60087653300357701632
1462,70216145584131063808
1463,44156545161155174400
1464,44166644054578585600
1465,36915242554842464256
1466,23887967054396145664
1467,23164813842477281280
1468,44881872130645909504
1469,50671445266897567744
1470,29676090985872711680
1471,0
1472,0
1473,0
1474,10855642131962675200
1475,17373066973413269504
1476,28231958369068924928
1477,18820822527704809472
1478,0
1479,0
1480,0
1481,31131092539114897408
1482,49228739134426718208
1483,37641645055409618944
1484,19544700267576852480
1485,13029800211487944704
1486,16649189159121909760
1487,29678989370613010432
1488,36920665650492391424
1489,31130367936663031808
1490,12301574832575946752
1491,0
1492,0
1493,0
1494,6514900105745550336
1495,17373066948650594304
1496,15925311369596377088
1497,19544700317230342144
1498,0
1499,0
1500,17378116395074013184
1501,50671445266897567744
1502,70940023323682766848
1503,66594582904533311488
1504,42707340402390089728
1505,30409388506327973888
1506,46331076914185601024
1507,49220066701005283328
1508,53579999192682708992
1509,60800684873917726720
1510,26052026291013369856
1511,0
1512,0
1513,0
1514,2175980932577134080
1515,5788123931830663168
1516,13022554237940221952
1517,9419106442176376832
1518,0
1519,0
1520,21716333660730220544
1521,47052780896422920192
1522,52122099205045428224
1523,34022256107772502016
1524,6509103337101862912
1525,0
1526,18096944738179278848
1527,32574500528721440768
1528,45609350161258094592
1529,46328178504555790336
1530,13029075634392985600
1531,0
1532,0
1533,0
1534,22447457448628760576
1535,31859317917193768960
1536,29668890478342795264
1537,14475031080080297984
1538,25243194427
1539,3618664370606512640
1540,25337171812865318912
1541,62255663681136902144
1542,74559412321290551296
1543,60081856530748391424
1544,47056403908199546880
1545,31131794395735109632
1546,31124220239298211840
1547,50671445241590308864
1548,65873603423931506688
1549,72389228132032389120
1550,43430493589917401088
1551,0
1552,0
1553,13029800211487944704
1554,18096944738179278848
1555,13029800211487944704
1556,0
1557,0
1558,0
1559,0
1560,10858166842905044992
1561,43436290358046228480
1562,53566956425005998080
1563,56457418137203589120
1564,36191364766117687296
1565,15201433554603409408
1566,31126744949664071680
1567,39090849813656690688
1568,36913419702720217088
1569,33298378318246973440
1570,7966278671119978496
1571,0
1572,0
1573,2890461737761340416
1574,20268578081227522048
1575,11584218362656710656
1576,2895511158108432384
1577,0
1578,0
1579,0
1580,28955111581084323840
1581,48509910789880119296
1582,60808259030354640896
1583,49947567477372035072
1584,26058875846299254784
1585,23887967054396145664
1586,15927485151015843840
1587,26062498806782861312
1588,47052056319263604736
1589,39808930835407388672
1590,2171633368579747328
1591,0
1592,0
1593,0
1594,0
1595,723877789528685184
1596,0
1597,0
1598,0
1599,0
1600,3619388947637117440
1601,47052056267752112128
1602,52842354058964729856
1603,36193889476355403776
1604,38365522844938305536
1605,31129643333342339072
1606,25339345619512983552
1607,34741786308880084992
1608,41989961238130737152
1609,36193889476355403776
1610,10858166817085229056
1611,0
1612,0
1613,2891163595655638016
1614,6512001722163690496
1615,9421280221762148352
1616,20996803484644438016
1617,9400312372865146880
1618,0
1619,0
1620,23164813841254486016
1621,47775934108789137408
1622,51395323056423100416
1623,33298378318246973440
1624,24615467829826703360
1625,30402867160138539008
1626,22440211475338772480
1627,37644169765134802944
1628,63701245400541650944
1629,48499811898314661888
1630,5789573137538865152
1631,0
1632,0
1633,0
1634,2171633368579747328
1635,8686533474325297152
1636,13027275501826957312
1637,0
1638,0
1639,0
1640,9408237482852831232
1641,53564058041649397760
1642,59361601726999011328
1643,18825170115836477440
1644,2171633368579747328
1645,16644139739928070144
1646,19544700291122216960
1647,26784927364828123136
1648,35474359222477717504
1649,31124571168759369728
1650,0
1651,0
1652,0
1653,0
1654,3621913657169967616
1655,28955111633492783104
1656,25334998057349791744
1657,0
1658,0
1659,0
1660,13753678001013477376
1661,40537156213518049280
1662,64430172713056215040
1663,45606825449643106304
1664,29678989423149608960
1665,41261034003046735872
1666,39090849812852219904
1667,57908049381392654336
1668,79626556847981887488
1669,51391700070872203264
1670,10138636641317914624
1671,5785972871139119104
1672,3619388947637117440
1673,10858166921902149632
1674,36917767265880932352
1675,37640195877085585408
1676,28231233791555637248
1677,10861065226004092928
1678,0
1679,0
1680,42708789582097801216
1681,78181325978236403712
1682,65872878846965260288
1683,51393873904678772736
1684,41979115079533576192
1685,32574500528721440768
1686,36923564031950315520
1687,34746133897301188608
1688,41984911792572268544
1689,26054550978058096640
1690,0
1691,0
1692,0
1693,0
1694,0
1695,13021105062576957440
1696,9410411263853981696
1697,0
1698,0
1699,0
1700,23887967027871567872
1701,55012538276926308352
1702,49222240509744504832
1703,32581021870180286464
1704,26056702040101965824
1705,13750055015752187904
1706,26796520975450976256
1707,52119200845951778816
1708,64422598558829707264
1709,52843078635480465408
1710,11581320056786812928
1711,0
1712,726051569950607232
1713,7965554067606051840
1714,22436588490141843456
1715,23883619466811691008
1716,8691582919050662912
1717,0
1718,0
1719,0
1720,39092298990403960832
1721,67324981986673590272
1722,34013560959633432576
1723,20992455896287711232
1724,32587543291281698816
1725,16649189159121909760
1726,5064619817731950592
1727,33298378344995790848
1728,63699796327349116928
1729,52120650023857487872
1730,5069318306949313536
1731,0
1732,0
1733,3619388947637117440
1734,13019701322357135360
1735,17378116366371080192
1736,18820822500859887616
1737,15200709004649150464
1738,0
1739,6514900105745550336
1740,54293732597115715584
1741,81074312427036098560
1742,64433818442632560640
1743,55009662559558868992
1744,60076807113156059136
1745,53566956451914989568
1746,48500536473671966720
1747,46328178529734918144
1748,54290834214531530752
1749,52837281870440808448
1750,21712710700905918464
1751,0
1752,5072193971125458944
1753,28957636289816432640
1754,28231233764582580224
1755,23887242479103193088
1756,26056702067614982144
1757,12308096202030370816
1758,0
1759,0
1760,31122397362433601536
1761,47775934108789137408
1762,41261034003046735872
1763,39813278478063624192
1764,30403591735367131136
1765,20993905073903804416
1766,20988108336344662016
1767,30397070395420422144
1768,42723281521084186624
1769,43432667371626487808
1770,6499751772914252800
1771,0
1772,0
1773,5790297741052630016
1774,9408962086334353408
1775,15927485149503537152
1776,14474657408247455744
1777,0
1778,0
1779,0
1780,26786002921012436992
1781,59357978741222866944
1782,45605025315273957376
1783,29678989370613010432
1784,18812127408333590528
1785,8683635092094947328
1786,20999701865523138560
1787,49956262651382472704
1788,55743639237737627648
1789,31121695532776714240
1790,0
1791,0
1792,0
1793,0
1794,12308820804128266240
1795,10141535022486239232
1796,6510552518804671488
1797,0
1798,0
1799,0
1800,33299827468124938240
1801,60080407353421905920
1802,44880422950680698880
1803,30402867160138539008
1804,24604598874943664128
1805,13753678001013477376
1806,23893016498384916480
1807,52121725554267332608
1808,74559412239122038784
1809,54290109639656906752
1810,13031249388717957120
1811,0
1812,8683635092320198656
1813,21723579654662537216
1814,20988108309507727360
1815,15186285248296689664
1816,23164089264867459072
1817,0
1818,0
1819,13753678001013477376
1820,49223689687843348480
1821,56471162728936251392
1822,43432667371626487808
1823,33294030731531362304
1824,29689088258334281728
1825,41979862376261304320
1826,36917767238331260928
1827,39090125209177563136
1828,62978816865958060032
1829,42708789582097801216
1830,0
1831,0
1832,0
1833,16644139715325564928
1834,26778428796321959936
1835,7238777978112324608
1836,724574649373158
1837,0
1838,0
1839,9413309645633814528
1840,33294755334079602688
1841,37637297468854697984
1842,38370572288638771200
1843,40532106797463584768
1844,14477555818219978752
1845,0
1846,23887967054396145664
1847,47052056319263604736
1848,44880422950680698880
1849,7962655684796611584
1850,0
1851,0
1852,2898035866071602688
1853,12305922394220527616
1854,7961931110308104192
1855,8686533474325297152
1856,3617215168373526016
1857,0
1858,0
1859,0
1860,32584599415866093568
1861,60084381238615580672
1862,49947567421696057344
1863,26058151274127650816
1864,15922413015973126144
1865,18099118517378408448
1866,35470011686829875200
1867,66596756636493946880
1868,69487920208240721920
1869,33298378318246973440
1870,0
1871,0
1872,0
1873,10138636583621322752
1874,24611844843921674240
1875,15922412988106151936
1876,7969901652552166400
1877,2167285782314642688
1878,0
1879,20268578106759024640
1880,47775934136755265536
1881,67321359000318033920
1882,47050607142580690944
1883,20992455896287711232
1884,18096944738179278848
1885,18093321754366023680
1886,36198237062556151808
1887,49228739131191459840
1888,40537156213518049280
1889,23164089292897656832
1890,723153215329783040
1891,0
1892,0
1893,6517798487107058688
1894,10858166842905044992
1895,11577697046297321472
1896,7957606241512598528
1897,0
1898,0
1899,0
1900,28232682968077660160
1901,43432667371626487808
1902,21713435304548270080
1903,11582044632433729536
1904,25335722633447206912
1905,20992455896287711232
1906,29678989370613010432
1907,58634100895316590592
1908,66598205784634253312
1909,31850622739192754176
1910,1445581800209055744
1911,10137187434580127744
1912,18089698771002945536
1913,12305922421962414080
1914,6524998991993233408
1915,10134289053379512320
1916,23887966969632829440
1917,5790297742211067904
1918,0
1919,0
1920,46336873673239855104
1921,64428746251437989888
1922,41252338831224422400
1923,24611844843921674240
1924,19544700317230342144
1925,34022256107772502016
1926,49223689687843348480
1927,57189243725233627136
1928,54290834214531530752
1929,8686533474325297152
1930,0
1931,3610693775943519232
1932,2880362829121299456
1933,0
1934,2895511129693820928
1935,0
1936,0
1937,0
1938,0
1939,4343266737162648576
1940,45617343497553534976
1941,55009662561128562688
1942,47773409401562652672
1943,18820822499226132480
1944,20992455896287711232
1945,23165538441035575296
1946,22440211475338772480
1947,58634100951697334272
1948,73115279725570056192
1949,48495464312596602880
1950,0
1951,0
1952,57085498206
1953,13754402574729664512
1954,18822271703808499712
1955,30398519603220312064
1956,20265679725880315904
1957,0
1958,0
1959,28960161023855808512
1960,58634100951697334272
1961,53566956482219638784
1962,31125295802360418304
1963,28953662405044985856
1964,31131092506453602304
1965,21710536924248649728
1966,32578123511891267584
1967,52856121392152002560
1968,45599251297498841088
1969,13751153293979318272
1970,0
1971,0
1972,14479004966517141504
1973,30400693381776064512
1974,36920665646598750208
1975,27503733018924797952
1976,5786674730723838976
1977,0
1978,5793547023155042304
1979,16649189159121909760
1980,53566956425005998080
1981,71663901163182120960
1982,49945393699106086912
1983,33289683176286605312
1984,18824445510745759744
1985,30407214745566998528
1986,54295883657110585344
1987,62974842981982838784
1988,49223689716674412544
1989,27507356002030108672
1990,0
1991,0
1992,21719232066402332672
1993,38365522844938305536
1994,34022256107772502016
1995,36917767265880932352
1996,23890491761206063104
1997,0
1998,0
1999,18820822527704809472
2000,39811104645852143616
2001,41258135622554173440
2002,34025879090652737536
2003,29683336955880566784
2004,23882917611977039872
2005,19542175610484494336
2006,23164089322785853440
2007,31852071885788475392
2008,59357978741222866944
2009,28229060013514850304
2010,0
2011,0
2012,4347585203222791
2013,15196384137715810304
2014,7236253188621224960
2015,0
2016,0
2017,0
2018,0
2019,28955111581084323840
2020,59357978741222866944
2021,67320634426022633472
2022,52114151403661041664
2023,28957636287670009856
2024,28231233733316898816
2025,27507356002030108672
2026,30404316335663009792
2027,41258860225134755840
2028,47057853079862820864
2029,15201433580070846464
2030,0
2031,0
2032,0
2033,0
2034,11582044632433729536
2035,14473208264161816576
2036,8682185918630053888
2037,0
2038,0
2039,31854970324170915840
2040,54290834214531530752
2041,52843078635480465408
2042,49947567477372035072
2043,41984911792572268544
2044,26782029037108813824
2045,26059600422975889408
2046,43429768991487754240
2047,52843078635480465408
2048,48508507068142272512
2049,16639090274988505088
2050,0
2051,0
2052,0
2053,0
2054,5786674760843215872
2055,7235879515196853248
2056,8693779439248778240
2057,6523595275444023296
2058,0
2059,10131764347082037248
2060,48499811898314661888
2061,44156545161155174400
2062,13029800211487944704
2063,18099118515801645056
2064,21716333685813243904
2065,16645566176724533248
2066,31118049780094312448
2067,43432667371626487808
2068,34748658603534606336
2069,7238777924742831104
2070,0
2071,0
2072,11579870854875711488
2073,26774783072668012544
2074,16645566176788893696
2075,15210128749447532544
2076,7957606242954150912
2077,0
2078,0
2079,31849898166474108928
2080,49946118302265884672
2081,44882596728142266368
2082,30405765540019695616
2083,24615467826158317568
2084,27511703586654093312
2085,35459912803273043968
2086,49223689687843348480
2087,55014712063259992064
2088,46328178529734918144
2089,18095495563169599488
2090,0
2091,0
2092,7238777895271080960
2093,23164089264867459072
2094,3619388947637117440
2095,3619388947637117440
2096,0
2097,0
2098,0
2099,35474359241495388160
2100,57913121541888917504
2101,46324555547627143168
2102,28231233791555637248
2103,24616894285539893248
2104,20989931190342602752
2105,19544700287470280704
2106,30403591732631932928
2107,51395323056423100416
2108,52840904858212065280
2109,20262781347447205888
2110,0
2111,0
2112,6514900105745550336
2113,23885442348515217408
2114,24611844903569936384
2115,24612569416350707712
2116,15199984405254303744
2117,1445581801882257152
2118,7241676274830576640
2119,33302001300194004992
2120,64420775683579805696
2121,70945072815146672128
2122,50673969972682489856
2123,36917767295769133056
2124,35470011686829875200
2125,31125295774944006144
2126,31850622739192754176
2127,49226588067338502144
2128,51398946038305628160
2129,5791022316216864768
2130,0
2131,0
2132,1447755549069913856
2133,14477555790542161920
2134,19549047841197477888
2135,22438037698295627776
2136,11576247873572413440
2137,7245963636650270
2138,0
2139,49218640246513418240
2140,78907728469769928704
2141,62977367658808451072
2142,52118476273747968000
2143,25329925935082053632
2144,0
2145,2901307916841033216
2146,25342968596954836992
2147,50671445266897567744
2148,49952616918637879296
2149,0
2150,0
2151,0
2152,0
2153,0
2154,0
2155,13029800211487944704
2156,0
2157,0
2158,0
2159,36193889446178893824
2160,65871429702815129600
2161,41261034003046735872
2162,28231233791555637248
2163,30402867160138539008
2164,31850622739192754176
2165,23883619470415716352
2166,35475061127967576064
2167,62974842983424278528
2168,49223689687843348480
2169,2171633368579747328
2170,0
2171,1449929355807850496
2172,9413309642995025920
2173,8682910492796734464
2174,13753678001013477376
2175,26064649864049324032
2176,17373066948650594304
2177,0
2178,8687258046271650816
2179,52843078635480465408
2180,73109482965550309376
2181,55738589793588903936
2182,45600677758742044672
2183,36922114849700667392
2184,25345821515402309632
2185,28952586875779903488
2186,55738589763188146176
2187,79626556847981887488
2188,52117751671714455552
2189,726051566153507712
2190,0
2191,0
2192,9410411263853981696
2193,20982357014460747776
2194,22445260885819248640
2195,25335722633447206912
2196,3617939804066199552
2197,0
2198,0
2199,42708789582097801216
2200,74566658283897503744
2201,55738589793588903936
2202,40537156213518049280
2203,38362998139794055168
2204,31126744919103148032
2205,31850622739192754176
2206,55017610352277422080
2207,76731045689873465344
2208,29673192612909858816
2209,0
2210,0
2211,0
2212,10131764348299347968
2213,12305922421962414080
2214,5791022316216864768
2215,2895511158108432384
2216,0
2217,0
2218,0
2219,26055252839445774336
2220,57196444254018445312
2221,52843078635480465408
2222,27507355940651982848
2223,23888691625956347904
2224,31126744949664071680
2225,29685510699618660352
2226,43435565750349217792
2227,65865632884809179136
2228,28222538624560185344
2229,0
2230,0
2231,0
2232,13754402572509325312
2233,11579146284667021312
2234,0
2235,0
2236,9417657225881675776
2237,5058449359821441024
2238,3619388947637117440
2239,48504861308026535936
2240,79626556878799093760
2241,63700520906954014720
2242,36196787823993397248
2243,23887967054396145664
2244,30399968781576716288
2245,47052056319263604736
2246,60792691570266570752
2247,60805734320277078016
2248,47059630433639178240
2249,12305922483789019136
2250,0
2251,0
2252,8682185922105364480
2253,5788123937719386112
2254,12313168383732357120
2255,8686533474325297152
2256,0
2257,0
2258,2171633306625003008
2259,34746858468571787264
2260,57914570683142955008
2261,46323830977643700224
2262,15922412991163269120
2263,15208679541712072704
2264,36185194309939150848
2265,27507356002030108672
2266,43435192076258181120
2267,74559412321290551296
2268,49946842906165796864
2269,0
2270,0
2271,0
2272,16652812139846162432
2273,25331375050335432704
2274,29663841049794654208
2275,28960160990219563008
2276,2171633368579747328
2277,0
2278,0
2279,42710963357982523392
2280,57192142129184669696
2281,39809655443329482752
2282,23879271888301658112
2283,17378116388859318272
2284,20992455896287711232
2285,36193889507524980736
2286,54290834214531530752
2287,69490818621169516544
2288,38363349069117939712
2289,0
2290,0
2291,0
2292,6514900105745550336
2293,15198908875631362048
2294,22440211506604457984
2295,7239502466252065792
2296,0
2297,0
2298,2898378143511864
2299,39820524384987373568
2300,57901527996395585536
2301,41984911792572268544
2302,17378116357401415680
2303,26059600422975889408
2304,32573775957836955648
2305,25335722633447206912
2306,55016885779751862272
2307,75289086866913443840
2308,43425421410757214208
2309,0
2310,0
2311,0
2312,6514900105745550336
2313,19543251175525797888
2314,19546149490470121472
2315,18099118513774475264
2316,0
2317,0
2318,8695228639840544768
2319,47072254078945214464
2320,58631576247450165248
2321,58634101014677176320
2322,33297653747491237888
2323,15923862196453072896
2324,22444559026400473088
2325,33295479940328595456
2326,36193889476355403776
2327,57186345372639961088
2328,41979862352715948032
2329,0
2330,0
2331,0
2332,10856717669826164736
2333,26781304437038182400
2334,31853521117046661120
2335,19541077336988946432
2336,0
2337,0
2338,2176682776753959680
2339,38365522844938305536
2340,45603576169579216896
2341,39816176770018426880
2342,28957285356486361088
2343,26056702045186347008
2344,19541077337053302784
2345,36917767265880932352
2346,52848128075176615936
2347,51397847760446136320
2348,31850622739192754176
2349,0
2350,0
2351,0
2352,7244574650657342464
2353,0
2354,0
2355,1442706139422359552
2356,0
2357,0
2358,0
2359,39089400634463838208
2360,46328178529734918144
2361,47775934108789137408
2362,29678989370613010432
2363,20272925689162694656
2364,27512405441630154752
2365,23161564560972668928
2366,43432667339784183808
2367,61528887539403988992
2368,28953662408230752256
2369,0
2370,0
2371,0
2372,9410411263853981696
2373,5057045647680742400
2374,28955111581084323840
2375,26059600454882263040
2376,0
2377,0
2378,6514900105745550336
2379,52845977012980391936
2380,68044512215548157952
2381,36913419683606003712
2382,23169138704243286016
2383,33298378318246973440
2384,40537156213518049280
2385,49949016617918136320
2386,52122099191272767488
2387,49947567477372035072
2388,20262781351823523840
2389,0
2390,0
2391,5057045648000641024
2392,10863216250310205440
2393,19544700349264855040
2394,21716333685813243904
2395,8689431819453343744
2396,0
2397,2889714403366261760
2398,26783478212504576000
2399,48504159480428724224
2400,63691146599762026496
2401,47773409405214703616
2402,35470011686829875200
2403,24611844843921674240
2404,24611844843921674240
2405,34746133897301188608
2406,51398221433665601536
2407,54290834214531530752
2408,20992455896287711232
2409,0
2410,0
2411,4343266704967965184
2412,15924586799516399616
2413,29680438543048310784
2414,38365522844938305536
2415,18094046360968951808
2416,0
2417,0
2418,0
2419,42716363692436701184
2420,46328178465281482752
2421,33297653748295675904
2422,31126744949664071680
2423,23887967054396145664
2424,21710536931456962560
2425,18100567717680721920
2426,26796520958074998784
2427,34017206668717043712
2428,12298348311815385088
2429,0
2430,0
2431,7240227067577670656
2432,17373066948650594304
2433,25332824256397660160
2434,15925311369596377088
2435,6510552523920908288
2436,0
2437,0
2438,31850622706773827584
2439,65150450197084897280
2440,65871429674723033088
2441,42706615807500148736
2442,28237030545525784576
2443,23887967054396145664
2444,17364371785066074112
2445,30392768282283880448
2446,54293358917721554944
2447,40537156213518049280
2448,6514175535922998272
2449,0
2450,0
2451,0
2452,7242400874611469312
2453,20277273270150471680
2454,36917767265880932352
2455,22437686772180680704
2456,0
2457,0
2458,18098393910228436992
2459,52119200845951778816
2460,49220791310922760192
2461,39813278423989370880
2462,34741786315733979136
2463,15930360808395337728
2464,13037374320770043904
2465,43432667371626487808
2466,57910223162168647680
2467,54285037526463594496
2468,21711986137004068864
2469,0
2470,0
2471,0
2472,0
2473,7241302598300925952
2474,6514900171224090624
2475,724569565121120
2476,0
2477,4345440511470596608
2478,36193889476355403776
2479,59350732783056609280
2480,68053207378553462784
2481,52843078635480465408
2482,37636595649605967872
2483,25335722666186477568
2484,16649189159121909760
2485,41989259308140732416
2486,64425123267914194944
2487,61523815356543557632
2488,27503733022979170304
2489,0
2490,0
2491,18096944738176137216
2492,34022256140575842304
2493,28955836150520729600
2494,23885068710877032448
2495,7236604121091751936
2496,0
2497,0
2498,38374218007557439488
2499,73116706180718329856
2500,55736065090751143936
2501,50671445299797008384
2502,46328178529734918144
2503,24611844843921674240
2504,13751504226866423808
2505,18817924151234482176
2506,41988534771397959680
2507,39813278423989370880
2508,15196384141624023040
2509,0
2510,0
2511,0
2512,10137187396769773568
2513,20996803444324581376
2514,34740337144553848832
2515,15914442433215817728
2516,0
2517,0
2518,23161564562254053376
2519,68768389972046102528
2520,58634825520940630016
2521,30404316331737198592
2522,23887967054396145664
2523,20268578106759024640
2524,11585667611226931200
2525,26063948004092403712
2526,52119200845951778816
2527,46325653827153436672
2528,11582044731612573696
2529,0
2530,722428618058738432
2531,21716333685813243904
2532,30405765536447844352
2533,28231233791555637248
2534,3610693785597162496
2535,0
2536,0
2537,0
2538,22439486906320695296
2539,67322083597460389888
2540,52121374619777155072
2541,17367270196225040384
2542,22443834453906886656
2543,34741786316313583616
2544,26054550984817377280
2545,30407916564981153792
2546,53566956458289856512
2547,50670720697911672832
2548,18096944738179278848
2549,0
2550,0
2551,11582044632433729536
2552,18816474946781196288
2553,31850622739192754176
2554,22442736177695903744
2555,0
2556,0
2557,0
2558,20996803443552292864
2559,56462467583114428416
2560,44873176993737244672
2561,23892314635223220224
2562,5067144526688179200
2563,5788497613923803136
2564,20268578106759024640
2565,31125295811949699072
2566,46329627700915257344
2567,30405040933738553344
2568,0
2569,0
2570,0
2571,0
2572,2898035860337537024
2573,16649189159121909760
2574,18097669306907779072
2575,2896960329256591360
2576,0
2577,5791022316216864768
2578,41257411024800415744
2579,42708789582097801216
2580,52119200845951778816
2581,50673969969030553600
2582,24611844911066009600
2583,13029075642791655424
2584,22440211475338772480
2585,40537156213518049280
2586,47775934108789137408
2587,37638022077195476992
2588,10125593892047511552
2589,0
2590,0
2591,0
2592,8686533474325297152
2593,17371617777631152128
2594,12305922421962414080
2595,0
2596,0
2597,0
2598,38365522844938305536
2599,64425123267914194944
2600,45604300773874507776
2601,27508080570565537792
2602,31847724397346947072
2603,34743960123990675456
2604,31856419490652946432
2605,36917767265880932352
2606,51390975476014342144
2607,47780983546434854912
2608,9410411263853981696
2609,0
2610,0
2611,7964104855655160832
2612,0
2613,0
2614,0
2615,0
2616,0
2617,13032324913364660224
2618,60805734354137554944
2619,77455648047805677568
2620,57910223162168647680
2621,49221515914661650432
2622,40531359462444015616
2623,34025879085729378304
2624,33298378318246973440
2625,28236283229073244160
2626,48504861301875687424
2627,42708789683775340544
2628,0
2629,0
2630,0
2631,2174531744084596736
2632,13029800211487944704
2633,7958308104548751360
2634,7238777895271080960
2635,0
2636,0
2637,10858891411182981120
2638,50672894437498740736
2639,68044512215548157952
2640,41982013417131786240
2641,28955111581084323840
2642,31859317899495424000
2643,44875373513323077632
2644,42703740178728787968
2645,40537156145412685824
2646,62253489899331297280
2647,41259584832477798400
2648,0
2649,0
2650,0
2651,6519247685832516608
2652,7238777895271080960
2653,6514900105745550336
2654,7238777963568658432
2655,0
2656,0
2657,0
2658,40537156213518049280
2659,75279667133152133120
2660,53566956425005998080
2661,37636595618212143104
2662,18096944738179278848
2663,12305922387749556224
2664,19544700317230342144
2665,22443109816154996736
2666,34017908562245578752
2667,16649189159121909760
2668,0
2669,0
2670,0
2671,5062095123831717888
2672,13029800245732837376
2673,5066419958731970560
2674,3616490606949740544
2675,0
2676,0
2677,0
2678,43437014951488028672
2679,64430172704983293952
2680,45601776038810034176
2681,28955111546743324672
2682,30403591728030363648
2683,13026901870929162240
2684,20268578106759024640
2685,46331076904789270528
2686,64421500290504523776
2687,47767238949130043392
2688,2895511158108432384
2689,0
2690,0
2691,2173082504234678272
2692,21713435345254719488
2693,23161915492264976384
2694,9410411263853981696
2695,0
2696,0
2697,8691582911266277376
2698,60084381231952281600
2699,68044512215548157952
2700,46327453961939632128
2701,31852071909343371264
2702,23890140826869997568
2703,21713435310887624704
2704,13029800211487944704
2705,38369870424638930944
2706,60081856530748391424
2707,32571975827581505536
2708,0
2709,0
2710,0
2711,4345440509604322816
2712,10134289053379512320
2713,1440509624620705792
2714,0
2715,0
2716,0
2717,2895511227302976000
2718,44156545161155174400
2719,60808632660256522240
2720,47773760336379641856
2721,31847724364428021760
2722,15205056557190897664
2723,7238777895271080960
2724,21711284249064493056
2725,47780983510812483584
2726,62253489934056701952
2727,29677540235537293312
2728,0
2729,0
2730,0
2731,0
2732,0
2733,12305922421962414080
2734,7233728493503781888
2735,0
2736,0
2737,1449169861006142
2738,41991433109221261312
2739,52840180260844445696
2740,47775934108789137408
2741,34750481476680237056
2742,24606795407365132288
2743,31124220248780537856
2744,30402867160138539008
2745,28955111581084323840
2746,42705891242568867840
2747,32574500528721440768
2748,0
2749,0
2750,0
2751,8691582910817794048
2752,18820822527704809472
2753,18096944668344045568
2754,10857442275624589312
2755,0
2756,0
2757,15928209744071493632
2758,52839455658682032128
2759,62253489899331297280
2760,44156545161155174400
2761,28223659689385209856
2762,16649189124108189696
2763,22441660609835270144
2764,43434116541294419968
2765,41261034003046735872
2766,35467113312483332096
2767,15925311369596377088
2768,0
2769,0
2770,0
2771,1447755614099971072
2772,16649189159121909760
2773,16646290819979255808
2774,0
2775,0
2776,0
2777,9414758842943211520
2778,30407916596374962176
2779,42708789582097801216
2780,39813278459099193344
2781,23887242487308759040
2782,23886517884921282560
2783,29678989370613010432
2784,18817924153390587904
2785,20272201083396411392
2786,39808930844996485120
2787,26778428776268357632
2788,0
2789,0
2790,0
2791,0
2792,0
2793,0
2794,5074390479769873408
2795,0
2796,0
2797,7962655684796611584
2798,55014711933456154624
2799,65875777114799800320
2800,35468562517451546624
2801,18092597194776137728
2802,27504457627941138432
2803,39085777657955180544
2804,47771586529860599808
2805,58639150387741540352
2806,60808259020616040448
2807,34746133826633056256
2808,0
2809,0
2810,0
2811,2174531742636550400
2812,7238777895271080960
2813,15925311369596377088
2814,13753678001013477376
2815,0
2816,0
2817,11584218332827049984
2818,58634100951697334272
2819,68764042461928005632
2820,38365522844938305536
2821,20264955130411089920
2822,26059600422975889408
2823,34751183333217288192
2824,37639120355134619648
2825,64425123338902667264
2826,62252765332597907456
2827,26783478212504576000
2828,10136462824920084480
2829,0
2830,0
2831,13749330422342377472
2832,17373066948650594304
2833,5793547016363725824
2834,0
2835,0
2836,0
2837,9408237492409841664
2838,44156545161155174400
2839,47779557085008175104
2840,41265381581653483520
2841,43437716807382417408
2842,31131794349765582848
2843,26059600422975889408
2844,41259584869837332480
2845,68771288343058046976
2846,65875052618280689664
2847,30397070412604424192
2848,0
2849,0
2850,4338217301502848000
2851,13032324911474622464
2852,12305922421962414080
2853,7237328762190457856
2854,1446306410158580736
2855,0
2856,0
2857,23160466288809132032
2858,62964324953616384000
2859,41266083438706311168
2860,24619418943785627648
2861,26059600387225374720
2862,21716333685813243904
2863,31849173570329358336
2864,49221515916592283648
2865,57907324788530307072
2866,52122823821913407488
2867,5071492105037508608
2868,0
2869,0
2870,0
2871,23887967054396145664
2872,18096944738179278848
2873,16647015387967483904
2874,3619388947637117440
2875,0
2876,0
2877,28241332662554918912
2878,71663901163182120960
2879,63701245478385508352
2880,34746858463648428032
2881,20268578106759024640
2882,20268578106759024640
2883,23887967054396145664
2884,44880422950680698880
2885,62977367688856829952
2886,55014712004060217344
2887,15927836069326667776
2888,0
2889,0
2890,0
2891,1443408037066951936
2892,23164089264867459072
2893,35477257638367277056
2894,20992455896287711232
2895,0
2896,0
2897,20268578070720200704
2898,47051331753141583872
2899,55742937299214106624
2900,28231233791555637248
2901,0
2902,5791022316216864768
2903,15192738423887048704
2904,23169138700174901248
2905,50671445266897567744
2906,50671445266897567744
2907,4343266737162648576
2908,0
2909,0
2910,1447755579054216192
2911,5791022316216864768
2912,17373066948650594304
2913,9410411263853981696
2914,0
2915,0
2916,0
2917,20270027275171983360
2918,44158718931923451904
2919,50668546893709606912
2920,36190266500747755520
2921,34750481475264176128
2922,44156545161155174400
2923,20987406497467576320
2924,30402867160138539008
2925,56462467583114428416
2926,38365522844938305536
2927,4343266737162648576
2928,0
2929,0
2930,0
2931,13753678001013477376
2932,5791022316216864768
2933,11582044632433729536
2934,0
2935,0
2936,0
2937,21719232058872360960
2938,54290834214531530752
2939,39817626001823645696
2940,24621943713959915520
2941,17362968151522897920
2942,15201433616526120960
2943,26784202778336985088
2944,49223689687843348480
2945,59360152511765979136
2946,52843078635480465408
2947,18100567713529495552
2948,0
2949,0
2950,0
2951,12305922421962414080
2952,13029800211487944704
2953,18095495570023813120
2954,9410411263853981696
2955,0
2956,0
2957,10853819265263667200
2958,39089400634463838208
2959,41261034003046735872
2960,27507356002030108672
2961,25336447199118692352
2962,31126744949664071680
2963,28226886250726821888
2964,24603149725323124736
2965,51398946031612600320
2966,47788976841519652864
2967,7962655684796611584
2968,0
2969,0
2970,0
2971,5789573148190114816
2972,24611844843921674240
2973,20992455896287711232
2974,0
2975,0
2976,0
2977,33303427716298047488
2978,42708789582097801216
2979,37640195924388380672
2980,30402867160138539008
2981,19546874087516045312
2982,18102741483525224448
2983,13750055025952870400
2984,26055252845495582720
2985,49952616912006733824
2986,52843078635480465408
2987,30402867160138539008
2988,3617939816616000000
2989,0
2990,9412585034010961920
2991,16646290786513166336
2992,10134289053379512320
2993,17377414526034364416
2994,18091895303640666112
2995,0
2996,0
2997,19543975751848435712
2998,47054954654737997824
2999,42713137122411773952
3000,45598503995053105152
3001,34022256107772502016
3002,18096944738179278848
3003,18096944738179278848
3004,37646694453076279296
3005,68044512141740654592
3006,62252040768824918016
3007,10131390717969469440
3008,0
3009,0
3010,6518523080548886528
3011,16653536736376967168
3012,19539650882787852288
3013,23880392958280228864
3014,13753678001013477376
3015,0
3016,0
3017,44880422950680698880
3018,74559412321290551296
3019,65145378082668732416
3020,34022256107772502016
3021,19554799185923158016
3022,20271102805400154112
3023,17373066985682487296
3024,23886517924018475008
3025,49223689687843348480
3026,53571303964805103616
3027,23158292520229175296
3028,0
3029,0
3030,5785972881966784512
3031,12305922421962414080
3032,5791022316216864768
3033,7238777895271080960
3034,0
3035,0
3036,1447755579054216192
3037,23884344079753846784
3038,34030951261768146944
3039,39099499502835834880
3040,28952586882539184128
3041,17373067023034726400
3042,24611844843921674240
3043,37641645055409618944
3044,46328178529734918144
3045,52119200845951778816
3046,37634399106382151680
3047,0
3048,0
3049,5788497617767944192
3050,12305922384674242560
3051,28231233791555637248
3052,31132541619196751872
3053,22442385245045256192
3054,8677838358044022784
3055,0
3056,0
3057,36927866133997133824
3058,56462467583114428416
3059,54290834214531530752
3060,50672169831828930560
3061,41262483170333433856
3062,34743960127691239424
3063,31123846577634545664
3064,39813278423989370880
3065,58629753374892777472
3066,35480110554817437696
3067,0
3068,0
3069,0
3070,3622287281953077248
3071,23885793284818374656
3072,15928209741593722880
3073,21003324819345743872
3074,2162938215163751680
3075,0
3076,12305922421962414080
3077,48499811860834287616
3078,52118476281213517824
3079,34746133897301188608
3080,14479729560055572480
3081,11584943004334680064
3082,20261332158310772736
3083,35474359263473512448
3084,36203988344087162880
3085,39810753725828653056
3086,25335722671023689728
3087,0
3088,0
3089,0
3090,0
3091,1447755579054216192
3092,12297227268739067904
3093,5791022316216864768
3094,0
3095,0
3096,3619388947637117440
3097,44884770451575431168
3098,61529612109805764608
3099,40528461098201759744
3100,22440211475338772480
3101,35470011686829875200
3102,38370572278611746816
3103,37646694451410485248
3104,46328178529734918144
3105,57184171679004278784
3106,24613294010790109184
3107,0
3108,0
3109,2182502290768967680
3110,19540352740811952128
3111,9405361830244368384
3112,5793547014153345024
3113,5791022353985553408
3114,0
3115,0
3116,9410411263853981696
3117,53569854796617195520
3118,70936400399722242048
3119,60068813801685696512
3120,28231233791555637248
3121,15203958277943134208
3122,27507355964165316608
3123,33297653753894789120
3124,42710238748901752832
3125,32576674297848696832
3126,20265679735244480512
3127,6514900105745550336
3128,0
3129,0
3130,9410411263853981696
3131,10858166842905044992
3132,2172357932899754240
3133,11582044632433729536
3134,5062796988626933760
3135,0
3136,7966278658698635264
3137,57181997796414447616
3138,70216145584131063808
3139,44885472346105167872
3140,27507355926172385280
3141,28954387016860880896
3142,39087951467885076480
3143,21716333685813243904
3144,21719232057231368192
3145,58630477977923706880
3146,51395323056423100416
3147,0
3148,0
3149,0
3150,2897684850489132544
3151,6519247605385303040
3152,0
3153,0
3154,0
3155,0
3156,0
3157,40539680911070117888
3158,49223689611537145856
3159,49948292041466789888
3160,49941770811314405376
3161,28950764043344855040
3162,15934006483271567360
3163,32578123502366015488
3164,57190692948672421888
3165,52114151412758618112
3166,16646664461634035712
3167,0
3168,0
3169,0
3170,20266404338017906688
3171,27504457630869409792
3172,17376689922231150592
3173,5795369892184768512
3174,0
3175,0
3176,15925311254848761856
3177,56461018455182426112
3178,56461018416825212928
3179,32578848066139303936
3180,44165240274637275136
3181,28951488607600463872
3182,12297227270284036096
3183,43437716804691509248
3184,54293358911891390464
3185,38365522883283615744
3186,20991731332450385920
3187,0
3188,0
3189,8683635103293302784
3190,13029800211487944704
3191,7962655684796611584
3192,24616894276954423296
3193,15201433580070846464
3194,0
3195,0
3196,18819373361480015872
3197,53566956425005998080
3198,68047410586483482624
3199,57189968345963085824
3200,36917767265880932352
3201,19539650884325511168
3202,20989931199088025600
3203,21716333685813243904
3204,37642369619182583808
3205,60083305696876658688
3206,32574500528721440768
3207,0
3208,0
3209,0
3210,0
3211,15206482974405904384
3212,38365522844938305536
3213,24610395716633174016
3214,0
3215,0
3216,20998252638029889536
3217,65872878846965260288
3218,66592409060976345088
3219,30392768294585573376
3220,17373066948650594304
3221,31126744988265656320
3222,9410411263853981696
3223,2895511158105284608
3224,36193889476355403776
3225,49226588058585735168
3226,26776232266373185536
3227,0
3228,0
3229,0
3230,0
3231,0
3232,2895511158108432384
3233,4343266737162648576
3234,7238777895271080960
3235,0
3236,13038495362394382336
3237,49947567477372035072
3238,56459942886203179008
3239,49223689687843348480
3240,32574500528721440768
3241,25332824301769908224
3242,34020082339610611712
3243,26786376583118106624
3244,29682612343646351360
3245,38369870420294795264
3246,28950062148564103168
3247,0
3248,0
3249,0
3250,4344715902872646656
3251,3623736483960515072
3252,723877789528685184
3253,5794645289121506304
3254,5062796951428228096
3255,0
3256,18825871921335341056
3257,46328178490845020160
3258,66594582946623193088
3259,49223689687843348480
3260,31854970275387834368
3261,31847724368739983360
3262,25335722633447206912
3263,36922114841108725760
3264,52838029203024322560
3265,49221164991124291584
3266,8686533435307262976
3267,0
3268,0
3269,0
3270,2898409528464672256
3271,15201433580070846464
3272,3615041372441504768
3273,0
3274,0
3275,0
3276,14478280353735911424
3277,46328178529734918144
3278,50673619034801930240
3279,38368421215230304256
3280,27514601947453231104
3281,17373066948650594304
3282,22430112610874556416
3283,31850622739192754176
3284,45604300740206231552
3285,53566956425005998080
3286,15201433580070846464
3287,0
3288,0
3289,0
3290,12314617571903098880
3291,10853117410704971776
3292,1445230882527265536
3293,0
3294,0
3295,0
3296,12301574886282381312
3297,55014712004060217344
3298,61529612109805764608
3299,39813278423989370880
3300,22440211475338772480
3301,14472506397680455680
3302,22440211436064464896
3303,35470011686829875200
3304,50671445266897567744
3305,52123548381374373888
3306,20271476476793606144
3307,0
3308,0
3309,1452805011125928448
3310,14482605183211438080
3311,13753678040351856640
3312,8685084348452792320
3313,0
3314,0
3315,0
3316,23887967054396145664
3317,68053207365167079424
3318,73835534531765026816
3319,58634100951697334272
3320,48499811780107321344
3321,39812553861181800448
3322,45604300740206231552
3323,53569130192588570624
3324,49947567477372035072
3325,42705166609740374016
3326,18101292312860207104
3327,0
3328,1442706186576924928
3329,12305922461428932608
3330,17373791511329482752
3331,18094046407917838336
3332,19544700317230342144
3333,20262781367011921920
3334,0
3335,0
3336,28960161012963852288
3337,61527087413663211520
3338,55738589833183551488
3339,39813278423989370880
3340,41983462627505848320
3341,26785651979926257664
3342,12308820791739422720
3343,31123121977499394048
3344,42708789582097801216
3345,47057105751047225344
3346,14475031094527752192
3347,0
3348,0
3349,0
3350,14475382023217004544
3351,15922412999851548672
3352,5794645288381393920
3353,728225364016538368
3354,0
3355,0
3356,11582044592742971392
3357,54290834214531530752
3358,55016161168933502976
