case,id,diameter_um,initial_radius_um,initial_mass_kg,dropper_line,speed_m_s,angle_deg,entered_lcfs,entered_core,terminal_fate,last_time_s,last_Z_m,last_R_m,min_Z_m,min_psi_n,last_radius_um,minimum_radius_um,maximum_temperature_K,wall_distance_mm,closest_wall_segment,max_a_over_lambdaD
dt2us,1,40,20.0,1.7894511754847454e-11,16,1.0,-15.0,False,False,upper_or_side_wall,0.214,0.27982454439402,0.94672200956101,0.27982454439402,1.2272343883797971,19.58969237473,19.58969237473,920.28756031948,5.2212739697337796,54,1.0014756052682
dt2us,2,40,20.0,1.7894511754847454e-11,16,1.0,-7.5,False,False,upper_or_side_wall,0.241,0.19068372747749,0.97621960725122,0.19068372747749,1.2217483298042324,18.638513833329,18.638513833329,957.31011668699,0.09225361673047561,56,1.0045050512918
dt2us,3,40,20.0,1.7894511754847454e-11,16,1.0,0.0,False,False,evaporated_in_SOL,0.19399999999999998,0.41744153386502,0.55764873804509,0.41744153386502,1.0615174565101326,2.81289685857,2.81289685857,1280.8953240318,162.11252730945276,41,1.3412136741682
dt2us,4,40,20.0,1.7894511754847454e-11,16,1.0,7.5,False,False,evaporated_in_SOL,0.19799999999999998,0.42764700059672,0.54467530298078,0.42764700059672,1.0616064014430089,4.6344092723239,4.6344092723239,1279.7817629861,159.75254373604332,40,1.3790173621946
dt2us,5,40,20.0,1.7894511754847454e-11,16,1.0,15.0,False,False,evaporated_in_SOL,0.208,0.41105662262343,0.56229402326882,0.41105662262343,1.0545305408967167,4.7749220380437,4.7749220380437,1280.8953285597,165.43475083536177,41,1.3805238841758
dt2us,6,40,20.0,1.7894511754847454e-11,16,1.25,-15.0,False,False,upper_or_side_wall,0.19699999999999998,0.28242479807334,0.94955023672775,0.28242479807334,1.218202019812516,19.52398781625,19.52398781625,934.41564528252,1.8108919580233864,54,1.0012674752021
dt2us,7,40,20.0,1.7894511754847454e-11,16,1.25,-7.5,False,False,upper_or_side_wall,0.22399999999999998,0.19192636573829,0.97410025705426,0.19192636573829,1.2163452991152155,18.607851633703,18.607851633703,957.46417095332,1.8123122421181825,56,1.0044893527899
dt2us,8,40,20.0,1.7894511754847454e-11,16,1.25,0.0,False,False,evaporated_in_SOL,0.177,0.42689801217004,0.5488641986402,0.42689801217004,1.0677276596860168,4.559975781978699,4.559975781978699,1279.7814102312,158.19583741237358,40,1.3521982496738
dt2us,9,40,20.0,1.7894511754847454e-11,16,1.25,7.5,False,False,evaporated_in_SOL,0.184,0.42387245263418,0.54528984093764,0.42387245263418,1.052955052029219,3.0413137028548003,3.0413137028548003,1279.781762599,162.63408240402484,40,1.3887166958424
dt2us,10,40,20.0,1.7894511754847454e-11,16,1.25,15.0,False,False,evaporated_in_SOL,0.19499999999999998,0.40543082135002,0.56938438724904,0.40543082135002,1.055614558987164,5.6446138456019,5.6446138456019,1280.8953285597,166.90515693181672,41,1.3831412878014
dt2us,11,40,20.0,1.7894511754847454e-11,16,1.5,-15.0,False,False,upper_or_side_wall,0.185,0.2748673074126,0.95188552971235,0.2748673074126,1.2090078834363533,19.415236680188002,19.415236680188002,944.60075328089,1.5358275769728957,54,1.0012064167796
dt2us,12,40,20.0,1.7894511754847454e-11,16,1.5,-7.5,False,False,upper_or_side_wall,0.208,0.1952038941012,0.96924210911601,0.1952038941012,1.2066687649794,17.672839139534,17.672839139534,1009.3875692366,5.642833828406744,56,1.2274726459101
dt2us,13,40,20.0,1.7894511754847454e-11,16,1.5,0.0,False,False,evaporated_in_SOL,0.163,0.42872507132443,0.54171015092252,0.42872507132443,1.0586812017930174,2.4971080706851003,2.4971080706851003,1279.781753931,160.45575894559227,40,1.353018161423
dt2us,14,40,20.0,1.7894511754847454e-11,16,1.5,7.5,False,False,evaporated_in_SOL,0.17099999999999999,0.42339356788244,0.54589710663315,0.42339356788244,1.0528697094620072,3.4763862190868,3.4763862190868,1279.7817629861,162.72806584598462,40,1.3927822889498
dt2us,15,40,20.0,1.7894511754847454e-11,16,1.5,15.0,False,False,evaporated_in_SOL,0.183,0.40052796184332,0.57609319274432,0.40052796184332,1.0562885895012437,6.7792058969519005,6.7792058969519005,1280.8953285597,167.94438852932643,41,1.3841961044656
dt2us,16,40,20.0,1.7894511754847454e-11,17,1.0,-15.0,False,False,upper_or_side_wall,0.236,0.22039296937207,0.96639167388844,0.22039296937207,1.2123862440946156,18.766536363148003,18.766536363148003,957.03805602225,1.798630861480135,55,1.0044027763289
dt2us,17,40,20.0,1.7894511754847454e-11,17,1.0,-7.5,False,False,evaporated_in_SOL,0.19699999999999998,0.4079247122952,0.57159656677217,0.4079247122952,1.0678968757273415,3.1188933836099997,3.1188933836099997,1280.8953039669,163.65044777547297,41,1.330389259388
dt2us,18,40,20.0,1.7894511754847454e-11,17,1.0,0.0,False,False,evaporated_in_SOL,0.19499999999999998,0.43809601467435,0.53323283093502,0.43809601467435,1.0667034091249417,4.7894921839758,4.7894921839758,1279.7817629861,157.7760846656929,40,1.3702322826666
dt2us,19,40,20.0,1.7894511754847454e-11,17,1.0,7.5,False,False,evaporated_in_SOL,0.204,0.42084089311742,0.54778339364024,0.42084089311742,1.0498063778356517,2.6644665427528,2.6644665427528,1319.6103052091,163.96352978127854,40,1.3751524187896
dt2us,20,40,20.0,1.7894511754847454e-11,17,1.0,15.0,False,False,evaporated_in_SOL,0.214,0.4050608815681,0.57099110886132,0.4050608815681,1.0582819930264602,6.5643504024673005,6.5643504024673005,1280.8953285597,166.44753219706266,41,1.3823603266201
dt2us,21,40,20.0,1.7894511754847454e-11,17,1.25,-15.0,False,False,upper_or_side_wall,0.204,0.27688628623889,0.94720471945513,0.27688628623889,1.2066300827656824,18.723236410953,18.723236410953,997.45163881624,5.524721207104971,54,1.337344635453
dt2us,22,40,20.0,1.7894511754847454e-11,17,1.25,-7.5,False,False,evaporated_in_SOL,0.181,0.40828219586208,0.57093855029673,0.40828219586208,1.0672853376016753,2.8869127132612,2.8869127132612,1280.8953240117,163.65785103879202,41,1.361329844516
dt2us,23,40,20.0,1.7894511754847454e-11,17,1.25,0.0,False,False,evaporated_in_SOL,0.18,0.4352829897273,0.53120263809017,0.4352829897273,1.0562488718629166,2.4354791894493,2.4354791894493,1279.781753931,161.24305696835242,40,1.3729213077576
dt2us,24,40,20.0,1.7894511754847454e-11,17,1.25,7.5,False,False,evaporated_in_SOL,0.189,0.42164639389191,0.55033628395345,0.42164639389191,1.0568679979100242,5.044916939777099,5.044916939777099,1279.7817629861,161.99581907787623,40,1.3801409542123
dt2us,25,40,20.0,1.7894511754847454e-11,17,1.25,15.0,False,False,evaporated_in_SOL,0.20099999999999998,0.39720894030544,0.57986079042794,0.39720894030544,1.0553585613356449,6.889046878585201,6.889046878585201,1280.8953285597,169.15039305320505,41,1.3805617052357
dt2us,26,40,20.0,1.7894511754847454e-11,17,1.5,-15.0,False,False,upper_or_side_wall,0.18,0.31046684671397,0.93761021351322,0.31046684671397,1.2009672216757892,18.626446815724,18.626446815724,997.61745921109,5.992195488166768,53,1.3402577667745
dt2us,27,40,20.0,1.7894511754847454e-11,17,1.5,-7.5,False,False,evaporated_in_SOL,0.16599999999999998,0.41220869953863,0.56563928517575,0.41220869953863,1.065120719737958,2.5002933548901,2.5002933548901,1280.8953421444,162.8019810823151,41,1.3801240375989
dt2us,28,40,20.0,1.7894511754847454e-11,17,1.5,0.0,False,False,evaporated_in_SOL,0.16599999999999998,0.43772970322292,0.52886795692739,0.43772970322292,1.058354659763901,3.0169070041514,3.0169070041514,1279.781753931,160.77625079157175,40,1.385704604353
dt2us,29,40,20.0,1.7894511754847454e-11,17,1.5,7.5,False,False,evaporated_in_SOL,0.176,0.4188793878249,0.55303188201027,0.4188793878249,1.0553992565081645,5.0593484139551,5.0593484139551,1280.8952486198,163.0999038868474,41,1.380123148754
dt2us,30,40,20.0,1.7894511754847454e-11,17,1.5,15.0,False,False,evaporated_in_SOL,0.189,0.3900695962881,0.58788005642122,0.3900695962881,1.0543516567439213,7.1573115052559,7.1573115052559,1280.8953285597,172.24615814286568,41,1.389515759395
dt2us,31,60,30.0,6.039397717261016e-11,16,1.0,-15.0,False,False,upper_or_side_wall,0.243,0.18628653979155,0.97644052552372,0.18628653979155,1.2098699694854576,28.898262330268,28.898262330268,955.52942303438,1.0303480533595017,56,1.5066537008363
dt2us,32,60,30.0,6.039397717261016e-11,16,1.0,-7.5,False,False,upper_or_side_wall,0.318,-0.060736381876106,0.98518533478981,-0.060736381876106,1.1426154235790749,15.637579502781,15.637579502781,1115.4813755092,2.026665210190015,63,2.000123111674
dt2us,33,60,30.0,6.039397717261016e-11,16,1.0,0.0,False,False,evaporated_in_SOL,0.19399999999999998,0.4306073166522,0.53416319191051,0.4306073166522,1.0493486036751836,3.8870944150363,3.8870944150363,1319.6103052091,163.2048966937206,40,2.1410700944512
dt2us,34,60,30.0,6.039397717261016e-11,16,1.0,7.5,False,False,evaporated_in_SOL,0.20099999999999998,0.425595731455,0.54003729581628,0.425595731455,1.0473489084588579,6.3620892138544,6.3620892138544,1319.6103052091,163.98943254309222,40,2.1078699970261
dt2us,35,60,30.0,6.039397717261016e-11,16,1.0,15.0,False,False,evaporated_in_SOL,0.211,0.40655389834002,0.56250772342008,0.40655389834002,1.0430306065576638,6.8142084829762,6.8142084829762,1321.7321223022,169.26598290649335,41,2.1140165371245
dt2us,36,60,30.0,6.039397717261016e-11,16,1.25,-15.0,False,False,upper_or_side_wall,0.19799999999999998,0.28688899060629,0.94952825577925,0.28688899060629,1.2017193719508303,28.849101034204,28.849101034204,988.9883679148,0.6632564728594936,54,2.0272812966417
dt2us,37,60,30.0,6.039397717261016e-11,16,1.25,-7.5,False,False,upper_or_side_wall,0.259,0.072853044730875,0.98251126462271,0.072853044730875,1.158906332328982,19.832823132490002,19.832823132490002,1064.2297848649,4.7007353772899885,59,2.0010190845615
dt2us,38,60,30.0,6.039397717261016e-11,16,1.25,0.0,False,False,evaporated_in_SOL,0.178,0.43471910983902,0.5295991883041,0.43471910983902,1.0520542336471714,5.1712851568961,5.1712851568961,1319.6094636502,162.67418769054544,40,2.1454921582189
dt2us,39,60,30.0,6.039397717261016e-11,16,1.25,7.5,False,False,evaporated_in_SOL,0.187,0.4206197646652,0.54348047545691,0.4206197646652,1.0410311874766556,3.9562556982638997,3.9562556982638997,1319.6103052091,166.35314519942222,40,2.1078994943189
dt2us,40,60,30.0,6.039397717261016e-11,16,1.25,15.0,False,False,evaporated_in_SOL,0.19799999999999998,0.39931392584748,0.5706218317153,0.39931392584748,1.0395132347177132,7.0464639665858,7.0464639665858,1321.7321223022,171.64949404164577,41,2.1139145707379
dt2us,41,60,30.0,6.039397717261016e-11,16,1.5,-15.0,False,False,upper_or_side_wall,0.179,0.30378543868862,0.93946300095828,0.30378543868862,1.1948421638650466,28.695511049011,28.695511049011,992.23578359362,5.953421482155455,53,2.0272812988459
dt2us,42,60,30.0,6.039397717261016e-11,16,1.5,-7.5,False,False,upper_or_side_wall,0.241,0.080301081310391,0.98570762527065,0.080301081310391,1.1568150329529832,19.714213782109002,19.714213782109002,1064.2299122168,1.5043747293499443,59,2.0682802429137
dt2us,43,60,30.0,6.039397717261016e-11,16,1.5,0.0,False,False,evaporated_in_SOL,0.16399999999999998,0.43736945799049,0.52593094650062,0.43736945799049,1.0524516520627614,5.585816369165601,5.585816369165601,1319.6101500282,162.9176721542868,40,2.1569093122941
dt2us,44,60,30.0,6.039397717261016e-11,16,1.5,7.5,False,False,evaporated_in_SOL,0.174,0.41858911579429,0.54552959613075,0.41858911579429,1.0396407972002117,4.1541086922233,4.1541086922233,1319.6103052091,167.044233467203,40,2.1083136881378
dt2us,45,60,30.0,6.039397717261016e-11,16,1.5,15.0,False,False,evaporated_in_SOL,0.186,0.3930816588572,0.57791310512145,0.3930816588572,1.0374108967664302,7.6438680543272,7.6438680543272,1321.7321223022,173.7128473560715,41,2.1043825368458
dt2us,46,60,30.0,6.039397717261016e-11,17,1.0,-15.0,False,False,upper_or_side_wall,0.243,0.20531272417027,0.97115132485164,0.20531272417027,1.1876993179909534,26.315088667107,26.315088667107,1010.2150290097,1.1534492911833185,56,2.0062783608386
dt2us,47,60,30.0,6.039397717261016e-11,17,1.0,-7.5,False,False,evaporated_in_SOL,0.193,0.4374652013593,0.52997685332377,0.4374652013593,1.0596966110339727,5.5153501753958,5.5153501753958,1279.7817629861,160.2871695036528,40,2.1414818456495
dt2us,48,60,30.0,6.039397717261016e-11,17,1.0,0.0,False,False,evaporated_in_SOL,0.19799999999999998,0.43572200928982,0.52751105306274,0.43572200928982,1.0510087012035874,6.0020252786593,6.0020252786593,1319.6103052091,163.19056615975782,40,2.1057288492206
dt2us,49,60,30.0,6.039397717261016e-11,17,1.0,7.5,False,False,evaporated_in_SOL,0.207,0.41622844921689,0.54871113614103,0.41622844921689,1.03949846703401,3.9919997125510998,3.9919997125510998,1319.6103052091,167.51670772023883,41,2.1032557957216
dt2us,50,60,30.0,6.039397717261016e-11,17,1.0,15.0,False,False,evaporated_in_SOL,0.217,0.39705198379439,0.57315727476546,0.39705198379439,1.038490737031783,7.0543790811011995,7.0543790811011995,1321.7321223022,172.39950203249126,41,2.1185450967417
dt2us,51,60,30.0,6.039397717261016e-11,17,1.25,-15.0,False,False,upper_or_side_wall,0.219,0.2310796950678,0.96332485376496,0.2310796950678,1.1872470351114985,26.941449281378,26.941449281378,1009.38353632,1.9603821112607216,55,2.0103882641491
dt2us,52,60,30.0,6.039397717261016e-11,17,1.25,-7.5,False,False,evaporated_in_SOL,0.177,0.4377981474456,0.52883243571613,0.4377981474456,1.0584388063809094,4.8876308283586,4.8876308283586,1279.7817629861,160.74543521215605,40,2.1499525180244
dt2us,53,60,30.0,6.039397717261016e-11,17,1.25,0.0,False,False,evaporated_in_SOL,0.182,0.43831726042222,0.52559594370945,0.43831726042222,1.0539276733455887,7.9200420036822,7.9200420036822,1279.781764118,162.40513427226028,40,2.109911061836
dt2us,54,60,30.0,6.039397717261016e-11,17,1.25,7.5,False,False,evaporated_in_SOL,0.192,0.41541918438728,0.55120886605155,0.41541918438728,1.0423975314556266,6.2918726779805,6.2918726779805,1321.73212042,167.00996099807318,41,2.1089456457708
dt2us,55,60,30.0,6.039397717261016e-11,17,1.25,15.0,False,False,evaporated_in_SOL,0.204,0.38779657304962,0.58292146209245,0.38779657304962,1.0341518525093756,5.5197669513662,5.5197669513662,1356.1487601783,176.32691891311103,41,2.1360833174618
dt2us,56,60,30.0,6.039397717261016e-11,17,1.5,-15.0,False,False,upper_or_side_wall,0.20199999999999999,0.23822850269958,0.9601839690208,0.23822850269958,1.1826293098770837,27.017849868358997,27.017849868358997,1009.3769236032,3.1199394406556893,55,2.0103882652446
dt2us,57,60,30.0,6.039397717261016e-11,17,1.5,-7.5,False,False,evaporated_in_SOL,0.163,0.43695394108189,0.52724473684842,0.43695394108189,1.053671996232856,3.1611431991442998,3.1611431991442998,1279.7817629861,162.40256060032445,40,2.153772900645
dt2us,58,60,30.0,6.039397717261016e-11,17,1.5,0.0,False,False,evaporated_in_SOL,0.16899999999999998,0.43331049813583,0.52658620210818,0.43331049813583,1.0433106861993855,3.1519376317274,3.1519376317274,1319.6103052091,165.6495585490779,40,2.1070558029946
dt2us,59,60,30.0,6.039397717261016e-11,17,1.5,7.5,False,False,evaporated_in_SOL,0.179,0.41121851500734,0.5547954279169,0.41121851500734,1.0390009219944896,5.058730844886,5.058730844886,1356.148628705,168.9378746671603,41,2.1228485215695
dt2us,60,60,30.0,6.039397717261016e-11,17,1.5,15.0,False,False,evaporated_in_SOL,0.192,0.3792824875969,0.59189789475632,0.3792824875969,1.0314927376358558,3.8823626437158,3.8823626437158,1394.7252081243,180.7525217057447,41,2.1269813840809
dt2us,61,80,40.0,1.4315609403877963e-10,16,1.0,-15.0,False,False,upper_or_side_wall,0.23099999999999998,0.23622071066456,0.96258982226416,0.23622071066456,1.1972903171473752,38.042626897113,38.042626897113,1003.7912790669,1.3237110528442186,55,2.6805176869256
dt2us,62,80,40.0,1.4315609403877963e-10,16,1.0,-7.5,False,False,evaporated_in_SOL,0.19699999999999998,0.4063420078214,0.56871090999442,0.4063420078214,1.056808716472485,7.9667422525861005,7.9667422525861005,1280.8953285597,166.43617312149328,41,2.8560514771314
dt2us,63,80,40.0,1.4315609403877963e-10,16,1.0,0.0,False,False,evaporated_in_SOL,0.19499999999999998,0.43530936232626,0.52545837799979,0.43530936232626,1.046429449717081,7.9260556965295,7.9260556965295,1319.6103052092,164.80686731049101,40,2.8838108289212
dt2us,64,80,40.0,1.4315609403877963e-10,16,1.0,7.5,False,False,evaporated_in_SOL,0.20299999999999999,0.42329464024782,0.53882506747083,0.42329464024782,1.0390735022717519,9.422880415779899,9.422880415779899,1319.6103075602,166.5784541484362,40,2.8765500029697
dt2us,65,80,40.0,1.4315609403877963e-10,16,1.0,15.0,False,False,evaporated_in_SOL,0.213,0.40247677759986,0.56357100856117,0.40247677759986,1.0327391914741673,8.4149454813872,8.4149454813872,1356.1487601783,172.312332980641,41,2.8551735298637
dt2us,66,80,40.0,1.4315609403877963e-10,16,1.25,-15.0,False,False,upper_or_side_wall,0.21,0.25082739397184,0.95977739404929,0.25082739397184,1.1913922703316995,38.089061574143,38.089061574143,1003.2114167002,0.21359115597844797,55,2.7030417318226
dt2us,67,80,40.0,1.4315609403877963e-10,16,1.25,-7.5,False,False,evaporated_in_SOL,0.182,0.4015519886652,0.57251414074117,0.4015519886652,1.0509760291154617,5.3826496195454,5.3826496195454,1321.4508532025,168.77383206769304,41,2.9753296619919
dt2us,68,80,40.0,1.4315609403877963e-10,16,1.25,0.0,False,False,evaporated_in_SOL,0.18,0.43287388925837,0.52562704264178,0.43287388925837,1.0405651158498066,4.5242315147594,4.5242315147594,1319.6103070901,166.59032396260255,40,2.8842315279011
dt2us,69,80,40.0,1.4315609403877963e-10,16,1.25,7.5,False,False,evaporated_in_SOL,0.189,0.41762993902355,0.54355877222274,0.41762993902355,1.0334064259472813,5.3798473924365,5.3798473924365,1353.4086988734,168.87319366279164,40,2.8405313555238
dt2us,70,80,40.0,1.4315609403877963e-10,16,1.25,15.0,False,False,evaporated_in_SOL,0.19999999999999998,0.39420941569906,0.57254223651744,0.39420941569906,1.02817939861869,6.9236472317338,6.9236472317338,1392.5618854741,175.1912630328244,41,2.8712389249031
dt2us,71,80,40.0,1.4315609403877963e-10,16,1.5,-15.0,False,False,upper_or_side_wall,0.19599999999999998,0.24829895523877,0.96025444457171,0.24829895523877,1.1842587577173807,37.85363336597,37.85363336597,1005.6480231127,0.41519822625142017,55,2.7030417318329
dt2us,72,80,40.0,1.4315609403877963e-10,16,1.5,-7.5,False,False,evaporated_in_SOL,0.16699999999999998,0.40577031138527,0.56757944261726,0.40577031138527,1.0523807457055074,5.3651548267061,5.3651548267061,1280.8953285597,167.48573689633508,41,2.9897445204355
dt2us,73,80,40.0,1.4315609403877963e-10,16,1.5,0.0,False,False,evaporated_in_SOL,0.16599999999999998,0.43516827511725,0.52253275406915,0.43516827511725,1.0410394408350312,5.6254677534002,5.6254677534002,1319.6103070901,166.78686506336973,40,2.8844006104395
dt2us,74,80,40.0,1.4315609403877963e-10,16,1.5,7.5,False,False,evaporated_in_SOL,0.176,0.4145521047526,0.54665355208266,0.4145521047526,1.0312335554920862,4.4937387668146,4.4937387668146,1389.739948864,169.98417678517913,40,2.8382542383315
dt2us,75,80,40.0,1.4315609403877963e-10,16,1.5,15.0,False,False,evaporated_in_SOL,0.188,0.38702188716649,0.58054433857803,0.38702188716649,1.0254428012100953,5.6117845021655,5.6117845021655,1392.5618854741,178.0237110050446,41,2.8626827731169
dt2us,76,80,40.0,1.4315609403877963e-10,17,1.0,-15.0,False,False,evaporated_in_SOL,0.221,0.3300437613025,0.65103598081067,0.3300437613025,1.0633556649758142,4.987790759048,4.987790759048,1283.3702111566,218.3919053273089,41,2.976260291596
dt2us,77,80,40.0,1.4315609403877963e-10,17,1.0,-7.5,False,False,evaporated_in_SOL,0.19399999999999998,0.44091924265763,0.51941891100636,0.44091924265763,1.0491856751377877,6.7087440166925,6.7087440166925,1319.6103052091,164.510692442023,40,2.8839298243732
dt2us,78,80,40.0,1.4315609403877963e-10,17,1.0,0.0,False,False,evaporated_in_SOL,0.19999999999999998,0.43347872336215,0.52577540213447,0.43347872336215,1.0423477051015502,8.5199412360175,8.5199412360175,1319.6103069254,166.0262913390369,40,2.8631903528217
dt2us,79,80,40.0,1.4315609403877963e-10,17,1.0,7.5,False,False,evaporated_in_SOL,0.209,0.41209627384375,0.55027278397587,0.41209627384375,1.0316779790676913,4.5365668226924,4.5365668226924,1392.4836978248,170.3689485291952,41,2.8423774530774
dt2us,80,80,40.0,1.4315609403877963e-10,17,1.0,15.0,False,False,evaporated_in_SOL,0.219,0.39073438346421,0.57604142583705,0.39073438346421,1.0256582206581197,4.8135362975537,4.8135362975537,1392.5618854741,176.6510108030009,41,2.8733277281865
dt2us,81,80,40.0,1.4315609403877963e-10,17,1.25,-15.0,False,False,upper_or_side_wall,0.246,0.13718242939915,0.98239172467263,0.13718242939915,1.1598230909791671,29.119425674278,29.119425674278,1064.2299101323,4.8202753273699495,58,3.1847075732427
dt2us,82,80,40.0,1.4315609403877963e-10,17,1.25,-7.5,False,False,evaporated_in_SOL,0.178,0.44070925065664,0.51884961816648,0.44070925065664,1.0478854526399866,5.1388975120206,5.1388975120206,1319.6103052091,165.04920700029575,40,2.9029636487151
dt2us,83,80,40.0,1.4315609403877963e-10,17,1.25,0.0,False,False,evaporated_in_SOL,0.184,0.43535621640065,0.52410585391946,0.43535621640065,1.0442196367674306,10.495898955776,10.495898955776,1319.6103070901,165.63256775863803,40,2.8616548089386
dt2us,84,80,40.0,1.4315609403877963e-10,17,1.25,7.5,False,False,evaporated_in_SOL,0.19399999999999998,0.41034313308249,0.55289072363552,0.41034313308249,1.032644768925898,6.5899289124064,6.5899289124064,1356.1487601783,170.62866358076514,41,2.8672870165841
dt2us,85,80,40.0,1.4315609403877963e-10,17,1.25,15.0,False,False,evaporated_in_SOL,0.205,0.38645520958597,0.58345910359992,0.38645520958597,1.0314021875189452,11.848144422867001,11.848144422867001,1356.1487609861,177.3295942811881,41,2.8628615300682
dt2us,86,80,40.0,1.4315609403877963e-10,17,1.5,-15.0,False,False,upper_or_side_wall,0.213,0.20393420299528,0.96614811073489,0.20393420299528,1.1647276982452677,32.032749436642,32.032749436642,1064.2299095983,6.343059479399673,56,3.2696575803457
dt2us,87,80,40.0,1.4315609403877963e-10,17,1.5,-7.5,False,False,evaporated_in_SOL,0.163,0.44624222857849,0.51363485804334,0.44624222857849,1.0512743593317824,8.515388623834601,8.515388623834601,1319.6103050528,164.6490456521212,40,2.9954410179175
dt2us,88,80,40.0,1.4315609403877963e-10,17,1.5,0.0,False,False,evaporated_in_SOL,0.17099999999999999,0.43000373846433,0.52654745946627,0.43000373846433,1.0348742107148268,4.1635950328538,4.1635950328538,1353.4086956413,168.26835201662135,40,2.8839862859554
dt2us,89,80,40.0,1.4315609403877963e-10,17,1.5,7.5,False,False,evaporated_in_SOL,0.18,0.41109124490744,0.55415408054228,0.41109124490744,1.037300784725275,12.196227171699,12.196227171699,1356.1487609836,169.36082040369027,41,2.85859127854
dt2us,90,80,40.0,1.4315609403877963e-10,17,1.5,15.0,False,False,evaporated_in_SOL,0.193,0.37766490615284,0.59250633541489,0.37766490615284,1.0281735694459813,8.4096404608545,8.4096404608545,1394.7424011699,182.05451595619738,41,2.8675499948889
dt2us,91,100,50.0,2.796017461694915e-10,16,1.0,-15.0,False,False,upper_or_side_wall,0.248,0.17953816545657,0.97907497463234,0.17953816545657,1.1871336587123975,46.421694802282,46.421694802282,1009.7151082573,0.2547145946240953,56,3.3788021647839
dt2us,92,100,50.0,2.796017461694915e-10,16,1.0,-7.5,False,False,evaporated_in_SOL,0.19499999999999998,0.41841277884598,0.54743620051521,0.41841277884598,1.0427984227383886,5.3201141791217,5.3201141791217,1319.6103061496,166.24058042577946,40,3.7433574212379
dt2us,93,100,50.0,2.796017461694915e-10,16,1.0,0.0,False,False,evaporated_in_SOL,0.19699999999999998,0.43153921882946,0.52469763281967,0.43153921882946,1.0356084208125769,6.2193977968356,6.2193977968356,1353.4086988734,168.21285391920952,40,3.6056560634082
dt2us,94,100,50.0,2.796017461694915e-10,16,1.0,7.5,False,False,evaporated_in_SOL,0.205,0.41831116101527,0.54034972529719,0.41831116101527,1.0290904076015877,7.2806959797131,7.2806959797131,1389.739951607,169.96020567126314,40,3.646656453586
dt2us,95,100,50.0,2.796017461694915e-10,16,1.0,15.0,False,False,evaporated_in_SOL,0.214,0.40149301155123,0.56332270124173,0.40149301155123,1.0291571063835325,14.045994232263,14.045994232263,1392.56188322,173.2927697758578,41,3.5939009799326
dt2us,96,100,50.0,2.796017461694915e-10,16,1.25,-15.0,False,False,upper_or_side_wall,0.22799999999999998,0.19006420563386,0.97592416328325,0.19006420563386,1.1815883664641127,46.645200200865,46.645200200865,1009.3553701608,0.5395989360421967,56,3.3788021647954
dt2us,97,100,50.0,2.796017461694915e-10,16,1.25,-7.5,False,False,evaporated_in_SOL,0.179,0.4190403222612,0.54697272860097,0.4190403222612,1.0435582684923694,5.248649483584099,5.248649483584099,1319.6103061496,165.92791246830967,40,3.7440318281177
dt2us,98,100,50.0,2.796017461694915e-10,16,1.25,0.0,False,False,evaporated_in_SOL,0.181,0.43477204451879,0.52090388957962,0.43477204451879,1.0374737672515182,9.438764831675,9.438764831675,1353.4086996815,168.14278233131554,40,3.6067185095549
dt2us,99,100,50.0,2.796017461694915e-10,16,1.25,7.5,False,False,evaporated_in_SOL,0.19,0.41757976355298,0.54197285629047,0.41757976355298,1.0302716734233721,11.237272239099001,11.237272239099001,1389.7399505902,169.7338766941795,40,3.5750572195668
dt2us,100,100,50.0,2.796017461694915e-10,16,1.25,15.0,False,False,evaporated_in_SOL,0.20099999999999998,0.39271716247577,0.57270113697874,0.39271716247577,1.0239097985889598,11.048976218034,11.048976218034,1392.5618858161,176.4310868620767,41,3.5950483869349
dt2us,101,100,50.0,2.796017461694915e-10,16,1.5,-15.0,False,False,upper_or_side_wall,0.19899999999999998,0.24333404176539,0.95732705052174,0.24333404176539,1.173931063628215,46.320443429455,46.320443429455,1052.5567978285,4.540421269950003,55,4.1364697092566
dt2us,102,100,50.0,2.796017461694915e-10,16,1.5,-7.5,False,False,evaporated_in_SOL,0.16399999999999998,0.424710937503,0.54049093370092,0.424710937503,1.0459298763372986,7.471098149212399,7.471098149212399,1319.6103052091,164.48224967523072,40,3.9955736202438
dt2us,103,100,50.0,2.796017461694915e-10,16,1.5,0.0,False,False,evaporated_in_SOL,0.16699999999999998,0.43642673219057,0.51850058515957,0.43642673219057,1.0380326264155897,10.825042405701,10.825042405701,1353.4087002673,168.46932808084685,40,3.6109181731346
dt2us,104,100,50.0,2.796017461694915e-10,16,1.5,7.5,False,False,evaporated_in_SOL,0.177,0.41402320781501,0.54544747543983,0.41402320781501,1.027582887482929,8.9219548483081,8.9219548483081,1389.739951607,171.0386363078997,40,3.5894971808146
dt2us,105,100,50.0,2.796017461694915e-10,16,1.5,15.0,False,False,evaporated_in_SOL,0.189,0.38503196122199,0.58105992900633,0.38503196122199,1.020613237963014,7.9884860530853,7.9884860530853,1430.5842718657,179.61438773558655,41,3.5858325661959
dt2us,106,100,50.0,2.796017461694915e-10,17,1.0,-15.0,False,False,evaporated_in_SOL,0.19999999999999998,0.40601806406823,0.56868087916596,0.40601806406823,1.055770093959138,8.578666390541299,8.578666390541299,1280.8953291256,166.73387578949493,41,3.9954668473876
dt2us,107,100,50.0,2.796017461694915e-10,17,1.0,-7.5,False,False,evaporated_in_SOL,0.19499999999999998,0.44259941317999,0.51371303728662,0.44259941317999,1.0439525846858573,10.218578416396,10.218578416396,1319.6103052092,167.1903582439252,40,3.6996124974556
dt2us,108,100,50.0,2.796017461694915e-10,17,1.0,0.0,False,False,evaporated_in_SOL,0.20199999999999999,0.42858653060483,0.52692723451995,0.42858653060483,1.0319290987906156,7.4969331569312,7.4969331569312,1353.4086988734,169.15612676952898,40,3.6372652808249
dt2us,109,100,50.0,2.796017461694915e-10,17,1.0,7.5,False,False,evaporated_in_SOL,0.21,0.41141328445981,0.54937701457956,0.41141328445981,1.0281388260679207,8.7227711084775,8.7227711084775,1392.5618847902,171.4012170173642,41,3.5909261525552
dt2us,110,100,50.0,2.796017461694915e-10,17,1.0,15.0,False,False,evaporated_in_SOL,0.22,0.38864241394236,0.57664794670375,0.38864241394236,1.0205797527566807,7.0408066750839,7.0408066750839,1430.5842718657,178.25051667526628,41,3.5951115831337
dt2us,111,100,50.0,2.796017461694915e-10,17,1.25,-15.0,False,False,evaporated_in_SOL,0.20099999999999998,0.34091728484192,0.64183415398743,0.34091728484192,1.0665093678304163,6.5575861399574995,6.5575861399574995,1283.3702104527,207.93322338250692,41,4.0890295962596
dt2us,112,100,50.0,2.796017461694915e-10,17,1.25,-7.5,False,False,evaporated_in_SOL,0.179,0.44232475741447,0.51303604922519,0.44232475741447,1.0423574435118903,8.136341297836,8.136341297836,1319.6103052091,167.8589675863097,40,3.7444170569779
dt2us,113,100,50.0,2.796017461694915e-10,17,1.25,0.0,False,False,evaporated_in_SOL,0.186,0.43009601429351,0.52513615484623,0.43009601429351,1.0327118384355993,9.6798554895413,9.6798554895413,1353.4086996815,169.06781179347374,40,3.6367754766813
dt2us,114,100,50.0,2.796017461694915e-10,17,1.25,7.5,False,False,evaporated_in_SOL,0.19499999999999998,0.40892865170089,0.55265644682774,0.40892865170089,1.028427305537675,10.377520583995,10.377520583995,1392.5618854741,171.9786991911491,41,3.5917675017339
dt2us,115,100,50.0,2.796017461694915e-10,17,1.25,15.0,False,False,evaporated_in_SOL,0.206,0.38368679820418,0.584393632561,0.38368679820418,1.0252663831152387,14.440299206203001,14.440299206203001,1392.5618861585,179.48760910301706,41,3.5857911658339
dt2us,116,100,50.0,2.796017461694915e-10,17,1.5,-15.0,False,False,upper_or_side_wall,0.239,0.11105167362111,0.9824932038618,0.11105167362111,1.1416059472678688,32.663963199274,32.663963199274,1117.7957492776,4.718796138200032,58,4.1368647368183
dt2us,117,100,50.0,2.796017461694915e-10,17,1.5,-7.5,False,False,evaporated_in_SOL,0.16499999999999998,0.4414535857381,0.51290654003155,0.4414535857381,1.0403839114521571,5.7849664515829,5.7849664515829,1319.6103052091,168.57460899434065,40,3.7444190813608
dt2us,118,100,50.0,2.796017461694915e-10,17,1.5,0.0,False,False,evaporated_in_SOL,0.172,0.43004448943455,0.52448352050616,0.43004448943455,1.0314739324209699,9.7998534923107,9.7998534923107,1353.4086996815,169.51391174502245,40,3.650344252351
dt2us,119,100,50.0,2.796017461694915e-10,17,1.5,7.5,False,False,evaporated_in_SOL,0.182,0.40348668322668,0.5575289084727,0.40348668322668,1.0231332813469152,5.301518366360701,5.301518366360701,1430.5842707291,174.36643334379298,41,3.5940709519495
dt2us,120,100,50.0,2.796017461694915e-10,17,1.5,15.0,False,False,evaporated_in_SOL,0.19399999999999998,0.37452708934777,0.59367967569381,0.37452708934777,1.0216622971903904,8.9006584498817,8.9006584498817,1431.9615102961,184.6024294242854,41,3.5966446536473
dt2us,121,125,62.5,5.460971604872881e-10,16,1.0,-15.0,False,False,upper_or_side_wall,0.27299999999999996,0.095551213146305,0.98597183067593,0.095551213146305,1.15906613938826,49.682050618259,49.682050618259,1064.2298705658,1.2401693240700062,59,4.9924758106423
dt2us,122,125,62.5,5.460971604872881e-10,16,1.0,-7.5,False,False,evaporated_in_SOL,0.19399999999999998,0.42943224859821,0.53010071630469,0.42943224859821,1.0394493164171195,11.432817952227001,11.432817952227001,1319.6103073242,166.56297312231268,40,4.6805197069522
dt2us,123,125,62.5,5.460971604872881e-10,16,1.0,0.0,False,False,evaporated_in_SOL,0.19799999999999998,0.43311739251579,0.5200231292939,0.43311739251579,1.032032667576007,13.317787941997,13.317787941997,1353.4087000856,169.97362345621735,40,4.5392216434532
dt2us,124,125,62.5,5.460971604872881e-10,16,1.0,7.5,False,False,evaporated_in_SOL,0.206,0.41806893715052,0.5385848489999,0.41806893715052,1.0251169902945967,14.077028050669,14.077028050669,1389.7399522927,171.10296996497442,40,4.5708254930321
dt2us,125,125,62.5,5.460971604872881e-10,16,1.0,15.0,False,False,evaporated_in_SOL,0.215,0.39984747617525,0.56330772947067,0.39984747617525,1.0240092421046085,20.010418388554,20.010418388554,1392.5618863312,174.73814134841567,41,4.493966603861
dt2us,126,125,62.5,5.460971604872881e-10,16,1.25,-15.0,False,False,upper_or_side_wall,0.22599999999999998,0.20422091590175,0.96839705764171,0.20422091590175,1.1694701927752253,55.939703610027,55.939703610027,1063.659181079,4.097498554956799,56,5.1710688266591
dt2us,127,125,62.5,5.460971604872881e-10,16,1.25,-7.5,False,False,evaporated_in_SOL,0.178,0.42999603601209,0.52930167388007,0.42999603601209,1.0395292477031117,10.308512552522,10.308512552522,1319.6103070901,166.5943795018156,40,4.6805215177481
dt2us,128,125,62.5,5.460971604872881e-10,16,1.25,0.0,False,False,evaporated_in_SOL,0.183,0.4302069661523,0.52178514932388,0.4302069661523,1.0273231630915463,6.4142227891534,6.4142227891534,1389.7399502357,171.08166377942112,40,4.5621925538306
dt2us,129,125,62.5,5.460971604872881e-10,16,1.25,7.5,False,False,evaporated_in_SOL,0.191,0.41655153033066,0.54107247829654,0.41655153033066,1.0259014357347307,17.573162642215998,17.573162642215998,1389.739952807,171.08023200086,40,4.4927958329916
dt2us,130,125,62.5,5.460971604872881e-10,16,1.25,15.0,False,False,evaporated_in_SOL,0.20199999999999999,0.39065498393365,0.57302238989757,0.39065498393365,1.018250393333781,14.575857124495,14.575857124495,1430.584272292,178.10379274273936,41,4.4939511874526
dt2us,131,125,62.5,5.460971604872881e-10,16,1.5,-15.0,False,False,upper_or_side_wall,0.20299999999999999,0.23290670714573,0.9623861895667,0.23290670714573,1.1651895157591439,56.477356355503005,56.477356355503005,1063.2842865074,2.387938128342021,55,5.2138022533924
dt2us,132,125,62.5,5.460971604872881e-10,16,1.5,-7.5,False,False,evaporated_in_SOL,0.16399999999999998,0.42984526556241,0.52914990202475,0.42984526556241,1.0388882561864834,8.4316955517316,8.4316955517316,1353.4082334688,166.8062439492635,40,4.9945522702792
dt2us,133,125,62.5,5.460971604872881e-10,16,1.5,0.0,False,False,evaporated_in_SOL,0.16899999999999998,0.43136613262257,0.51956271640445,0.43136613262257,1.0269822826178523,7.6415639024852995,7.6415639024852995,1389.7399502357,171.6082401100286,40,4.5648674648659
dt2us,134,125,62.5,5.460971604872881e-10,16,1.5,7.5,False,False,evaporated_in_SOL,0.178,0.41260055411944,0.54484800332509,0.41260055411944,1.0227492395996909,13.776423974397002,13.776423974397002,1428.6452310043,172.57167162212042,40,4.4938176352701
dt2us,135,125,62.5,5.460971604872881e-10,16,1.5,15.0,False,False,evaporated_in_SOL,0.19,0.38256246050577,0.58168518076424,0.38256246050577,1.0145832382934246,8.8426048011221,8.8426048011221,1470.7753893681,181.6073535305125,41,4.5041974390556
dt2us,136,125,62.5,5.460971604872881e-10,17,1.0,-15.0,False,False,evaporated_in_SOL,0.19699999999999998,0.4230346580575,0.54321597175527,0.4230346580575,1.0468034417530991,11.170608216814,11.170608216814,1319.6103052592,164.43542213188007,40,5.1113692050509
dt2us,137,125,62.5,5.460971604872881e-10,17,1.0,-7.5,False,False,evaporated_in_SOL,0.19699999999999998,0.43873898583435,0.51312426373605,0.43873898583435,1.0351784722111945,9.1169962338341,9.1169962338341,1353.4087000532,170.38749727816554,40,4.6910490678559
dt2us,138,125,62.5,5.460971604872881e-10,17,1.0,0.0,False,False,evaporated_in_SOL,0.20299999999999999,0.42850963699217,0.52472368988137,0.42850963699217,1.0280091571011822,14.174199063746,14.174199063746,1389.7399522927,170.56899851118433,40,4.5726240114205
dt2us,139,125,62.5,5.460971604872881e-10,17,1.0,7.5,False,False,evaporated_in_SOL,0.211,0.40988192959109,0.5489818428897,0.40988192959109,1.0233880166075762,13.684862206965,13.684862206965,1430.5842719014,172.93159386644584,41,4.4938708012761
dt2us,140,125,62.5,5.460971604872881e-10,17,1.0,15.0,False,False,evaporated_in_SOL,0.221,0.38611885964896,0.57730506772792,0.38611885964896,1.0142757337272852,7.8684002871915,7.8684002871915,1470.7753891407,180.22857405236607,41,4.4939894736029
dt2us,141,125,62.5,5.460971604872881e-10,17,1.25,-15.0,False,False,evaporated_in_SOL,0.185,0.40260528978276,0.57137967709857,0.40260528978276,1.0515603232123427,8.5304643610321,8.5304643610321,1280.8953285597,168.40470619985194,41,5.1710877277851
dt2us,142,125,62.5,5.460971604872881e-10,17,1.25,-7.5,False,False,evaporated_in_SOL,0.18,0.44355140301057,0.50741823506984,0.44355140301057,1.0363254352487534,13.713275292431,13.713275292431,1353.3964028146,170.96571475142957,40,4.6821237546183
dt2us,143,125,62.5,5.460971604872881e-10,17,1.25,0.0,False,False,evaporated_in_SOL,0.187,0.42946109610288,0.52350929115677,0.42946109610288,1.0283515106732801,16.382544912341,16.382544912341,1389.7399526356,170.57756769873328,40,4.5726133897808
dt2us,144,125,62.5,5.460971604872881e-10,17,1.25,7.5,False,False,evaporated_in_SOL,0.19599999999999998,0.40692578557595,0.55265553936399,0.40692578557595,1.0231588464189043,14.546208853773999,14.546208853773999,1430.5842721498,173.72951962906404,41,4.4938981861559
dt2us,145,125,62.5,5.460971604872881e-10,17,1.25,15.0,False,False,evaporated_in_SOL,0.207,0.3806814230562,0.58532700424143,0.3806814230562,1.0183945325030384,15.754338981637,15.754338981637,1430.5842724341,181.88589745068592,41,4.4853746230906
dt2us,146,125,62.5,5.460971604872881e-10,17,1.5,-15.0,False,False,evaporated_in_SOL,0.174,0.38831290734477,0.59164643858672,0.38831290734477,1.0588667907515719,8.195478351434,8.195478351434,1280.8953291105,172.42696848713211,41,5.1710879571001
dt2us,147,125,62.5,5.460971604872881e-10,17,1.5,-7.5,False,False,evaporated_in_SOL,0.16599999999999998,0.44272675017007,0.50707473934186,0.44272675017007,1.0342241039142017,9.9649309740337,9.9649309740337,1353.4075699588,171.78703621890003,40,4.7019018433643
dt2us,148,125,62.5,5.460971604872881e-10,17,1.5,0.0,False,False,evaporated_in_SOL,0.173,0.42903394692069,0.52314783387189,0.42903394692069,1.0266642333054137,15.618868770768001,15.618868770768001,1389.7399524648,171.13691525776636,40,4.5738091585131
dt2us,149,125,62.5,5.460971604872881e-10,17,1.5,7.5,False,False,evaporated_in_SOL,0.183,0.40126595328507,0.55764385197589,0.40126595328507,1.0164976202541613,6.5061976989720005,6.5061976989720005,1430.5842718657,176.25134503859573,41,4.493966005876
dt2us,150,125,62.5,5.460971604872881e-10,17,1.5,15.0,False,False,evaporated_in_SOL,0.19499999999999998,0.37119251193166,0.59480155109231,0.37119251193166,1.0131130682260152,7.0783599516146,7.0783599516146,1470.5010969143,187.378420270649,41,4.5026326938662
dt2us,151,150,75.0,9.436558933220338e-10,16,1.0,-15.0,False,False,upper_or_side_wall,0.284,0.064303064144309,0.98299576922055,0.064303064144309,1.1385123105818078,54.355734943795994,54.355734943795994,1116.9151858235,4.216230779449992,59,6.2053026666691
dt2us,152,150,75.0,9.436558933220338e-10,16,1.0,-7.5,False,False,evaporated_in_SOL,0.19499999999999998,0.42923259306924,0.52644460956582,0.42923259306924,1.0327480642789488,8.4268539504655,8.4268539504655,1353.4087000856,168.94005593713803,40,5.616631460901
dt2us,153,150,75.0,9.436558933220338e-10,16,1.0,0.0,False,False,evaporated_in_SOL,0.19899999999999998,0.43271494023704,0.51767667481452,0.43271494023704,1.0275769779029023,17.927316407663,17.927316407663,1389.7399522928,171.80616983158683,40,5.4832158111717
dt2us,154,150,75.0,9.436558933220338e-10,16,1.0,7.5,False,False,evaporated_in_SOL,0.207,0.41639315349568,0.53821813674493,0.41639315349568,1.0200957059110998,17.247694792145,17.247694792145,1428.6452310128,172.7162158066587,40,5.4888442310449
dt2us,155,150,75.0,9.436558933220338e-10,16,1.0,15.0,False,False,evaporated_in_SOL,0.216,0.39735874477521,0.5637992591407,0.39735874477521,1.01730177814543,21.937362199128998,21.937362199128998,1430.5842725336,176.674234053864,41,5.408702449481
dt2us,156,150,75.0,9.436558933220338e-10,16,1.25,-15.0,False,False,upper_or_side_wall,0.24,0.15655347502672,0.97887669779944,0.15655347502672,1.1604786076068074,64.14728922052001,64.14728922052001,1064.2290216608,4.952057087811225,57,6.2565629011345
dt2us,157,150,75.0,9.436558933220338e-10,16,1.25,-7.5,False,False,evaporated_in_SOL,0.178,0.43519603082269,0.51908345619908,0.43519603082269,1.0358329039931224,15.171969329694,15.171969329694,1353.4086996815,169.01021359007675,40,5.9934634054587
dt2us,158,150,75.0,9.436558933220338e-10,16,1.25,0.0,False,False,evaporated_in_SOL,0.184,0.42972582017464,0.51939566603342,0.42972582017464,1.0226441975862395,10.147575802312,10.147575802312,1428.6452298608,172.97333706571433,40,5.4850289703549
dt2us,159,150,75.0,9.436558933220338e-10,16,1.25,7.5,False,False,evaporated_in_SOL,0.192,0.41443552401543,0.54109509827749,0.41443552401543,1.0204605421548292,20.427582611046,20.427582611046,1428.6452312916,172.87933601042397,40,5.4889610440428
dt2us,160,150,75.0,9.436558933220338e-10,16,1.25,15.0,False,False,evaporated_in_SOL,0.20299999999999999,0.38780421933999,0.57384400103266,0.38780421933999,1.011321030088035,12.66624868935,12.66624868935,1470.7753894817,180.25854144599307,41,5.4311158515665
dt2us,161,150,75.0,9.436558933220338e-10,16,1.5,-15.0,False,False,upper_or_side_wall,0.22,0.17266068244549,0.97996805333413,0.17266068244549,1.1564388515138604,65.02515581651201,65.02515581651201,1064.229001944,0.7654457303498093,57,6.2565629530062
dt2us,162,150,75.0,9.436558933220338e-10,16,1.5,-7.5,False,False,evaporated_in_SOL,0.16399999999999998,0.4351623597467,0.51852694247214,0.4351623597467,1.0349227988513847,12.283876979674,12.283876979674,1353.4087003045,169.40149081305856,40,5.9934634524663
dt2us,163,150,75.0,9.436558933220338e-10,16,1.5,0.0,False,False,evaporated_in_SOL,0.16999999999999998,0.43043463441263,0.51769598995098,0.43043463441263,1.0219369000323117,10.698945423650999,10.698945423650999,1428.6452301466,173.52488085810376,40,5.4882921105067
dt2us,164,150,75.0,9.436558933220338e-10,16,1.5,7.5,False,False,evaporated_in_SOL,0.179,0.41013339137072,0.54517586393535,0.41013339137072,1.016935753747763,14.260095618659,14.260095618659,1470.7753874483,174.56169067864047,40,5.3933150739189
dt2us,165,150,75.0,9.436558933220338e-10,16,1.5,15.0,False,False,evaporated_in_SOL,0.19,0.38439685592665,0.5800645454817,0.38439685592665,1.015996539082197,26.124146879661,26.124146879661,1430.5842727185,180.60699270286602,41,5.4624047860466
dt2us,166,150,75.0,9.436558933220338e-10,17,1.0,-15.0,False,False,evaporated_in_SOL,0.19699999999999998,0.42621358751016,0.53540272814364,0.42621358751016,1.040159130998358,10.639159049352,10.639159049352,1319.6103070905,166.07054879824062,40,6.1336460905326
dt2us,167,150,75.0,9.436558933220338e-10,17,1.0,-7.5,False,False,evaporated_in_SOL,0.19799999999999998,0.43870074533294,0.50968022681705,0.43870074533294,1.0299159465313497,13.013023942801,13.013023942801,1389.7399512642,172.7966680991663,40,5.6586031107665
dt2us,168,150,75.0,9.436558933220338e-10,17,1.0,0.0,False,False,evaporated_in_SOL,0.204,0.42694340579811,0.52403304941767,0.42694340579811,1.0228948538455322,19.017649053646,19.017649053646,1405.3984277144,172.22791764767175,40,5.488937760224
dt2us,169,150,75.0,9.436558933220338e-10,17,1.0,7.5,False,False,evaporated_in_SOL,0.212,0.40737845849144,0.54940019944976,0.40737845849144,1.0176088522626665,14.079377739612,14.079377739612,1430.5842720078,174.91613310896744,41,5.3927848029535
dt2us,170,150,75.0,9.436558933220338e-10,17,1.0,15.0,False,False,evaporated_in_SOL,0.221,0.38791775365393,0.57558626185077,0.38791775365393,1.0158051893237847,24.088425850023,24.088425850023,1430.5842726474,179.37212405829857,41,5.4249735253061
dt2us,171,150,75.0,9.436558933220338e-10,17,1.25,-15.0,False,False,evaporated_in_SOL,0.182,0.42001992777862,0.54659194622761,0.42001992777862,1.0453924645107733,11.641599206476,11.641599206476,1319.6103068549,165.2726675551996,40,6.2053055834316
dt2us,172,150,75.0,9.436558933220338e-10,17,1.25,-7.5,False,False,evaporated_in_SOL,0.182,0.4378978623204,0.50995991552464,0.4378978623204,1.0287147600070117,7.6834134611383,7.6834134611383,1389.7399495502,173.17949402639167,40,5.6606420218223
dt2us,173,150,75.0,9.436558933220338e-10,17,1.25,0.0,False,False,evaporated_in_SOL,0.188,0.42758181126565,0.52306220390593,0.42758181126565,1.0228663773912618,21.020172361110998,21.020172361110998,1404.1484062813,172.3263728179069,40,5.4889391195663
dt2us,174,150,75.0,9.436558933220338e-10,17,1.25,7.5,False,False,evaporated_in_SOL,0.19699999999999998,0.40411221168803,0.55327544467669,0.40411221168803,1.0160917506708937,14.141053346303,14.141053346303,1470.7753330513,175.88710876318902,41,5.4290973924753
dt2us,175,150,75.0,9.436558933220338e-10,17,1.25,15.0,False,False,evaporated_in_SOL,0.208,0.37722291068004,0.58653536148394,0.37722291068004,1.0108487085907185,10.248462922523998,10.248462922523998,1470.50109714,184.62324559088572,41,5.4363122662804
dt2us,176,150,75.0,9.436558933220338e-10,17,1.5,-15.0,False,False,evaporated_in_SOL,0.16899999999999998,0.41361811914011,0.55763259916344,0.41361811914011,1.0505800923632642,11.165527369072,11.165527369072,1321.7321204201,165.461796099451,41,6.2271015218009
dt2us,177,150,75.0,9.436558933220338e-10,17,1.5,-7.5,False,False,evaporated_in_SOL,0.16699999999999998,0.44221620882391,0.50380756503721,0.44221620882391,1.0289512721351224,13.067492468075,13.067492468075,1386.176244516,174.49299792777373,40,5.6608625214325
dt2us,178,150,75.0,9.436558933220338e-10,17,1.5,0.0,False,False,evaporated_in_SOL,0.174,0.42687499426137,0.5228974319443,0.42687499426137,1.0208110162235793,18.783606461532,18.783606461532,1428.6452311473,172.98302735688227,40,5.4889985442747
dt2us,179,150,75.0,9.436558933220338e-10,17,1.5,7.5,False,False,evaporated_in_SOL,0.183,0.4034271678176,0.55532139993565,0.4034271678176,1.0182922491865791,22.347483389444,22.347483389444,1430.584272506,175.49138068317058,41,5.4358743308678
dt2us,180,150,75.0,9.436558933220338e-10,17,1.5,15.0,False,False,evaporated_in_SOL,0.19499999999999998,0.37266468635012,0.59349521756561,0.37266468635012,1.0145005148036776,22.809872531076,22.809872531076,1470.5010970816,186.41899465858287,41,5.443367747013
dt2us,181,200,100.0,2.236813969355932e-09,16,1.0,-15.0,False,False,evaporated_in_SOL,0.205,0.37592316159091,0.60343033884525,0.37592316159091,1.0462539352723554,11.737343538538,11.737343538538,1323.7317040405,180.22038274725708,41,8.273740791263
dt2us,182,200,100.0,2.236813969355932e-09,16,1.0,-7.5,False,False,evaporated_in_SOL,0.19599999999999998,0.43285764534826,0.51521220680916,0.43285764534826,1.0243063479654468,13.635925285753999,13.635925285753999,1389.7399520369,173.32133275636815,40,7.9912846326327
dt2us,183,200,100.0,2.236813969355932e-09,16,1.0,0.0,False,False,evaporated_in_SOL,0.20099999999999998,0.42933490533359,0.51629595000419,0.42933490533359,1.0171723543772135,20.867843434784,20.867843434784,1428.6452309136,175.26984381966855,40,7.3186277260803
dt2us,184,200,100.0,2.236813969355932e-09,16,1.0,7.5,False,False,evaporated_in_SOL,0.208,0.41570605563838,0.5364749514549,0.41570605563838,1.0150311857932814,33.18842808311,33.18842808311,1471.0741263254,174.2285856727949,40,7.3186853578504
dt2us,185,200,100.0,2.236813969355932e-09,16,1.0,15.0,False,False,evaporated_in_SOL,0.217,0.39565445901741,0.5633989714724,0.39565445901741,1.0111631743761438,34.756831920456996,34.756831920456996,1470.7753897802,178.35822821751444,41,7.2697440351923
dt2us,186,200,100.0,2.236813969355932e-09,16,1.25,-15.0,False,False,upper_or_side_wall,0.248,0.099794826598736,0.98534238075656,0.099794826598736,1.0672351424716688,14.283026592183,14.283026592183,1282.2206593092,1.8696192434399794,59,8.3420839416139
dt2us,187,200,100.0,2.236813969355932e-09,16,1.25,-7.5,False,False,evaporated_in_SOL,0.18,0.43284323009006,0.51521685754337,0.43284323009006,1.0242775636098458,11.117541836167,11.117541836167,1389.7399517007,173.32904800671133,40,7.9912846327001
dt2us,188,200,100.0,2.236813969355932e-09,16,1.25,0.0,False,False,evaporated_in_SOL,0.185,0.43076207596771,0.51436802585406,0.43076207596771,1.017895895864362,25.525605301813,25.525605301813,1428.6452311555,175.45182504807553,40,7.31865033374
dt2us,189,200,100.0,2.236813969355932e-09,16,1.25,7.5,False,False,evaporated_in_SOL,0.19399999999999998,0.40876157256396,0.54252776571532,0.40876157256396,1.0084262521161762,11.006676127956,11.006676127956,1491.5071275714,177.05572659492265,40,7.3186859076063
dt2us,190,200,100.0,2.236813969355932e-09,16,1.25,15.0,False,False,evaporated_in_SOL,0.204,0.38589914483932,0.57350971247689,0.38589914483932,1.0045958175174279,21.131398964989,21.131398964989,1491.5071277045,182.10841088052698,41,7.4443611943331
dt2us,191,200,100.0,2.236813969355932e-09,16,1.5,-15.0,False,False,upper_or_side_wall,0.259,0.040551754998646,0.9845009180972,0.040551754998646,1.0957603417139588,48.955550248886,48.955550248886,1171.8214121596,2.7110819028000055,60,8.5182749575098
dt2us,192,200,100.0,2.236813969355932e-09,16,1.5,-7.5,False,False,evaporated_in_SOL,0.16499999999999998,0.43789859673271,0.50757700232065,0.43789859673271,1.0251946934375031,18.596330371309,18.596330371309,1389.7399511528,174.83992331331132,40,8.1781948347603
dt2us,193,200,100.0,2.236813969355932e-09,16,1.5,0.0,False,False,evaporated_in_SOL,0.17099999999999999,0.43089978027416,0.51339550496476,0.43089978027416,1.0168160029554416,26.079460402639,26.079460402639,1428.645231219,175.99148126419252,40,7.3186811028544
dt2us,194,200,100.0,2.236813969355932e-09,16,1.5,7.5,False,False,evaporated_in_SOL,0.18,0.40866273397143,0.5440563654322,0.40866273397143,1.0110177036100851,24.517860637713003,24.517860637713003,1470.7753895954,176.39133514111177,40,7.2766356893595
dt2us,195,200,100.0,2.236813969355932e-09,16,1.5,15.0,False,False,evaporated_in_SOL,0.191,0.38186889959455,0.58031146537174,0.38186889959455,1.0087790112634238,35.460014263848,35.460014263848,1470.7753898229,182.80337942829317,41,7.4762304250802
dt2us,196,200,100.0,2.236813969355932e-09,17,1.0,-15.0,False,False,evaporated_in_SOL,0.19699999999999998,0.43405762879284,0.51807886157898,0.43405762879284,1.031508984302272,16.441107743634998,16.441107743634998,1389.7399509358,170.52845810467366,40,8.1781948347423
dt2us,197,200,100.0,2.236813969355932e-09,17,1.0,-7.5,False,False,evaporated_in_SOL,0.19999999999999998,0.43564802914797,0.50739679694264,0.43564802914797,1.019675128931964,14.24682067496,14.24682067496,1428.6452301466,176.57815190654094,40,7.5502994849052
dt2us,198,200,100.0,2.236813969355932e-09,17,1.0,0.0,False,False,evaporated_in_SOL,0.206,0.42198060425291,0.5246063115448,0.42198060425291,1.0113413505855517,14.966428060214,14.966428060214,1471.0793478881,175.82093709268776,40,7.335579884953
dt2us,199,200,100.0,2.236813969355932e-09,17,1.0,7.5,False,False,evaporated_in_SOL,0.213,0.40584892367414,0.54839795159002,0.40584892367414,1.011559735442726,23.771608417529002,23.771608417529002,1470.7753896238,176.73998186654532,41,7.2630529802049
dt2us,200,200,100.0,2.236813969355932e-09,17,1.0,15.0,False,False,evaporated_in_SOL,0.222,0.38540793864041,0.57575663323661,0.38540793864041,1.0083911811154713,32.898311104845,32.898311104845,1470.7753897944,181.54575590802042,41,7.413229757487
dt2us,201,200,100.0,2.236813969355932e-09,17,1.25,-15.0,False,False,evaporated_in_SOL,0.181,0.43167712273288,0.52413925251702,0.43167712273288,1.035004412445972,17.637798130242,17.637798130242,1353.4087008035,168.45590222836648,40,8.3598285063461
dt2us,202,200,100.0,2.236813969355932e-09,17,1.25,-7.5,False,False,evaporated_in_SOL,0.183,0.43976828537497,0.50193051451763,0.43976828537497,1.021694844685508,21.694981994676,21.694981994676,1428.6452213548,177.5415230050388,40,7.5502484271334
dt2us,203,200,100.0,2.236813969355932e-09,17,1.25,0.0,False,False,evaporated_in_SOL,0.19,0.4222107342158,0.52384428107683,0.4222107342158,1.010655217092244,16.194398386489002,16.194398386489002,1471.0793479514,176.09542185719522,40,7.3288847504459
dt2us,204,200,100.0,2.236813969355932e-09,17,1.25,7.5,False,False,evaporated_in_SOL,0.19799999999999998,0.40225263234511,0.55256132235342,0.40225263234511,1.0088447003612313,22.698327117129,22.698327117129,1470.7753896522,177.85935557164447,41,7.3367516471755
dt2us,205,200,100.0,2.236813969355932e-09,17,1.25,15.0,False,False,evaporated_in_SOL,0.209,0.37465896346942,0.58660690899319,0.37465896346942,1.0029139347433358,14.377691840203001,14.377691840203001,1490.5581310566,186.97625528601296,41,7.4168233709649
dt2us,206,200,100.0,2.236813969355932e-09,17,1.5,-15.0,False,False,evaporated_in_SOL,0.16799999999999998,0.42404908533597,0.53902370189053,0.42404908533597,1.0388354837403897,12.670352660428,12.670352660428,1353.4087001969,165.83861714003007,40,8.5617538130939
dt2us,207,200,100.0,2.236813969355932e-09,17,1.5,-7.5,False,False,evaporated_in_SOL,0.16899999999999998,0.43855442687324,0.50174200768864,0.43855442687324,1.019067044446144,12.647008472876001,12.647008472876001,1428.6452297259,178.51939087152576,40,7.5503292124148
dt2us,208,200,100.0,2.236813969355932e-09,17,1.5,0.0,False,False,evaporated_in_SOL,0.176,0.42105240637208,0.52401018830062,0.42105240637208,1.0080122311978506,11.184172606657,11.184172606657,1471.0793477734,176.92121050008484,40,7.3422044188174
dt2us,209,200,100.0,2.236813969355932e-09,17,1.5,7.5,False,False,evaporated_in_SOL,0.184,0.40106228008949,0.55511824861315,0.40106228008949,1.0105516982121516,32.009825170378996,32.009825170378996,1470.7753897592,177.65688364109766,41,7.3272901160133
dt2us,210,200,100.0,2.236813969355932e-09,17,1.5,15.0,False,False,evaporated_in_SOL,0.19599999999999998,0.36962488282424,0.59396727154803,0.36962488282424,1.0050864296864577,28.498825601858,28.498825601858,1490.5581310787,189.1323596666955,41,7.4216055145866
dt2us,211,250,125.0,4.368777283898306e-09,16,1.0,-15.0,False,False,evaporated_in_SOL,0.19999999999999998,0.40300379267992,0.56544029002356,0.40300379267992,1.0333750299333704,17.408370613177,17.408370613177,1356.1487597745,170.94321170145014,41,10.447282665947
dt2us,212,250,125.0,4.368777283898306e-09,16,1.0,-7.5,False,False,evaporated_in_SOL,0.19699999999999998,0.43414350498084,0.50778497739426,0.43414350498084,1.0165091692256967,17.855498126116,17.855498126116,1471.0263750893,177.39570986095995,40,9.9891057912424
dt2us,213,250,125.0,4.368777283898306e-09,16,1.0,0.0,False,False,evaporated_in_SOL,0.20199999999999999,0.42868906460149,0.51378103895087,0.42868906460149,1.0119336830316936,31.243196409172,31.243196409172,1471.0793481464,177.39979369023797,40,9.1606271511275
dt2us,214,250,125.0,4.368777283898306e-09,16,1.0,7.5,False,False,evaporated_in_SOL,0.21,0.40967975667581,0.53818783391083,0.40967975667581,1.0027087509611674,15.500529462941,15.500529462941,1492.8298108183,178.4531591557662,40,9.1649477383263
dt2us,215,250,125.0,4.368777283898306e-09,16,1.0,15.0,False,False,evaporated_in_SOL,0.218,0.3931568344837,0.56354679291652,0.3931568344837,1.0037056273135299,41.260347859872,41.260347859872,1491.5071277708,180.46914846721535,41,9.2884704440896
dt2us,216,250,125.0,4.368777283898306e-09,16,1.25,-15.0,False,False,upper_or_side_wall,0.208,0.25552255118239,0.94925415898543,0.25552255118239,1.04422520807984,12.823463737863,12.823463737863,1321.7321221365,9.140396489855306,54,10.700177132898
dt2us,217,250,125.0,4.368777283898306e-09,16,1.25,-7.5,False,False,evaporated_in_SOL,0.18,0.43891658295935,0.50148973339929,0.43891658295935,1.0194564011770855,29.236693587435,29.236693587435,1428.645230204,178.44946734658555,40,9.9891057912533
dt2us,218,250,125.0,4.368777283898306e-09,16,1.25,0.0,False,False,evaporated_in_SOL,0.186,0.42969366859024,0.51240734411428,0.42969366859024,1.0124126020832982,36.360933974017,36.360933974017,1471.0793482049,177.54956954105174,40,9.1841571864543
dt2us,219,250,125.0,4.368777283898306e-09,16,1.25,7.5,False,False,evaporated_in_SOL,0.19499999999999998,0.40680344045597,0.54179218563682,0.40680344045597,1.0019761663800715,15.249609936114998,15.249609936114998,1514.5995792092,179.12178791830382,40,9.2662668325734
dt2us,220,250,125.0,4.368777283898306e-09,16,1.25,15.0,True,False,evaporated_inside_lcfs,0.205,0.38326049233363,0.57368727989702,0.38326049233363,0.9967993452830464,21.760996030396,21.760996030396,1555.6939706931,184.38750475116007,41,9.334974389639
dt2us,221,250,125.0,4.368777283898306e-09,16,1.5,-15.0,False,False,upper_or_side_wall,0.205,0.21747787400153,0.95625814517031,0.21747787400153,1.0534490681850828,24.891667713825,24.891667713825,1282.2206587502,12.34190044425443,55,10.796465274053
dt2us,222,250,125.0,4.368777283898306e-09,16,1.5,-7.5,False,False,evaporated_in_SOL,0.16599999999999998,0.43853079197872,0.50076643542386,0.43853079197872,1.0177763054423765,22.663375069688,22.663375069688,1471.0772546254,179.23826345360717,40,10.222743543502
dt2us,223,250,125.0,4.368777283898306e-09,16,1.5,0.0,False,False,evaporated_in_SOL,0.172,0.4295027256454,0.51174564172339,0.4295027256454,1.0109833678907845,35.455962438308006,35.455962438308006,1471.0793482193,178.13142455756875,40,9.1809876620316
dt2us,224,250,125.0,4.368777283898306e-09,16,1.5,7.5,False,False,evaporated_in_SOL,0.181,0.40622420384399,0.54386646785938,0.40622420384399,1.0043090797991792,29.164375545079,29.164375545079,1491.5071277266,178.61448704813614,41,9.2906109443592
dt2us,225,250,125.0,4.368777283898306e-09,16,1.5,15.0,False,False,evaporated_in_SOL,0.192,0.37885869489954,0.5808003388901,0.37885869489954,1.000703381927874,38.119010112493,38.119010112493,1514.5995578924,185.35134455482356,41,9.3609836218225
dt2us,226,250,125.0,4.368777283898306e-09,17,1.0,-15.0,False,False,evaporated_in_SOL,0.19799999999999998,0.43504134151355,0.51076442048604,0.43504134151355,1.0231035654498877,14.057077698426001,14.057077698426001,1428.6452300516,174.6983745478773,40,10.222743543498
dt2us,227,250,125.0,4.368777283898306e-09,17,1.0,-7.5,False,False,evaporated_in_SOL,0.20099999999999998,0.4354176726244,0.50345139845638,0.4354176726244,1.01417211324975,23.487333209695002,23.487333209695002,1471.0793478847,179.50453301134854,40,9.4379322705523
dt2us,228,250,125.0,4.368777283898306e-09,17,1.0,0.0,False,False,evaporated_in_SOL,0.207,0.42041399960656,0.52329773176504,0.42041399960656,1.0052251055519084,21.991497432222,21.991497432222,1492.8298108183,177.85937001332658,40,9.1878556592058
dt2us,229,250,125.0,4.368777283898306e-09,17,1.0,7.5,False,False,evaporated_in_SOL,0.214,0.4034356415971,0.54823720322191,0.4034356415971,1.0038444440563599,28.246396891518998,28.246396891518998,1491.5071277266,178.92716897288304,41,9.2771799900878
dt2us,230,250,125.0,4.368777283898306e-09,17,1.0,15.0,False,False,evaporated_in_SOL,0.223,0.38247619007457,0.57615395000143,0.38247619007457,1.00020015916105,35.670431882939994,35.670431882939994,1514.4498670501,184.00997952624022,41,9.4027796842544
dt2us,231,250,125.0,4.368777283898306e-09,17,1.25,-15.0,False,False,evaporated_in_SOL,0.182,0.43224547586672,0.51800103409229,0.43224547586672,1.0268860093625247,15.1647020082,15.1647020082,1389.7399514459,171.9499881062446,40,10.451241623853
dt2us,232,250,125.0,4.368777283898306e-09,17,1.25,-7.5,False,False,evaporated_in_SOL,0.184,0.4392046758704,0.49848708481223,0.4392046758704,1.0161783969047495,32.988658830054,32.988658830054,1471.1383993828,180.42754259945468,40,9.4379312475246
dt2us,233,250,125.0,4.368777283898306e-09,17,1.25,0.0,False,False,evaporated_in_SOL,0.191,0.42038372948485,0.52276550123529,0.42038372948485,1.0042686422265037,22.412556116519,22.412556116519,1492.8298108183,178.20351827953252,40,9.1917194792369
dt2us,234,250,125.0,4.368777283898306e-09,17,1.25,7.5,False,False,evaporated_in_SOL,0.19899999999999998,0.39963204876533,0.55251453979909,0.39963204876533,1.0006579695734423,25.86543870889,25.86543870889,1491.5071277266,180.17231939236567,41,9.3379025386205
dt2us,235,250,125.0,4.368777283898306e-09,17,1.25,15.0,False,False,evaporated_in_SOL,0.209,0.37581128900758,0.58535497238019,0.37581128900758,1.0033219103166062,43.30724898014,43.30724898014,1490.5581311008,186.37526080125747,41,9.4164363705217
dt2us,236,250,125.0,4.368777283898306e-09,17,1.5,-15.0,False,False,evaporated_in_SOL,0.16699999999999998,0.43539567889916,0.51458760939177,0.43539567889916,1.0296507166510485,22.642273592383,22.642273592383,1389.7399510949,171.8477664260218,40,10.702743493862
dt2us,237,250,125.0,4.368777283898306e-09,17,1.5,-7.5,False,False,evaporated_in_SOL,0.16999999999999998,0.43810659682473,0.49749107480405,0.43810659682473,1.0127775412617566,18.835235049498003,18.835235049498003,1471.0846474182,181.9052852912766,40,9.4379328140033
dt2us,238,250,125.0,4.368777283898306e-09,17,1.5,0.0,False,False,evaporated_in_SOL,0.177,0.41907922659578,0.52290727171728,0.41907922659578,1.0012225159976638,15.328335327996001,15.328335327996001,1492.8298108183,179.1619781629063,40,9.1925712454643
dt2us,239,250,125.0,4.368777283898306e-09,17,1.5,7.5,False,False,evaporated_in_SOL,0.185,0.39814122046938,0.55531093926089,0.39814122046938,1.0019243865478282,35.801505735736995,35.801505735736995,1491.5071277624,180.11605142897415,41,9.3317790067355
dt2us,240,250,125.0,4.368777283898306e-09,17,1.5,15.0,True,False,evaporated_inside_lcfs,0.19699999999999998,0.36632565486159,0.59452856964112,0.36632565486159,0.9950223114021105,25.951291851700997,25.951291851700997,1554.596773461,192.07405956767485,41,9.4072215070421
dt2us,241,300,150.0,7.54924714657627e-09,16,1.0,-15.0,False,False,evaporated_in_SOL,0.19899999999999998,0.41171790015748,0.54968651736257,0.41171790015748,1.0246886311684953,15.62582495431,15.62582495431,1392.5618839265,170.98457166899163,41,12.541420360833
dt2us,242,300,150.0,7.54924714657627e-09,16,1.0,-7.5,False,False,evaporated_in_SOL,0.19799999999999998,0.43410492673665,0.50300290352227,0.43410492673665,1.0104681803657067,17.711493071000003,17.711493071000003,1471.0794124485,180.75248642240797,40,11.986926949517
dt2us,243,300,150.0,7.54924714657627e-09,16,1.0,0.0,False,False,evaporated_in_SOL,0.20299999999999999,0.42707178258706,0.51260764372747,0.42707178258706,1.0062636968736052,38.31139804976,38.31139804976,1492.8298108443,179.3904132478698,40,11.028603162531
dt2us,244,300,150.0,7.54924714657627e-09,16,1.0,7.5,False,False,evaporated_in_SOL,0.21,0.41134544380851,0.53594075648536,0.41134544380851,1.0028006660364643,46.507706391049,46.507706391049,1492.82981093,178.20373604142165,40,11.175978920194
dt2us,245,300,150.0,7.54924714657627e-09,16,1.0,15.0,True,False,evaporated_inside_lcfs,0.219,0.39035966765774,0.56385867540166,0.39035966765774,0.9956564782161305,41.57732255775,41.57732255775,1555.6876819564,182.7621098763884,41,11.261572621582
dt2us,246,300,150.0,7.54924714657627e-09,16,1.25,-15.0,False,False,evaporated_in_SOL,0.185,0.40035171936773,0.57164535229536,0.40035171936773,1.0308536730619413,18.284634656254,18.284634656254,1389.7399524667,170.24505697058817,41,12.843250697838
dt2us,247,300,150.0,7.54924714657627e-09,16,1.25,-7.5,False,False,evaporated_in_SOL,0.181,0.43849011646467,0.49730725432736,0.43849011646467,1.013285624193972,32.308534218576,32.308534218576,1471.1383992981,181.77708116249397,40,11.986926949521
dt2us,248,300,150.0,7.54924714657627e-09,16,1.25,0.0,True,False,evaporated_inside_lcfs,0.188,0.42368871912507,0.51397078857075,0.42368871912507,0.9998866701932979,15.866866761778999,15.866866761778999,1516.4618529711,181.0841825503599,40,11.106516221709
dt2us,249,300,150.0,7.54924714657627e-09,16,1.25,7.5,False,False,evaporated_in_SOL,0.19499999999999998,0.4082805138148,0.53982745999407,0.4082805138148,1.0021495678207468,45.865838141322,45.865838141322,1514.6225529999,178.82126898203978,40,11.248120796022
dt2us,250,300,150.0,7.54924714657627e-09,16,1.25,15.0,True,False,evaporated_inside_lcfs,0.205,0.38429726240047,0.57258925474406,0.38429726240047,0.9974262506242584,52.768889112566995,52.768889112566995,1551.4033290656,183.953342092908,41,11.406079364365
dt2us,251,300,150.0,7.54924714657627e-09,16,1.5,-15.0,False,False,upper_or_side_wall,0.19,0.28187021911133,0.94208023616244,0.28187021911133,1.0364673854376154,18.253910224645,18.253910224645,1356.1487601945,9.16550283131124,54,12.956012151626
dt2us,252,300,150.0,7.54924714657627e-09,16,1.5,-7.5,False,False,evaporated_in_SOL,0.16699999999999998,0.43803119591075,0.49626382031107,0.43803119591075,1.0110705234687807,22.467564173739998,22.467564173739998,1471.1383994829,182.8529886335352,40,12.267292252215
dt2us,253,300,150.0,7.54924714657627e-09,16,1.5,0.0,False,False,evaporated_in_SOL,0.173,0.42735049330063,0.51102232767537,0.42735049330063,1.0046670498835397,41.03553846179,41.03553846179,1492.8298108741,180.22296997084115,40,11.048748089784
dt2us,254,300,150.0,7.54924714657627e-09,16,1.5,7.5,True,False,evaporated_inside_lcfs,0.182,0.4034505828233,0.54390511124574,0.4034505828233,0.9959069137824375,22.960239533262,22.960239533262,1555.6939706935,181.019675679728,41,11.261547217726
dt2us,255,300,150.0,7.54924714657627e-09,16,1.5,15.0,True,False,evaporated_inside_lcfs,0.193,0.37574739762125,0.58122980637204,0.37574739762125,0.9921573912448419,26.127040983731,26.127040983731,1555.6939706909,188.03061109712823,41,11.424195522264
dt2us,256,300,150.0,7.54924714657627e-09,17,1.0,-15.0,False,False,evaporated_in_SOL,0.19799999999999998,0.43983238684259,0.4983560813873,0.43983238684259,1.0172296917493278,32.032058156406,32.032058156406,1471.1383946522,180.09437311038656,40,12.267292252213
dt2us,257,300,150.0,7.54924714657627e-09,17,1.0,-7.5,False,False,evaporated_in_SOL,0.20199999999999999,0.43405486585508,0.50148657640166,0.43405486585508,1.0084631074779244,29.591828900567,29.591828900567,1492.8298107513,181.85694718839576,40,11.325519681783
dt2us,258,300,150.0,7.54924714657627e-09,17,1.0,0.0,True,False,evaporated_inside_lcfs,0.208,0.41820673339169,0.52274209667409,0.41820673339169,0.9987567669305576,24.499153771569,24.499153771569,1516.4618599819,179.96044192192144,40,11.188883815637
dt2us,259,300,150.0,7.54924714657627e-09,17,1.0,7.5,True,False,evaporated_inside_lcfs,0.215,0.4007242594148,0.54828285926319,0.4007242594148,0.9955944038173504,23.503504661917,23.503504661917,1555.6939706935,181.27455634152048,41,11.254252109004
dt2us,260,300,150.0,7.54924714657627e-09,17,1.0,15.0,True,False,evaporated_inside_lcfs,0.22399999999999998,0.3794698236307,0.57648895358171,0.3794698236307,0.9916283177010519,24.152010310411,24.152010310411,1555.6939706909,186.58259609691814,41,11.321190698343
dt2us,261,300,150.0,7.54924714657627e-09,17,1.25,-15.0,False,False,evaporated_in_SOL,0.182,0.43728651109466,0.50394539564528,0.43728651109466,1.019276780781212,23.591977663919,23.591977663919,1428.645230079,177.83393021932017,40,12.541505819332
dt2us,262,300,150.0,7.54924714657627e-09,17,1.25,-7.5,False,False,evaporated_in_SOL,0.185,0.43765631323278,0.49670652417354,0.43765631323278,1.010909909586675,39.885452581491,39.885452581491,1471.1376934055,182.78549705455427,40,11.325519650926
dt2us,263,300,150.0,7.54924714657627e-09,17,1.25,0.0,True,False,evaporated_inside_lcfs,0.192,0.41799357611252,0.52231335121512,0.41799357611252,0.9975163575847836,23.77084081478,23.77084081478,1516.4618599821,180.38735617817386,40,11.132357930437
dt2us,264,300,150.0,7.54924714657627e-09,17,1.25,7.5,True,False,evaporated_inside_lcfs,0.19999999999999998,0.39680029791378,0.55255865179354,0.39680029791378,0.9920104992615404,16.033275483353002,16.033275483353002,1555.6939706935,182.6256518950545,41,11.278744509603
dt2us,265,300,150.0,7.54924714657627e-09,17,1.25,15.0,True,False,evaporated_inside_lcfs,0.21,0.37258052827126,0.58585673981339,0.37258052827126,0.9935240048671458,32.73978974338,32.73978974338,1554.596773461,189.18478356921514,41,11.498025025076
dt2us,266,300,150.0,7.54924714657627e-09,17,1.5,-15.0,False,False,evaporated_in_SOL,0.16799999999999998,0.43494337908134,0.50986817996648,0.43494337908134,1.0215346971791233,15.748804579478998,15.748804579478998,1428.6452295748,175.3829285549346,40,12.843297203541
dt2us,267,300,150.0,7.54924714657627e-09,17,1.5,-7.5,False,False,evaporated_in_SOL,0.17099999999999999,0.43656163334961,0.49530675038937,0.43656163334961,1.0066393452952647,22.463981786273997,22.463981786273997,1492.987393374,184.5554523209458,40,11.325519697332
dt2us,268,300,150.0,7.54924714657627e-09,17,1.5,0.0,False,False,evaporated_in_SOL,0.177,0.42064010187833,0.52062148956277,0.42064010187833,1.0016845803591095,45.26094909733,45.26094909733,1492.829810919,179.29939671269787,40,11.16390786882
dt2us,269,300,150.0,7.54924714657627e-09,17,1.5,7.5,True,False,evaporated_inside_lcfs,0.186,0.39504831006162,0.55556225059521,0.39504831006162,0.9928858281411143,28.493801836927002,28.493801836927002,1555.6939706935,182.6969141039818,41,11.276963898409
dt2us,270,300,150.0,7.54924714657627e-09,17,1.5,15.0,True,False,evaporated_inside_lcfs,0.19699999999999998,0.36702349524484,0.59380370788099,0.36702349524484,0.9953590686230676,54.433367478144,54.433367478144,1554.5967447321,191.6457661637931,41,11.475065282837
dt1us,1,40,20.0,1.7894511754847454e-11,16,1.0,-15.0,False,False,upper_or_side_wall,0.214,0.27982479974289,0.94672274895399,0.27982479974289,1.2272334878131312,19.589661496126002,19.589661496126002,920.30264558222,5.220493513337297,54,1.0014749829237
dt1us,2,40,20.0,1.7894511754847454e-11,16,1.0,-7.5,False,False,upper_or_side_wall,0.241,0.19068372767209,0.97621831198624,0.19068372767209,1.2217479975511791,18.638485035731,18.638485035731,957.31011012485,0.09350364493703739,56,1.0045050505294
dt1us,3,40,20.0,1.7894511754847454e-11,16,1.0,0.0,False,False,evaporated_in_SOL,0.19399999999999998,0.41744029044065,0.55764780017381,0.41744029044065,1.061512159688618,2.8117537582826997,2.8117537582826997,1280.8953240318,162.11406982611408,41,1.3412119469983
dt1us,4,40,20.0,1.7894511754847454e-11,16,1.0,7.5,False,False,evaporated_in_SOL,0.19799999999999998,0.42764503890601,0.54467497261832,0.42764503890601,1.06160065571021,4.6330941251866,4.6330941251866,1279.7817629861,159.75437830447663,40,1.3790066407033
dt1us,5,40,20.0,1.7894511754847454e-11,16,1.0,15.0,False,False,evaporated_in_SOL,0.208,0.41105545028472,0.56229479238075,0.41105545028472,1.0545290655889077,4.7740024186954,4.7740024186954,1280.8953285597,165.43540156769507,41,1.3805210559898
dt1us,6,40,20.0,1.7894511754847454e-11,16,1.25,-15.0,False,False,upper_or_side_wall,0.19699999999999998,0.28242449124347,0.94955297346809,0.28242449124347,1.2182018556608796,19.523986492375002,19.523986492375002,934.41451986455,1.8083310265164971,54,1.001267338641
dt1us,7,40,20.0,1.7894511754847454e-11,16,1.25,-7.5,False,False,upper_or_side_wall,0.22399999999999998,0.19192606584287,0.9741032119533,0.19192606584287,1.2163454396495197,18.607855050919003,18.607855050919003,957.46386069305,1.8095389468306693,56,1.0044893430964
dt1us,8,40,20.0,1.7894511754847454e-11,16,1.25,0.0,False,False,evaporated_in_SOL,0.177,0.42689684942716,0.54886467117525,0.42689684942716,1.0677255253900149,4.5601368508553,4.5601368508553,1279.7811992007,158.19659279996128,40,1.3521923374296
dt1us,9,40,20.0,1.7894511754847454e-11,16,1.25,7.5,False,False,evaporated_in_SOL,0.184,0.42387200792299,0.54528931550732,0.42387200792299,1.0529528861316972,3.0416471055196,3.0416471055196,1279.7817623761,162.63473579546573,40,1.3887120254934
dt1us,10,40,20.0,1.7894511754847454e-11,16,1.25,15.0,False,False,evaporated_in_SOL,0.19499999999999998,0.4054314047728,0.56938394554648,0.4054314047728,1.0556153250851739,5.6459871666631996,5.6459871666631996,1280.8953285597,166.90486174144175,41,1.3831375384333
dt1us,11,40,20.0,1.7894511754847454e-11,16,1.5,-15.0,False,False,upper_or_side_wall,0.185,0.27486682064969,0.95188768066704,0.27486682064969,1.2090082509290707,19.415228747197997,19.415228747197997,944.60155596132,1.5338791072244746,54,1.0012062781979
dt1us,12,40,20.0,1.7894511754847454e-11,16,1.5,-7.5,False,False,upper_or_side_wall,0.208,0.19520376053798,0.96924085608442,0.19520376053798,1.2066677357850912,17.672717988964003,17.672717988964003,1009.3875683927,5.644078118064586,56,1.2274708762693
dt1us,13,40,20.0,1.7894511754847454e-11,16,1.5,0.0,False,False,evaporated_in_SOL,0.163,0.42872315173084,0.54171086925412,0.42872315173084,1.0586776117559273,2.4960694712541,2.4960694712541,1279.781753931,160.45696584716376,40,1.353004977106
dt1us,14,40,20.0,1.7894511754847454e-11,16,1.5,7.5,False,False,evaporated_in_SOL,0.17099999999999999,0.42339115636882,0.54589722324572,0.42339115636882,1.05286364280072,3.4745107243296998,3.4745107243296998,1279.7817629861,162.73006948854874,40,1.3927730108964
dt1us,15,40,20.0,1.7894511754847454e-11,16,1.5,15.0,False,False,evaporated_in_SOL,0.183,0.40052727333344,0.57609357023742,0.40052727333344,1.0562873413951608,6.7781869839105,6.7781869839105,1280.8953285597,167.9448156655297,41,1.3841949786106
dt1us,16,40,20.0,1.7894511754847454e-11,17,1.0,-15.0,False,False,upper_or_side_wall,0.236,0.22039377633345,0.96638701129892,0.22039377633345,1.212385912688489,18.766571589956,18.766571589956,957.0379143567,1.8029195098477329,55,1.0044027898503
dt1us,17,40,20.0,1.7894511754847454e-11,17,1.0,-7.5,False,False,evaporated_in_SOL,0.19699999999999998,0.40792373831286,0.57159618644504,0.40792373831286,1.0678933688455732,3.1176970506133,3.1176970506133,1280.895285121,163.65148382865914,41,1.3303844210052
dt1us,18,40,20.0,1.7894511754847454e-11,17,1.0,0.0,False,False,evaporated_in_SOL,0.19499999999999998,0.4380946675703,0.53323288317384,0.4380946675703,1.066700602054104,4.7877954381691,4.7877954381691,1279.7817629861,157.77711621474154,40,1.3702285993343
dt1us,19,40,20.0,1.7894511754847454e-11,17,1.0,7.5,False,False,evaporated_in_SOL,0.204,0.42084229878313,0.54778194487581,0.42084229878313,1.0498072924973179,2.6687991490734,2.6687991490734,1319.6103052091,163.9630408734103,40,1.3751469502469
dt1us,20,40,20.0,1.7894511754847454e-11,17,1.0,15.0,False,False,evaporated_in_SOL,0.214,0.40506096029042,0.5709908276192,0.40506096029042,1.0582815696379633,6.565397311444,6.565397311444,1280.8953285597,166.44760009324995,41,1.3823586322867
dt1us,21,40,20.0,1.7894511754847454e-11,17,1.25,-15.0,False,False,upper_or_side_wall,0.204,0.27688806260515,0.94718941617684,0.27688806260515,1.206629973884805,18.72323876609,18.72323876609,997.45115182841,5.539025522555267,54,1.3373446429278
dt1us,22,40,20.0,1.7894511754847454e-11,17,1.25,-7.5,False,False,evaporated_in_SOL,0.181,0.40828277961334,0.57093850557977,0.40828277961334,1.0672867898488108,2.8867800293123,2.8867800293123,1280.8953239711,163.6573626109768,41,1.3613236929585
dt1us,23,40,20.0,1.7894511754847454e-11,17,1.25,0.0,False,False,evaporated_in_SOL,0.18,0.43528226921636,0.53120121156683,0.43528226921636,1.0562445779042984,2.4357673178429,2.4357673178429,1279.781753931,161.24450076390988,40,1.3729079142651
dt1us,24,40,20.0,1.7894511754847454e-11,17,1.25,7.5,False,False,evaporated_in_SOL,0.189,0.4216468358515,0.55033543789375,0.4216468358515,1.0568673338870744,5.0458379228514,5.0458379228514,1279.7817629861,161.99585070792114,40,1.3801397659653
dt1us,25,40,20.0,1.7894511754847454e-11,17,1.25,15.0,False,False,evaporated_in_SOL,0.20099999999999998,0.39720919494787,0.57986089830077,0.39720919494787,1.0553596393552385,6.8891067021872,6.8891067021872,1280.8953285597,169.15011707900678,41,1.3805570864061
dt1us,26,40,20.0,1.7894511754847454e-11,17,1.5,-15.0,False,False,upper_or_side_wall,0.18,0.31046711608041,0.937607292235,0.31046711608041,1.200966811054064,18.626432813756,18.626432813756,997.61740493099,5.994944328844867,53,1.3402577667553
dt1us,27,40,20.0,1.7894511754847454e-11,17,1.5,-7.5,False,False,evaporated_in_SOL,0.16599999999999998,0.41221128328487,0.56564398316611,0.41221128328487,1.065138810298233,2.5031990607315002,2.5031990607315002,1280.8953421443,162.797439644971,41,1.3801189169155
dt1us,28,40,20.0,1.7894511754847454e-11,17,1.5,0.0,False,False,evaporated_in_SOL,0.16599999999999998,0.43773093452822,0.52886865021859,0.43773093452822,1.0583584816089557,3.0181322565325,3.0181322565325,1279.781753931,160.77485760492647,40,1.3856979553149
dt1us,29,40,20.0,1.7894511754847454e-11,17,1.5,7.5,False,False,evaporated_in_SOL,0.176,0.41887945957569,0.55303128845146,0.41887945957569,1.0553981702049653,5.059689390238599,5.059689390238599,1280.8952266974,163.10012967371608,41,1.3801172369292
dt1us,30,40,20.0,1.7894511754847454e-11,17,1.5,15.0,False,False,evaporated_in_SOL,0.189,0.39007131169482,0.58787967449012,0.39007131169482,1.0543559775309934,7.161123876868,7.161123876868,1280.8953285597,172.2447319458466,41,1.3895090719138
dt1us,31,60,30.0,6.039397717261016e-11,16,1.0,-15.0,False,False,upper_or_side_wall,0.243,0.18628573715728,0.97644458066684,0.18628573715728,1.2098708456443645,28.898345526807997,28.898345526807997,955.52929966867,1.0266445274307532,56,1.5066536974699
dt1us,32,60,30.0,6.039397717261016e-11,16,1.0,-7.5,False,False,upper_or_side_wall,0.318,-0.060928674375777,0.98556205595744,-0.060928674375777,1.1426234304683907,15.649086801014,15.649086801014,1115.4781377576,1.6499440425600254,63,2.0001206433244
dt1us,33,60,30.0,6.039397717261016e-11,16,1.0,0.0,False,False,evaporated_in_SOL,0.19399999999999998,0.43060980656452,0.53416196401418,0.43060980656452,1.0493529041481608,3.8931641966216,3.8931641966216,1319.6103052091,163.20360342601603,40,2.1410644147561
dt1us,34,60,30.0,6.039397717261016e-11,16,1.0,7.5,False,False,evaporated_in_SOL,0.20099999999999998,0.42559549303523,0.54003702279309,0.42559549303523,1.0473477666218396,6.3631391940506,6.3631391940506,1319.6103052091,163.98978170268393,40,2.1078691231906
dt1us,35,60,30.0,6.039397717261016e-11,16,1.0,15.0,False,False,evaporated_in_SOL,0.211,0.40655276419034,0.56250827289921,0.40655276419034,1.043028758238216,6.8137668787178,6.8137668787178,1321.7321223022,169.2667070140527,41,2.1140133098804
dt1us,36,60,30.0,6.039397717261016e-11,16,1.25,-15.0,False,False,upper_or_side_wall,0.19799999999999998,0.28688929116022,0.94952634619967,0.28688929116022,1.2017190606566217,28.849083199747998,28.849083199747998,988.98791690355,0.6650207426460508,54,2.0272812966387
dt1us,37,60,30.0,6.039397717261016e-11,16,1.25,-7.5,False,False,upper_or_side_wall,0.259,0.072850775601989,0.98252476237182,0.072850775601989,1.1589079519884609,19.832997738339,19.832997738339,1064.2297842333,4.687237628180019,59,2.0010190841989
dt1us,38,60,30.0,6.039397717261016e-11,16,1.25,0.0,False,False,evaporated_in_SOL,0.178,0.4347173757719,0.52960046868738,0.4347173757719,1.0520520208336699,5.168756460954,5.168756460954,1319.6090693813,162.67476091203108,40,2.1454840458461
dt1us,39,60,30.0,6.039397717261016e-11,16,1.25,7.5,False,False,evaporated_in_SOL,0.187,0.42061976837175,0.54348026787477,0.42061976837175,1.041030801673685,3.957256077608,3.957256077608,1319.6103052091,166.35325006942614,40,2.1078974870597
dt1us,40,60,30.0,6.039397717261016e-11,16,1.25,15.0,False,False,evaporated_in_SOL,0.19799999999999998,0.39931372800411,0.57062162066056,0.39931372800411,1.039512117585517,7.0476470992092,7.0476470992092,1321.7321223022,171.6497695251164,41,2.1139076633727
dt1us,41,60,30.0,6.039397717261016e-11,16,1.5,-15.0,False,False,upper_or_side_wall,0.179,0.30378462994097,0.93946767529577,0.30378462994097,1.1948427043362269,28.695559836068,28.695559836068,992.23487741181,5.949121963345576,53,2.0272812988458
dt1us,42,60,30.0,6.039397717261016e-11,16,1.5,-7.5,False,False,upper_or_side_wall,0.241,0.080296225543573,0.98573122029963,0.080296225543573,1.156819590293492,19.714981782921,19.714981782921,1064.229912215,1.4807797003699719,59,2.0682801926006
dt1us,43,60,30.0,6.039397717261016e-11,16,1.5,0.0,False,False,evaporated_in_SOL,0.16399999999999998,0.43736941697445,0.52593061965434,0.43736941697445,1.0524509827734116,5.5866199785398,5.5866199785398,1319.610028357,162.91791259975187,40,2.1569078197246
dt1us,44,60,30.0,6.039397717261016e-11,16,1.5,7.5,False,False,evaporated_in_SOL,0.174,0.41858690631587,0.54553178198053,0.41858690631587,1.0396391855400688,4.1516567060778,4.1516567060778,1319.6103052091,167.0450331194855,40,2.1083129400315
dt1us,45,60,30.0,6.039397717261016e-11,16,1.5,15.0,False,False,evaporated_in_SOL,0.186,0.39308064301091,0.57791382445456,0.39308064301091,1.037409438408518,7.6414881555995,7.6414881555995,1321.7321223022,173.71343327395368,41,2.1043480972941
dt1us,46,60,30.0,6.039397717261016e-11,17,1.0,-15.0,False,False,upper_or_side_wall,0.243,0.20531241539089,0.97115403210374,0.20531241539089,1.187699463021997,26.315150148374002,26.315150148374002,1010.2150273879,1.1509173296437112,56,2.006278360809
dt1us,47,60,30.0,6.039397717261016e-11,17,1.0,-7.5,False,False,evaporated_in_SOL,0.193,0.43746460134506,0.52997748081645,0.43746460134506,1.0596961690983449,5.5148653558355,5.5148653558355,1279.7817629861,160.28724638846577,40,2.1414730240845
dt1us,48,60,30.0,6.039397717261016e-11,17,1.0,0.0,False,False,evaporated_in_SOL,0.19799999999999998,0.43572202269758,0.52751060861907,0.43572202269758,1.0510079694201482,6.0014363967336,6.0014363967336,1319.610305209,163.1908350131838,40,2.1057264673764
dt1us,49,60,30.0,6.039397717261016e-11,17,1.0,7.5,False,False,evaporated_in_SOL,0.207,0.41622752855183,0.54871109773649,0.41622752855183,1.039495984046941,3.9921738061917003,3.9921738061917003,1319.6103052091,167.51753098985122,41,2.103234129885
dt1us,50,60,30.0,6.039397717261016e-11,17,1.0,15.0,False,False,evaporated_in_SOL,0.217,0.39705160816087,0.57315788838078,0.39705160816087,1.0384910240430687,7.0534049994803,7.0534049994803,1321.7321223022,172.39953783297966,41,2.1185310990329
dt1us,51,60,30.0,6.039397717261016e-11,17,1.25,-15.0,False,False,upper_or_side_wall,0.219,0.23107897759322,0.96332904073057,0.23107897759322,1.1872476500952285,26.941474930593998,26.941474930593998,1009.3835326771,1.9565290643482423,55,2.0103882641482
dt1us,52,60,30.0,6.039397717261016e-11,17,1.25,-7.5,False,False,evaporated_in_SOL,0.177,0.43780000330028,0.5288317169711,0.43780000330028,1.058441511104154,4.890407609345099,4.890407609345099,1279.7817629861,160.74444617357156,40,2.1499479908195
dt1us,53,60,30.0,6.039397717261016e-11,17,1.25,0.0,False,False,evaporated_in_SOL,0.182,0.43831677661276,0.52559608060986,0.43831677661276,1.0539268892141784,7.9199871308822996,7.9199871308822996,1279.781764118,162.4054166602068,40,2.1099097279312
dt1us,54,60,30.0,6.039397717261016e-11,17,1.25,7.5,False,False,evaporated_in_SOL,0.192,0.41541707932135,0.55121037730613,0.41541707932135,1.0423952369018932,6.2894605107814,6.2894605107814,1321.7321204199,167.0110661654397,41,2.1089312760388
dt1us,55,60,30.0,6.039397717261016e-11,17,1.25,15.0,False,False,evaporated_in_SOL,0.204,0.38779752045854,0.58292081812589,0.38779752045854,1.034153095086851,5.521303072349601,5.521303072349601,1356.1487601783,176.32632201203978,41,2.1360713003273
dt1us,56,60,30.0,6.039397717261016e-11,17,1.5,-15.0,False,False,upper_or_side_wall,0.20199999999999999,0.23822770127514,0.96018965978866,0.23822770127514,1.182630070713208,27.017884375856,27.017884375856,1009.3769164596,3.114657032624145,55,2.0103882652445
dt1us,57,60,30.0,6.039397717261016e-11,17,1.5,-7.5,False,False,evaporated_in_SOL,0.163,0.43695135301115,0.52724614641924,0.43695135301115,1.053667873629184,3.1595921812759,3.1595921812759,1279.7817629861,162.40367165440182,40,2.1537692934197
dt1us,58,60,30.0,6.039397717261016e-11,17,1.5,0.0,False,False,evaporated_in_SOL,0.16899999999999998,0.4333088441224,0.52658696816531,0.4333088441224,1.043307810835574,3.1513670415841,3.1513670415841,1319.6103052091,165.65037168174607,40,2.1070531063108
dt1us,59,60,30.0,6.039397717261016e-11,17,1.5,7.5,False,False,evaporated_in_SOL,0.179,0.41121924166813,0.55479465559731,0.41121924166813,1.0390011930318084,5.0602322417401,5.0602322417401,1356.1485016078,168.93761498842358,41,2.1228329825691
dt1us,60,60,30.0,6.039397717261016e-11,17,1.5,15.0,False,False,evaporated_in_SOL,0.192,0.37928191585878,0.59189792600264,0.37928191585878,1.0314910453274897,3.8768758137362997,3.8768758137362997,1394.7195767898,180.75304555762514,41,2.1269553632178
dt1us,61,80,40.0,1.4315609403877963e-10,16,1.0,-15.0,False,False,upper_or_side_wall,0.23099999999999998,0.2362202189517,0.9625916080106,0.2362202189517,1.1972903047957846,38.042597626584005,38.042597626584005,1003.7905493099,1.3221163469486537,55,2.6805176869261
dt1us,62,80,40.0,1.4315609403877963e-10,16,1.0,-7.5,False,False,evaporated_in_SOL,0.19699999999999998,0.40634068006052,0.56870870021187,0.40634068006052,1.0567999223688724,7.963947683883201,7.963947683883201,1280.8953285597,166.43840754108942,41,2.8560424865011
dt1us,63,80,40.0,1.4315609403877963e-10,16,1.0,0.0,False,False,evaporated_in_SOL,0.19499999999999998,0.43530825052246,0.52545942075679,0.43530825052246,1.0464284356814844,7.925307940615,7.925307940615,1319.6103052092,164.80706467466686,40,2.8838102593167
dt1us,64,80,40.0,1.4315609403877963e-10,16,1.0,7.5,False,False,evaporated_in_SOL,0.20299999999999999,0.4232952039087,0.53882415698806,0.4232952039087,1.0390732155759943,9.4253950241672,9.4253950241672,1319.6103075601,166.57848120641032,40,2.8765367733043
dt1us,65,80,40.0,1.4315609403877963e-10,16,1.0,15.0,False,False,evaporated_in_SOL,0.213,0.4024760566682,0.5635718978256,0.4024760566682,1.03273882363618,8.4128242326592,8.4128242326592,1356.1487601783,172.31253081275813,41,2.8551627051834
dt1us,66,80,40.0,1.4315609403877963e-10,16,1.25,-15.0,False,False,upper_or_side_wall,0.21,0.25082805669233,0.95977330510611,0.25082805669233,1.1913917922333868,38.08899562765,38.08899562765,1003.2113177515,0.2173639361531513,55,2.7030417318232
dt1us,67,80,40.0,1.4315609403877963e-10,16,1.25,-7.5,False,False,evaporated_in_SOL,0.182,0.40155048725792,0.57251405135659,0.40155048725792,1.0509711416899705,5.3817243693972,5.3817243693972,1321.3542053522,168.77518764785506,41,2.9753245544003
dt1us,68,80,40.0,1.4315609403877963e-10,16,1.25,0.0,False,False,evaporated_in_SOL,0.18,0.43287318281201,0.52562804011111,0.43287318281201,1.0405650364586736,4.5232896312916,4.5232896312916,1319.6103070901,166.5902490881712,40,2.8842310683588
dt1us,69,80,40.0,1.4315609403877963e-10,16,1.25,7.5,False,False,evaporated_in_SOL,0.189,0.41762913176003,0.54355979830599,0.41762913176003,1.0334062709070755,5.3796547465359,5.3796547465359,1353.4086988734,168.87336141804303,40,2.8405279889009
dt1us,70,80,40.0,1.4315609403877963e-10,16,1.25,15.0,False,False,evaporated_in_SOL,0.19999999999999998,0.39420859741208,0.57254301754492,0.39420859741208,1.0281787040329207,6.923022226147101,6.923022226147101,1392.5618854741,175.1916122552198,41,2.8712335792853
dt1us,71,80,40.0,1.4315609403877963e-10,16,1.5,-15.0,False,False,upper_or_side_wall,0.19599999999999998,0.24829944145623,0.96025173984436,0.24829944145623,1.1842583590446794,37.853631408895005,37.853631408895005,1005.648152618,0.417681292899521,55,2.7030417318334
dt1us,72,80,40.0,1.4315609403877963e-10,16,1.5,-7.5,False,False,evaporated_in_SOL,0.16699999999999998,0.40576861973811,0.56758164612911,0.40576861973811,1.0523807191726984,5.3641376574891,5.3641376574891,1280.8953285597,167.48614429779454,41,2.9897435897159
dt1us,73,80,40.0,1.4315609403877963e-10,16,1.5,0.0,False,False,evaporated_in_SOL,0.16599999999999998,0.43516872662041,0.52253158078412,0.43516872662041,1.0410385568733478,5.6274807395515,5.6274807395515,1319.6103070901,166.7872763184068,40,2.8844005727345
dt1us,74,80,40.0,1.4315609403877963e-10,16,1.5,7.5,False,False,evaporated_in_SOL,0.176,0.4145519944172,0.54665418198408,0.4145519944172,1.0312344540075309,4.491264126665801,4.491264126665801,1389.7399488571,169.98396385964392,40,2.8382497610267
dt1us,75,80,40.0,1.4315609403877963e-10,16,1.5,15.0,False,False,evaporated_in_SOL,0.188,0.38702150461431,0.58054448428682,0.38702150461431,1.0254419960388175,5.6136207100305,5.6136207100305,1392.5618854741,178.02399620966463,41,2.8626733079573
dt1us,76,80,40.0,1.4315609403877963e-10,17,1.0,-15.0,False,False,evaporated_in_SOL,0.221,0.33005203028327,0.65105182363434,0.33005203028327,1.0634532423941916,5.0091277098504,5.0091277098504,1283.3702111332,218.38329758239772,41,2.976254186713
dt1us,77,80,40.0,1.4315609403877963e-10,17,1.0,-7.5,False,False,evaporated_in_SOL,0.19399999999999998,0.44091762313537,0.51942109387079,0.44091762313537,1.0491856254812078,6.7059411573588,6.7059411573588,1319.6103052091,164.51042296621526,40,2.8839291162892
dt1us,78,80,40.0,1.4315609403877963e-10,17,1.0,0.0,False,False,evaporated_in_SOL,0.19999999999999998,0.43347851442829,0.52577555782521,0.43347851442829,1.0423474436535751,8.520593567856501,8.520593567856501,1319.6103067071,166.0263561252293,40,2.8631878154373
dt1us,79,80,40.0,1.4315609403877963e-10,17,1.0,7.5,False,False,evaporated_in_SOL,0.209,0.41209326667929,0.55027659243125,0.41209326667929,1.0316782044696686,4.5332081386609,4.5332081386609,1392.3872334171,170.3697255455818,41,2.8423604467526
dt1us,80,80,40.0,1.4315609403877963e-10,17,1.0,15.0,False,False,evaporated_in_SOL,0.219,0.3907316443293,0.57604399593795,0.3907316443293,1.025655783925419,4.8110902751032,4.8110902751032,1392.5618854741,176.65229581777456,41,2.8733219520403
dt1us,81,80,40.0,1.4315609403877963e-10,17,1.25,-15.0,False,False,upper_or_side_wall,0.246,0.13718574877367,0.98236496793371,0.13718574877367,1.1598213583301347,29.118696566185,29.118696566185,1064.2299101275,4.847032066290002,58,3.1847060164033
dt1us,82,80,40.0,1.4315609403877963e-10,17,1.25,-7.5,False,False,evaporated_in_SOL,0.178,0.44070840027171,0.51885048514739,0.44070840027171,1.0478850043457064,5.1390322936562,5.1390322936562,1319.6103052091,165.04925121180705,40,2.9029622896125
dt1us,83,80,40.0,1.4315609403877963e-10,17,1.25,0.0,False,False,evaporated_in_SOL,0.184,0.43535610618622,0.52410566811253,0.43535610618622,1.0442190391611357,10.496672083632001,10.496672083632001,1319.6103070901,165.63277133117035,40,2.8616266510328
dt1us,84,80,40.0,1.4315609403877963e-10,17,1.25,7.5,False,False,evaporated_in_SOL,0.19399999999999998,0.41034286179417,0.5528900087973,0.41034286179417,1.0326425356291005,6.591670885538901,6.591670885538901,1356.1487601783,170.62924810878923,41,2.8672721884847
dt1us,85,80,40.0,1.4315609403877963e-10,17,1.25,15.0,False,False,evaporated_in_SOL,0.205,0.38645368771388,0.58346014596294,0.38645368771388,1.0314002142235805,11.842263837861001,11.842263837861001,1356.1487609861,177.33055912144306,41,2.8628461400852
dt1us,86,80,40.0,1.4315609403877963e-10,17,1.5,-15.0,False,False,upper_or_side_wall,0.213,0.20393409121756,0.96614945006104,0.20393409121756,1.1647281808545962,32.032762130088,32.032762130088,1064.2299095916,6.341796142674732,56,3.2696558434734
dt1us,87,80,40.0,1.4315609403877963e-10,17,1.5,-7.5,False,False,evaporated_in_SOL,0.163,0.4462412190295,0.51363596411411,0.4462412190295,1.0512740126075408,8.5124317133477,8.5124317133477,1319.6103049671,164.64897742460542,40,2.995440902357
dt1us,88,80,40.0,1.4315609403877963e-10,17,1.5,0.0,False,False,evaporated_in_SOL,0.17099999999999999,0.43000390811861,0.52654653897237,0.43000390811861,1.034873077825536,4.1663213661115,4.1663213661115,1353.4086956415,168.26878450499495,40,2.8839725097307
dt1us,89,80,40.0,1.4315609403877963e-10,17,1.5,7.5,False,False,evaporated_in_SOL,0.18,0.4110905599573,0.55415444178977,0.4110905599573,1.0372997497225889,12.196895893055,12.196895893055,1356.1487609816,169.3612434268886,41,2.8585806145412
dt1us,90,80,40.0,1.4315609403877963e-10,17,1.5,15.0,False,False,evaporated_in_SOL,0.193,0.37766385549987,0.59250660571087,0.37766385549987,1.0281710997493345,8.4118938765447,8.4118938765447,1394.7424011699,182.05540731535234,41,2.8675470447752
dt1us,91,100,50.0,2.796017461694915e-10,16,1.0,-15.0,False,False,upper_or_side_wall,0.248,0.17953688666081,0.97908276566808,0.17953688666081,1.1871345049240225,46.421879019025006,46.421879019025006,1009.7151945566,0.2475301764459028,56,3.3788021647846
dt1us,92,100,50.0,2.796017461694915e-10,16,1.0,-7.5,False,False,evaporated_in_SOL,0.19499999999999998,0.41841194996052,0.54743625398212,0.41841194996052,1.0427963577454589,5.319542785956,5.319542785956,1319.6103061496,166.2412731184287,40,3.7433568049418
dt1us,93,100,50.0,2.796017461694915e-10,16,1.0,0.0,False,False,evaporated_in_SOL,0.19699999999999998,0.43153835916896,0.52469911763393,0.43153835916896,1.0356087823601603,6.2183148913302,6.2183148913302,1353.4086988734,168.21259405260037,40,3.6056560392023
dt1us,94,100,50.0,2.796017461694915e-10,16,1.0,7.5,False,False,evaporated_in_SOL,0.205,0.41831082227044,0.54034970778654,0.41831082227044,1.029089497405253,7.2839707092876,7.2839707092876,1389.739951607,169.9605026289911,40,3.646649136338
dt1us,95,100,50.0,2.796017461694915e-10,16,1.0,15.0,False,False,evaporated_in_SOL,0.214,0.4014922758162,0.56332359097159,0.4014922758162,1.0291566920260957,14.041382362548001,14.041382362548001,1392.5618817735,173.2929803189749,41,3.5938980425592
dt1us,96,100,50.0,2.796017461694915e-10,16,1.25,-15.0,False,False,upper_or_side_wall,0.22799999999999998,0.19006424134998,0.97592307319814,0.19006424134998,1.1815886060874452,46.645298642755,46.645298642755,1009.3553465626,0.5406416416374575,56,3.378802164796
dt1us,97,100,50.0,2.796017461694915e-10,16,1.25,-7.5,False,False,evaporated_in_SOL,0.179,0.41904037578628,0.54697194713765,0.41904037578628,1.0435569239444649,5.248567450176799,5.248567450176799,1319.6103061496,165.92825744134956,40,3.7440316157692
dt1us,98,100,50.0,2.796017461694915e-10,16,1.25,0.0,False,False,evaporated_in_SOL,0.181,0.434771926617,0.52090376982344,0.434771926617,1.0374732944601,9.4409043779704,9.4409043779704,1353.4086996815,168.14294975474635,40,3.6067048807565
dt1us,99,100,50.0,2.796017461694915e-10,16,1.25,7.5,False,False,evaporated_in_SOL,0.19,0.41757917265237,0.54197361589605,0.41757917265237,1.0302715792454051,11.233440785657,11.233440785657,1389.7399494408,169.7339875925932,40,3.5750403397214
dt1us,100,100,50.0,2.796017461694915e-10,16,1.25,15.0,False,False,evaporated_in_SOL,0.20099999999999998,0.39271651773514,0.57270219449179,0.39271651773514,1.0239102999111884,11.045173786121001,11.045173786121001,1392.5618858161,176.4311580029569,41,3.595048164458
dt1us,101,100,50.0,2.796017461694915e-10,16,1.5,-15.0,False,False,upper_or_side_wall,0.19899999999999998,0.24333543966494,0.95731667776954,0.24333543966494,1.1739311975469944,46.320543185705006,46.320543185705006,1052.5562396847,4.550066155726046,55,4.136469544172
dt1us,102,100,50.0,2.796017461694915e-10,16,1.5,-7.5,False,False,evaporated_in_SOL,0.16399999999999998,0.42470930694478,0.54049258614515,0.42470930694478,1.0459288256443109,7.4663862454129,7.4663862454129,1319.6103052091,164.48271747662415,40,3.995573607514
dt1us,103,100,50.0,2.796017461694915e-10,16,1.5,0.0,False,False,evaporated_in_SOL,0.16699999999999998,0.43642643066609,0.51850113421388,0.43642643066609,1.038032694562797,10.824555954267,10.824555954267,1353.4087002615,168.4691904530641,40,3.6109140903624
dt1us,104,100,50.0,2.796017461694915e-10,16,1.5,7.5,False,False,evaporated_in_SOL,0.177,0.41402228202668,0.5454490273677,0.41402228202668,1.0275833948243835,8.9176528906174,8.9176528906174,1389.739951607,171.03867317567997,40,3.5894920553678
dt1us,105,100,50.0,2.796017461694915e-10,16,1.5,15.0,False,False,evaporated_in_SOL,0.189,0.38503225284461,0.58105950964003,0.38503225284461,1.0206130341673103,7.989147315490801,7.989147315490801,1430.5842718657,179.6142968797817,41,3.5858322091383
dt1us,106,100,50.0,2.796017461694915e-10,17,1.0,-15.0,False,False,evaporated_in_SOL,0.19999999999999998,0.40601605658788,0.56868301833208,0.40601605658788,1.055768930985048,8.5763020935692,8.5763020935692,1280.8953291256,166.73459048386934,41,3.9954667298811
dt1us,107,100,50.0,2.796017461694915e-10,17,1.0,-7.5,False,False,evaporated_in_SOL,0.19499999999999998,0.4425990983638,0.51371315969747,0.4425990983638,1.043952128611795,10.218640245276,10.218640245276,1319.6103052092,167.19049914736382,40,3.6996030351141
dt1us,108,100,50.0,2.796017461694915e-10,17,1.0,0.0,False,False,evaporated_in_SOL,0.20199999999999999,0.42858685526587,0.52692597099121,0.42858685526587,1.0319277846525063,7.4998022915493,7.4998022915493,1353.4086988734,169.15663977711492,40,3.6372422333409
dt1us,109,100,50.0,2.796017461694915e-10,17,1.0,7.5,False,False,evaporated_in_SOL,0.21,0.41141232997927,0.54937786766482,0.41141232997927,1.0281379225620648,8.721990799785301,8.721990799785301,1392.5618847902,171.40163654103156,41,3.5909136483715
dt1us,110,100,50.0,2.796017461694915e-10,17,1.0,15.0,False,False,evaporated_in_SOL,0.22,0.38864178368298,0.57664837978923,0.38864178368298,1.0205788162147365,7.0423795477037,7.0423795477037,1430.5842718657,178.2508893298177,41,3.5951114529408
dt1us,111,100,50.0,2.796017461694915e-10,17,1.25,-15.0,False,False,evaporated_in_SOL,0.20099999999999998,0.34091510174976,0.64183139168153,0.34091510174976,1.0664904318198454,6.554447828000501,6.554447828000501,1283.3702101279,207.93558633702307,41,4.0890295542081
dt1us,112,100,50.0,2.796017461694915e-10,17,1.25,-7.5,False,False,evaporated_in_SOL,0.179,0.44232455706267,0.51303619974552,0.44232455706267,1.0423572648614547,8.1374551007361,8.1374551007361,1319.6103052091,167.85900629042763,40,3.7444170554431
dt1us,113,100,50.0,2.796017461694915e-10,17,1.25,0.0,False,False,evaporated_in_SOL,0.186,0.43009605431871,0.52513622373793,0.43009605431871,1.0327120564499943,9.679588247446999,9.679588247446999,1353.4086996815,169.0677376547955,40,3.6367716711141
dt1us,114,100,50.0,2.796017461694915e-10,17,1.25,7.5,False,False,evaporated_in_SOL,0.19499999999999998,0.40892756235023,0.55265761633735,0.40892756235023,1.028426923239762,10.377643248797,10.377643248797,1392.5618854741,171.97908278835916,41,3.5917628370741
dt1us,115,100,50.0,2.796017461694915e-10,17,1.25,15.0,False,False,evaporated_in_SOL,0.206,0.38368680694074,0.58439338962192,0.38368680694074,1.0252657659960949,14.443497389504,14.443497389504,1392.5618861586,179.48769765481657,41,3.5857905461981
dt1us,116,100,50.0,2.796017461694915e-10,17,1.5,-15.0,False,False,upper_or_side_wall,0.239,0.11105733889208,0.98245393446679,0.11105733889208,1.141602719816741,32.660911649846,32.660911649846,1117.7957489697,4.75806553321001,58,4.1368647331435
dt1us,117,100,50.0,2.796017461694915e-10,17,1.5,-7.5,False,False,evaporated_in_SOL,0.16499999999999998,0.44145358500987,0.51290648138743,0.44145358500987,1.0403838207099745,5.7858639883855005,5.7858639883855005,1319.6103052091,168.5746502729007,40,3.7444190762062
dt1us,118,100,50.0,2.796017461694915e-10,17,1.5,0.0,False,False,evaporated_in_SOL,0.172,0.43004395634674,0.52448403255924,0.43004395634674,1.0314734571927198,9.8003055702074,9.8003055702074,1353.4086996815,169.51400991105265,40,3.6503409537257
dt1us,119,100,50.0,2.796017461694915e-10,17,1.5,7.5,False,False,evaporated_in_SOL,0.182,0.40348639350092,0.55752923525958,0.40348639350092,1.0231330734592705,5.302497113999101,5.302497113999101,1430.5842707291,174.36652771486192,41,3.5940692592872
dt1us,120,100,50.0,2.796017461694915e-10,17,1.5,15.0,False,False,evaporated_in_SOL,0.19399999999999998,0.37452659353101,0.59368018769712,0.37452659353101,1.0216620377009058,8.8957781962594,8.8957781962594,1431.9615102961,184.60272425672716,41,3.5966251062021
dt1us,121,125,62.5,5.460971604872881e-10,16,1.0,-15.0,False,False,upper_or_side_wall,0.27299999999999996,0.095550047146363,0.98597685521942,0.095550047146363,1.159066658227283,49.682069024895995,49.682069024895995,1064.2298704974,1.2351447805799554,59,4.9924746466419
dt1us,122,125,62.5,5.460971604872881e-10,16,1.0,-7.5,False,False,evaporated_in_SOL,0.19399999999999998,0.42943137720403,0.53010258972331,0.42943137720403,1.0394502716448277,11.430101833456,11.430101833456,1319.610307324,166.56254590290396,40,4.6805197062103
dt1us,123,125,62.5,5.460971604872881e-10,16,1.0,0.0,False,False,evaporated_in_SOL,0.19799999999999998,0.43311694041184,0.52002401566982,0.43311694041184,1.0320328428307501,13.315470627936,13.315470627936,1353.4087000856,169.97339423565458,40,4.5391961466264
dt1us,124,125,62.5,5.460971604872881e-10,16,1.0,7.5,False,False,evaporated_in_SOL,0.206,0.41806828091339,0.53858608805248,0.41806828091339,1.0251176447239283,14.075443562612,14.075443562612,1389.7399522927,171.10286214806976,40,4.5708215591948
dt1us,125,125,62.5,5.460971604872881e-10,16,1.0,15.0,False,False,evaporated_in_SOL,0.215,0.39984713549022,0.56330784820433,0.39984713549022,1.0240084324056635,20.012873102354998,20.012873102354998,1392.5618863314,174.7383813766094,41,4.4939665601561
dt1us,126,125,62.5,5.460971604872881e-10,16,1.25,-15.0,False,False,upper_or_side_wall,0.22599999999999998,0.20422060687245,0.96839737142774,0.20422060687245,1.1694710882646162,55.939805405198,55.939805405198,1063.6591525125,4.097276627929894,56,5.1710688124457
dt1us,127,125,62.5,5.460971604872881e-10,16,1.25,-7.5,False,False,evaporated_in_SOL,0.178,0.42999540295771,0.52930350133404,0.42999540295771,1.039530739056048,10.309579602374,10.309579602374,1319.6103070901,166.593778417367,40,4.680521511619
dt1us,128,125,62.5,5.460971604872881e-10,16,1.25,0.0,False,False,evaporated_in_SOL,0.183,0.43020618443594,0.52178692788619,0.43020618443594,1.0273237901266046,6.4115720452887,6.4115720452887,1389.7399502357,171.0811434355081,40,4.5621895559679
dt1us,129,125,62.5,5.460971604872881e-10,16,1.25,7.5,False,False,evaporated_in_SOL,0.191,0.41655154585443,0.5410721456759,0.41655154585443,1.0259008470564874,17.573363104786,17.573363104786,1389.739952807,171.08039175155167,40,4.4927926379788
dt1us,130,125,62.5,5.460971604872881e-10,16,1.25,15.0,False,False,evaporated_in_SOL,0.20199999999999999,0.39065406687661,0.57302334228673,0.39065406687661,1.018249796496496,14.569690820798,14.569690820798,1430.5842722921,178.10416257693026,41,4.4939511023322
dt1us,131,125,62.5,5.460971604872881e-10,16,1.5,-15.0,False,False,upper_or_side_wall,0.20299999999999999,0.2329083659092,0.96237387483062,0.2329083659092,1.1651886319716196,56.476945200634,56.476945200634,1063.2843571126,2.399388949715204,55,5.2138022531211
dt1us,132,125,62.5,5.460971604872881e-10,16,1.5,-7.5,False,False,evaporated_in_SOL,0.16399999999999998,0.42984473815806,0.52915065971302,0.42984473815806,1.0388882004847668,8.4276623480343,8.4276623480343,1353.4081367789,166.80620555040784,40,4.9945522703364
dt1us,133,125,62.5,5.460971604872881e-10,16,1.5,0.0,False,False,evaporated_in_SOL,0.16899999999999998,0.43136626538254,0.5195620950087,0.43136626538254,1.0269817053766253,7.6422901220084,7.6422901220084,1389.7399502358,171.608538637797,40,4.5648550095181
dt1us,134,125,62.5,5.460971604872881e-10,16,1.5,7.5,False,False,evaporated_in_SOL,0.178,0.41260000329617,0.54484882334008,0.41260000329617,1.0227493440432536,13.77660612892,13.77660612892,1428.6452310043,172.57174572264768,40,4.4938173499778
dt1us,135,125,62.5,5.460971604872881e-10,16,1.5,15.0,False,False,evaporated_in_SOL,0.19,0.38256218567625,0.58168562569748,0.38256218567625,1.014583563141931,8.8480752876021,8.8480752876021,1470.7753893681,181.60742304098312,41,4.5041737086987
dt1us,136,125,62.5,5.460971604872881e-10,17,1.0,-15.0,False,False,evaporated_in_SOL,0.19699999999999998,0.42303394318694,0.54321747360498,0.42303394318694,1.0468044575168478,11.171474073098999,11.171474073098999,1319.6103052149,164.43523602512033,40,5.1113692029267
dt1us,137,125,62.5,5.460971604872881e-10,17,1.0,-7.5,False,False,evaporated_in_SOL,0.19699999999999998,0.43873920055612,0.51312311807834,0.43873920055612,1.0351771852690501,9.119335417012701,9.119335417012701,1353.4086999135,170.388127349396,40,4.691039074649
dt1us,138,125,62.5,5.460971604872881e-10,17,1.0,0.0,False,False,evaporated_in_SOL,0.20299999999999999,0.42851026748774,0.5247228515114,0.42851026748774,1.0280093305502231,14.174017979518,14.174017979518,1389.7399522927,170.56902034058385,40,4.5726214905541
dt1us,139,125,62.5,5.460971604872881e-10,17,1.0,7.5,False,False,evaporated_in_SOL,0.211,0.40988166930085,0.54898319762784,0.40988166930085,1.0233898648075748,13.685836182705,13.685836182705,1430.5842718843,172.93116288861071,41,4.4938707956377
dt1us,140,125,62.5,5.460971604872881e-10,17,1.0,15.0,False,False,evaporated_in_SOL,0.221,0.38611987544571,0.57730475373426,0.38611987544571,1.0142781542060564,7.8704654159613,7.8704654159613,1470.7753891403,180.2277961452853,41,4.4939894760617
dt1us,141,125,62.5,5.460971604872881e-10,17,1.25,-15.0,False,False,evaporated_in_SOL,0.185,0.4026036371554,0.57138020723701,0.4026036371554,1.051556437525338,8.527746506988999,8.527746506988999,1280.8953285597,168.40589282470927,41,5.1710877277388
dt1us,142,125,62.5,5.460971604872881e-10,17,1.25,-7.5,False,False,evaporated_in_SOL,0.18,0.44355118811199,0.50741833947397,0.44355118811199,1.0363251412213634,13.715296938749999,13.715296938749999,1353.3942372196,170.96578958465182,40,4.6821074874095
dt1us,143,125,62.5,5.460971604872881e-10,17,1.25,0.0,False,False,evaporated_in_SOL,0.187,0.42946100577162,0.52350943368265,0.42946100577162,1.0283515248161448,16.386416025524998,16.386416025524998,1389.7399526356,170.57754921337798,40,4.5726105766587
dt1us,144,125,62.5,5.460971604872881e-10,17,1.25,7.5,False,False,evaporated_in_SOL,0.19599999999999998,0.40692595774535,0.55265600834061,0.40692595774535,1.0231602920589464,14.546256418134,14.546256418134,1430.5842721496,173.7291412230146,41,4.4938980338523
dt1us,145,125,62.5,5.460971604872881e-10,17,1.25,15.0,False,False,evaporated_in_SOL,0.207,0.38068165486688,0.58532723597223,0.38068165486688,1.0183958685886292,15.753808323851999,15.753808323851999,1430.5842724341,181.8855940058717,41,4.4853555037165
dt1us,146,125,62.5,5.460971604872881e-10,17,1.5,-15.0,False,False,evaporated_in_SOL,0.174,0.38831333304365,0.59164620275822,0.38831333304365,1.0588674880660107,8.1964491722107,8.1964491722107,1280.895329108,172.42666095199732,41,5.1710879570582
dt1us,147,125,62.5,5.460971604872881e-10,17,1.5,-7.5,False,False,evaporated_in_SOL,0.16599999999999998,0.44272684794411,0.50707393047484,0.44272684794411,1.034223244512492,9.9668713899769,9.9668713899769,1353.4073446771,171.7875470267374,40,4.7018931897396
dt1us,148,125,62.5,5.460971604872881e-10,17,1.5,0.0,False,False,evaporated_in_SOL,0.173,0.42903355200943,0.52314859210511,0.42903355200943,1.0266645233516996,15.618730161908,15.618730161908,1389.7399524649,171.1367499579804,40,4.5738086409213
dt1us,149,125,62.5,5.460971604872881e-10,17,1.5,7.5,False,False,evaporated_in_SOL,0.183,0.40126647113654,0.55764358705183,0.40126647113654,1.0164986665243851,6.5102237798873,6.5102237798873,1430.5842718657,176.25102123223883,41,4.4939658960972
dt1us,150,125,62.5,5.460971604872881e-10,17,1.5,15.0,False,False,evaporated_in_SOL,0.19499999999999998,0.37119314611785,0.59480070185364,0.37119314611785,1.0131128202930635,7.084027676922499,7.084027676922499,1470.5010969143,187.37809674762994,41,4.5025806126537
dt1us,151,150,75.0,9.436558933220338e-10,16,1.0,-15.0,False,False,upper_or_side_wall,0.284,0.064306108196533,0.98297865674093,0.064306108196533,1.1385095569154529,54.354314425644,54.354314425644,1116.9151843157,4.233343259069988,59,6.2053026637318
dt1us,152,150,75.0,9.436558933220338e-10,16,1.0,-7.5,False,False,evaporated_in_SOL,0.19499999999999998,0.42923134223938,0.52644825646342,0.42923134223938,1.0327510757973049,8.4234721555257,8.4234721555257,1353.4087000856,168.9388072351664,40,5.6166314607937
dt1us,153,150,75.0,9.436558933220338e-10,16,1.0,0.0,False,False,evaporated_in_SOL,0.19899999999999998,0.43271457031322,0.51767740550064,0.43271457031322,1.0275771326399488,17.927033301978998,17.927033301978998,1389.7399522928,171.8059716872101,40,5.4832101777966
dt1us,154,150,75.0,9.436558933220338e-10,16,1.0,7.5,False,False,evaporated_in_SOL,0.207,0.41639312640039,0.53821850175703,0.41639312640039,1.0200963259152729,17.245599724269,17.245599724269,1428.6452310129,172.71604466320537,40,5.488844105649
dt1us,155,150,75.0,9.436558933220338e-10,16,1.0,15.0,False,False,evaporated_in_SOL,0.216,0.39735933059554,0.56379844329904,0.39735933059554,1.0173018896660053,21.944723611432998,21.944723611432998,1430.5842725329,176.6741186142667,41,5.4086565867072
dt1us,156,150,75.0,9.436558933220338e-10,16,1.25,-15.0,False,False,upper_or_side_wall,0.24,0.15655327141416,0.97887916794511,0.15655327141416,1.160478407856581,64.147403430634,64.147403430634,1064.2290680373,4.9496729887578645,57,6.2565629010914
dt1us,157,150,75.0,9.436558933220338e-10,16,1.25,-7.5,False,False,evaporated_in_SOL,0.178,0.43519570275112,0.51908483325869,0.43519570275112,1.0358341302891634,15.171157134884,15.171157134884,1353.4086996815,169.00955683777585,40,5.9934634053724
dt1us,158,150,75.0,9.436558933220338e-10,16,1.25,0.0,False,False,evaporated_in_SOL,0.184,0.42972559823596,0.51939622390632,0.42972559823596,1.0226444541637807,10.151002319544,10.151002319544,1428.6452298608,172.97315073443963,40,5.4850271122749
dt1us,159,150,75.0,9.436558933220338e-10,16,1.25,7.5,False,False,evaporated_in_SOL,0.192,0.4144358217627,0.54109472095332,0.4144358217627,1.0204606031297787,20.428195118309,20.428195118309,1428.6452312918,172.8792748819595,40,5.4889609689708
dt1us,160,150,75.0,9.436558933220338e-10,16,1.25,15.0,False,False,evaporated_in_SOL,0.20299999999999999,0.38780385707158,0.57384473014466,0.38780385707158,1.011321630449489,12.662154120171,12.662154120171,1470.7753894817,180.2585329155783,41,5.431108475102
dt1us,161,150,75.0,9.436558933220338e-10,16,1.5,-15.0,False,False,upper_or_side_wall,0.22,0.1726601475301,0.97997062721652,0.1726601475301,1.1564395859706187,65.025623701731,65.025623701731,1064.229001168,0.7630239431787778,57,6.2565629530068
dt1us,162,150,75.0,9.436558933220338e-10,16,1.5,-7.5,False,False,evaporated_in_SOL,0.16399999999999998,0.4351613857926,0.51852941332264,0.4351613857926,1.0349240409500549,12.281101488055999,12.281101488055999,1353.4087003041,169.40059714441423,40,5.9934634524213
dt1us,163,150,75.0,9.436558933220338e-10,16,1.5,0.0,False,False,evaporated_in_SOL,0.16999999999999998,0.43043446254332,0.5176961981306,0.43043446254332,1.0219367760963918,10.698674083185,10.698674083185,1428.6452301466,173.52487702818144,40,5.488291681675
dt1us,164,150,75.0,9.436558933220338e-10,16,1.5,7.5,False,False,evaporated_in_SOL,0.179,0.4101329879522,0.54517664217956,0.4101329879522,1.0169361565535158,14.256433671254,14.256433671254,1470.7753852819,174.5616647659619,40,5.3932984596663
dt1us,165,150,75.0,9.436558933220338e-10,16,1.5,15.0,False,False,evaporated_in_SOL,0.19,0.3843968337868,0.58006488089034,0.3843968337868,1.015997359483413,26.12296124976,26.12296124976,1430.5842727185,180.60687226744537,41,5.4623335574369
dt1us,166,150,75.0,9.436558933220338e-10,17,1.0,-15.0,False,False,evaporated_in_SOL,0.19699999999999998,0.42621378973029,0.53540188060204,0.42621378973029,1.040158226882773,10.639112430426,10.639112430426,1319.6103070905,166.07086571644973,40,6.1336460905459
dt1us,167,150,75.0,9.436558933220338e-10,17,1.0,-7.5,False,False,evaporated_in_SOL,0.19799999999999998,0.43870100976018,0.5096808924228,0.43870100976018,1.029917482337108,13.013226043370999,13.013226043370999,1389.7399512642,172.79601470454227,40,5.6586030195333
dt1us,168,150,75.0,9.436558933220338e-10,17,1.0,0.0,False,False,evaporated_in_SOL,0.204,0.42694481942747,0.52403205893135,0.42694481942747,1.0228967485763845,19.025301116589002,19.025301116589002,1403.8713137359,172.22741339350256,40,5.4889376537604
dt1us,169,150,75.0,9.436558933220338e-10,17,1.0,7.5,False,False,evaporated_in_SOL,0.212,0.40737956229979,0.54939962318449,0.40737956229979,1.0176106737146842,14.081838321942001,14.081838321942001,1430.5842720078,174.91544853692855,41,5.3927847981152
dt1us,170,150,75.0,9.436558933220338e-10,17,1.0,15.0,False,False,evaporated_in_SOL,0.221,0.3879190529705,0.57558594749253,0.3879190529705,1.015808491255082,24.088173044209,24.088173044209,1430.5842726474,179.37110215819203,41,5.4249380333839
dt1us,171,150,75.0,9.436558933220338e-10,17,1.25,-15.0,False,False,evaporated_in_SOL,0.182,0.42002050611798,0.54659222702298,0.42002050611798,1.0453945087146421,11.644945243708,11.644945243708,1319.6103068549,165.2720265788266,40,6.2053055834255
dt1us,172,150,75.0,9.436558933220338e-10,17,1.25,-7.5,False,False,evaporated_in_SOL,0.182,0.43789735882747,0.50996170016369,0.43789735882747,1.028716420556435,7.6832266417098,7.6832266417098,1389.7399495502,173.17861915657227,40,5.6606415653076
dt1us,173,150,75.0,9.436558933220338e-10,17,1.25,0.0,False,False,evaporated_in_SOL,0.188,0.42758270544417,0.52306163166089,0.42758270544417,1.0228676617116643,21.022834062946,21.022834062946,1402.739098213,172.32602717811906,40,5.4889391066699
dt1us,174,150,75.0,9.436558933220338e-10,17,1.25,7.5,False,False,evaporated_in_SOL,0.19699999999999998,0.40411365819765,0.55327468143119,0.40411365819765,1.0160946063356513,14.144076559746,14.144076559746,1470.7752865045,175.88621557136406,41,5.4290886237136
dt1us,175,150,75.0,9.436558933220338e-10,17,1.25,15.0,False,False,evaporated_in_SOL,0.208,0.37722454764527,0.58653425304384,0.37722454764527,1.0108508530399611,10.254159744367,10.254159744367,1470.50109714,184.62214347698338,41,5.4363050051379
dt1us,176,150,75.0,9.436558933220338e-10,17,1.5,-15.0,False,False,evaporated_in_SOL,0.16899999999999998,0.41361799228275,0.55763224486476,0.41361799228275,1.0505788184129143,11.165672407125,11.165672407125,1321.7321204201,165.46207916770103,41,6.2271045495168
dt1us,177,150,75.0,9.436558933220338e-10,17,1.5,-7.5,False,False,evaporated_in_SOL,0.16699999999999998,0.44221681986161,0.50380617663676,0.44221681986161,1.0289506755446063,13.072330297783001,13.072330297783001,1386.1762445174,174.4935806821375,40,5.6608612986674
dt1us,178,150,75.0,9.436558933220338e-10,17,1.5,0.0,False,False,evaporated_in_SOL,0.174,0.42687596881755,0.5228963489335,0.42687596881755,1.0208116441219643,18.784208653055998,18.784208653055998,1428.6452311473,172.98293323895786,40,5.488998544148
dt1us,179,150,75.0,9.436558933220338e-10,17,1.5,7.5,False,False,evaporated_in_SOL,0.183,0.40342825096597,0.5553207594508,0.40342825096597,1.0182942475461791,22.360421836986998,22.360421836986998,1430.5842725061,175.49074537986033,41,5.4358652144833
dt1us,180,150,75.0,9.436558933220338e-10,17,1.5,15.0,False,False,evaporated_in_SOL,0.19499999999999998,0.37266556347865,0.59349533253593,0.37266556347865,1.0145039707948107,22.810714181768,22.810714181768,1470.5010968844,186.41812948072783,41,5.4433489348082
dt1us,181,200,100.0,2.236813969355932e-09,16,1.0,-15.0,False,False,evaporated_in_SOL,0.205,0.3759202517553,0.60343554394379,0.3759202517553,1.046252507625919,11.734065991049,11.734065991049,1323.731704023,180.22165660775556,41,8.273740791264
dt1us,182,200,100.0,2.236813969355932e-09,16,1.0,-7.5,False,False,evaporated_in_SOL,0.19599999999999998,0.43285879354934,0.51520906892654,0.43285879354934,1.0243045695908843,13.642991685175,13.642991685175,1389.739952037,173.32255204694638,40,7.9912846326337
dt1us,183,200,100.0,2.236813969355932e-09,16,1.0,0.0,False,False,evaporated_in_SOL,0.20099999999999998,0.42933530899903,0.51629517314035,0.42933530899903,1.0171722276688577,20.873818229464998,20.873818229464998,1428.645230914,175.27004097865338,40,7.3186276601728
dt1us,184,200,100.0,2.236813969355932e-09,16,1.0,7.5,False,False,evaporated_in_SOL,0.208,0.41570587756492,0.5364751849955,0.41570587756492,1.0150311680678612,33.192985737919,33.192985737919,1471.0727772235,174.22861043694834,40,7.3186853564685
dt1us,185,200,100.0,2.236813969355932e-09,16,1.0,15.0,False,False,evaporated_in_SOL,0.217,0.39565407276336,0.56339968750974,0.39565407276336,1.0111634720491276,34.750695657925,34.750695657925,1470.7753897802,178.35821775746268,41,7.2696353718541
dt1us,186,200,100.0,2.236813969355932e-09,16,1.25,-15.0,False,False,upper_or_side_wall,0.248,0.099742252602412,0.98551689128868,0.099742252602412,1.0672317914818665,14.277945910059,14.277945910059,1282.2206593087,1.6951087113199481,59,8.3420839416155
dt1us,187,200,100.0,2.236813969355932e-09,16,1.25,-7.5,False,False,evaporated_in_SOL,0.18,0.43284259084321,0.51521941326614,0.43284259084321,1.0242797431495387,11.114318398877,11.114318398877,1389.7399517005,173.32783349986875,40,7.9912846327013
dt1us,188,200,100.0,2.236813969355932e-09,16,1.25,0.0,False,False,evaporated_in_SOL,0.185,0.43076207401757,0.51436790483581,0.43076207401757,1.017895714508017,25.52503244323,25.52503244323,1428.6452311554,175.45190631162043,40,7.3186502756901
dt1us,189,200,100.0,2.236813969355932e-09,16,1.25,7.5,False,False,evaporated_in_SOL,0.19399999999999998,0.40876218402915,0.54252683787098,0.40876218402915,1.0084261107157766,11.003783447199,11.003783447199,1491.5071275714,177.05565377391912,40,7.318685907291
dt1us,190,200,100.0,2.236813969355932e-09,16,1.25,15.0,False,False,evaporated_in_SOL,0.204,0.38589935966863,0.57350956096649,0.38589935966863,1.0045961274323771,21.135420119174,21.135420119174,1491.5071277045,182.10828761354918,41,7.4443469219709
dt1us,191,200,100.0,2.236813969355932e-09,16,1.5,-15.0,False,False,upper_or_side_wall,0.259,0.040567862573689,0.98444981093484,0.040567862573689,1.0957456821810512,48.948189770239,48.948189770239,1171.8214121595,2.7621890651600145,60,8.5182679980676
dt1us,192,200,100.0,2.236813969355932e-09,16,1.5,-7.5,False,False,evaporated_in_SOL,0.16499999999999998,0.43789809457484,0.50757888024014,0.43789809457484,1.0251960731215362,18.596860867888,18.596860867888,1389.7399511492,174.83896612870222,40,8.1781948347617
dt1us,193,200,100.0,2.236813969355932e-09,16,1.5,0.0,False,False,evaporated_in_SOL,0.17099999999999999,0.43090014955629,0.51339474188983,0.43090014955629,1.0168157978604155,26.084110614072998,26.084110614072998,1428.645231219,175.99171061000584,40,7.3186811014308
dt1us,194,200,100.0,2.236813969355932e-09,16,1.5,7.5,False,False,evaporated_in_SOL,0.18,0.40866303266539,0.54405586164938,0.40866303266539,1.0110175421214989,24.516467304631,24.516467304631,1470.7753895954,176.39131998092608,40,7.2765567849024
dt1us,195,200,100.0,2.236813969355932e-09,16,1.5,15.0,False,False,evaporated_in_SOL,0.191,0.3818689123451,0.58031135409127,0.3818689123451,1.0087787556857999,35.464177837072,35.464177837072,1470.7753898229,182.80341373048512,41,7.4761730881062
dt1us,196,200,100.0,2.236813969355932e-09,17,1.0,-15.0,False,False,evaporated_in_SOL,0.19699999999999998,0.43405761915372,0.51807749991312,0.43405761915372,1.0315069477212455,16.443269139355,16.443269139355,1389.7399509367,170.52935952830205,40,8.1781948347437
dt1us,197,200,100.0,2.236813969355932e-09,17,1.0,-7.5,False,False,evaporated_in_SOL,0.19999999999999998,0.43564773455487,0.50739733173151,0.43564773455487,1.0196750855583179,14.247427233349,14.247427233349,1428.6452301466,176.57799232583832,40,7.5502994141744
dt1us,198,200,100.0,2.236813969355932e-09,17,1.0,0.0,False,False,evaporated_in_SOL,0.206,0.42198037329846,0.52460591268395,0.42198037329846,1.0113401054416784,14.966898315368999,14.966898315368999,1471.0793478881,175.82136112038177,40,7.3355548204954
dt1us,199,200,100.0,2.236813969355932e-09,17,1.0,7.5,False,False,evaporated_in_SOL,0.213,0.40584900926667,0.54839785356327,0.40584900926667,1.0115598169267532,23.77259687767,23.77259687767,1470.7753896238,176.73995470883762,41,7.2630507845968
dt1us,200,200,100.0,2.236813969355932e-09,17,1.0,15.0,False,False,evaporated_in_SOL,0.222,0.38540687194417,0.57575755817273,0.38540687194417,1.0083900504558503,32.899977376251,32.899977376251,1470.7753897944,181.5463060082335,41,7.4131367870308
dt1us,201,200,100.0,2.236813969355932e-09,17,1.25,-15.0,False,False,evaporated_in_SOL,0.181,0.43167703138809,0.52413877838635,0.43167703138809,1.035003373925801,17.640543322756002,17.640543322756002,1353.4087008025,168.4562713736947,40,8.3598269455099
dt1us,202,200,100.0,2.236813969355932e-09,17,1.25,-7.5,False,False,evaporated_in_SOL,0.183,0.43976797810951,0.50193130517214,0.43976797810951,1.0216952555881325,21.691388273135,21.691388273135,1428.645217547,177.54116510881207,40,7.5502482902779
dt1us,203,200,100.0,2.236813969355932e-09,17,1.25,0.0,False,False,evaporated_in_SOL,0.19,0.422210891799,0.52384373474463,0.422210891799,1.0106547059493052,16.196461478661,16.196461478661,1471.0793479521,176.0956256921946,40,7.3288587562274
dt1us,204,200,100.0,2.236813969355932e-09,17,1.25,7.5,False,False,evaporated_in_SOL,0.19799999999999998,0.40225307950112,0.55256139562227,0.40225307950112,1.0088462348839853,22.700834909177,22.700834909177,1470.7753896522,177.85892917383953,41,7.3367520658859
dt1us,205,200,100.0,2.236813969355932e-09,17,1.25,15.0,False,False,evaporated_in_SOL,0.209,0.37465845178354,0.58660745734638,0.37465845178354,1.0029135720791214,14.368371812811,14.368371812811,1490.5581310566,186.97652796263114,41,7.416679436015
dt1us,206,200,100.0,2.236813969355932e-09,17,1.5,-15.0,False,False,evaporated_in_SOL,0.16799999999999998,0.42404853260721,0.53902551806041,0.42404853260721,1.038836995906781,12.671915547795,12.671915547795,1353.4087001741,165.8380822017143,40,8.5617532883255
dt1us,207,200,100.0,2.236813969355932e-09,17,1.5,-7.5,False,False,evaporated_in_SOL,0.16899999999999998,0.43855474448351,0.50174043778472,0.43855474448351,1.0190656661042867,12.653631711577999,12.653631711577999,1428.6452297279,178.52029847547806,40,7.5503291968832
dt1us,208,200,100.0,2.236813969355932e-09,17,1.5,0.0,False,False,evaporated_in_SOL,0.176,0.42105198319053,0.52401084311089,0.42105198319053,1.0080122498624664,11.18851708097,11.18851708097,1471.0793477734,176.92115673724155,40,7.3421921515622
dt1us,209,200,100.0,2.236813969355932e-09,17,1.5,7.5,False,False,evaporated_in_SOL,0.184,0.40106255290269,0.55511827480022,0.40106255290269,1.0105525968346891,32.005885924424,32.005885924424,1470.7753897589,177.65663249154164,41,7.3272573717785
dt1us,210,200,100.0,2.236813969355932e-09,17,1.5,15.0,False,False,evaporated_in_SOL,0.19599999999999998,0.36962596566527,0.59396687645945,0.36962596566527,1.0050891127992574,28.510661914225,28.510661914225,1490.5581310787,189.13146525166357,41,7.4215036966456
dt1us,211,250,125.0,4.368777283898306e-09,16,1.0,-15.0,False,False,evaporated_in_SOL,0.19999999999999998,0.40300277692476,0.56544274590173,0.40300277692476,1.0333750042674414,17.405419244386998,17.405419244386998,1356.1487597745,170.94290575589181,41,10.447281175078
dt1us,212,250,125.0,4.368777283898306e-09,16,1.0,-7.5,False,False,evaporated_in_SOL,0.19699999999999998,0.43414301631444,0.50778555592306,0.43414301631444,1.0165087023732542,17.84883138058,17.84883138058,1471.0152864764,177.3956651441119,40,9.9891057912463
dt1us,213,250,125.0,4.368777283898306e-09,16,1.0,0.0,False,False,evaporated_in_SOL,0.20199999999999999,0.42868821252467,0.51378248230613,0.42868821252467,1.0119336725268582,31.238699829666,31.238699829666,1471.0793481464,177.39949116869548,40,9.160602818326
dt1us,214,250,125.0,4.368777283898306e-09,16,1.0,7.5,False,False,evaporated_in_SOL,0.21,0.40967981593845,0.53818746809666,0.40967981593845,1.0027082210540461,15.506733964703,15.506733964703,1492.8298108183,178.45329667633857,40,9.1648940515028
dt1us,215,250,125.0,4.368777283898306e-09,16,1.0,15.0,False,False,evaporated_in_SOL,0.218,0.39315633202323,0.56354727176557,0.39315633202323,1.0037050645189476,41.264589255663,41.264589255663,1491.5071277707,180.46935484697713,41,9.2883338434847
dt1us,216,250,125.0,4.368777283898306e-09,16,1.25,-15.0,False,False,upper_or_side_wall,0.208,0.25551593949081,0.94929402756226,0.25551593949081,1.0442225900720776,12.821540764079,12.821540764079,1321.7321221365,9.10364986833682,54,10.700176505537
dt1us,217,250,125.0,4.368777283898306e-09,16,1.25,-7.5,False,False,evaporated_in_SOL,0.18,0.43891608969599,0.50148987199934,0.43891608969599,1.0194556097111538,29.235115792349,29.235115792349,1428.6452300739,178.4497095584238,40,9.989105791256
dt1us,218,250,125.0,4.368777283898306e-09,16,1.25,0.0,False,False,evaporated_in_SOL,0.186,0.42969322054258,0.51240756289257,0.42969322054258,1.012411819914077,36.358533956463,36.358533956463,1471.079348205,177.5497601330929,40,9.1841530490237
dt1us,219,250,125.0,4.368777283898306e-09,16,1.25,7.5,False,False,evaporated_in_SOL,0.19499999999999998,0.40680372227321,0.54179157260544,0.40680372227321,1.001975759181523,15.253639457178,15.253639457178,1514.5995792092,179.12184477693683,40,9.2662269827177
dt1us,220,250,125.0,4.368777283898306e-09,16,1.25,15.0,True,False,evaporated_inside_lcfs,0.205,0.38326044539684,0.57368734406251,0.38326044539684,0.9967993511313232,21.758815934132,21.758815934132,1555.6939706918,184.3875182307308,41,9.3348838754269
dt1us,221,250,125.0,4.368777283898306e-09,16,1.5,-15.0,False,False,upper_or_side_wall,0.205,0.21747637664096,0.95626168333663,0.21747637664096,1.0534501491318615,24.891045377188,24.891045377188,1282.2206587502,12.338877758834196,55,10.796465094328
dt1us,222,250,125.0,4.368777283898306e-09,16,1.5,-7.5,False,False,evaporated_in_SOL,0.16599999999999998,0.43853047827634,0.50076674920769,0.43853047827634,1.0177760912155325,22.663659302588,22.663659302588,1471.0763211157,179.23825437426055,40,10.222743543505
dt1us,223,250,125.0,4.368777283898306e-09,16,1.5,0.0,False,False,evaporated_in_SOL,0.172,0.42950267824608,0.51174584197865,0.42950267824608,1.0109835423781615,35.454961529135005,35.454961529135005,1471.0793482193,178.13132698515977,40,9.1809755490478
dt1us,224,250,125.0,4.368777283898306e-09,16,1.5,7.5,False,False,evaporated_in_SOL,0.181,0.40622406383066,0.54386664205069,0.40622406383066,1.0043089751257646,29.165910266268,29.165910266268,1491.5071277266,178.61452474728523,41,9.2905543516555
dt1us,225,250,125.0,4.368777283898306e-09,16,1.5,15.0,False,False,evaporated_in_SOL,0.192,0.37885879314502,0.58080011500126,0.37885879314502,1.0007030932190266,38.129392813994,38.129392813994,1514.5995479112,185.35134521837662,41,9.3609838358049
dt1us,226,250,125.0,4.368777283898306e-09,17,1.0,-15.0,False,False,evaporated_in_SOL,0.19799999999999998,0.43504098260454,0.51076676985463,0.43504098260454,1.023106173676768,14.051534224659,14.051534224659,1428.645229877,174.69703248440334,40,10.222743543501
dt1us,227,250,125.0,4.368777283898306e-09,17,1.0,-7.5,False,False,evaporated_in_SOL,0.20099999999999998,0.43541868974876,0.50344946366471,0.43541868974876,1.014172126229312,23.485984243375,23.485984243375,1471.0793478848,179.50517661722395,40,9.4379322689736
dt1us,228,250,125.0,4.368777283898306e-09,17,1.0,0.0,False,False,evaporated_in_SOL,0.207,0.42041410477506,0.52329778836876,0.42041410477506,1.0052254638458966,21.992280181479,21.992280181479,1492.8298108183,177.85925192189288,40,9.1878442709603
dt1us,229,250,125.0,4.368777283898306e-09,17,1.0,7.5,False,False,evaporated_in_SOL,0.214,0.40343428838317,0.54823809030667,0.40343428838317,1.0038419195602606,28.246696460204998,28.246696460204998,1491.5071277266,178.927920439452,41,9.277001615067
dt1us,230,250,125.0,4.368777283898306e-09,17,1.0,15.0,False,False,evaporated_in_SOL,0.223,0.38247473734399,0.57615451309529,0.38247473734399,1.0001969677000795,35.650765287042,35.650765287042,1514.4534807685,184.01104581096754,41,9.4027686302355
dt1us,231,250,125.0,4.368777283898306e-09,17,1.25,-15.0,False,False,evaporated_in_SOL,0.182,0.4322450908721,0.51800319819151,0.4322450908721,1.0268882274185829,15.167178399838,15.167178399838,1389.7399514461,171.94886982392305,40,10.451241609799
dt1us,232,250,125.0,4.368777283898306e-09,17,1.25,-7.5,False,False,evaporated_in_SOL,0.184,0.43920509507854,0.49848657970983,0.43920509507854,1.0161785647844215,32.993495424026996,32.993495424026996,1471.1383993826,180.42762407352708,40,9.4379312449591
dt1us,233,250,125.0,4.368777283898306e-09,17,1.25,0.0,False,False,evaporated_in_SOL,0.191,0.42038361387153,0.52276615733603,0.42038361387153,1.0042694367132692,22.417257760720002,22.417257760720002,1492.8298108183,178.2032155663461,40,9.1917182294457
dt1us,234,250,125.0,4.368777283898306e-09,17,1.25,7.5,False,False,evaporated_in_SOL,0.19899999999999998,0.3996312638839,0.55251472852588,0.3996312638839,1.000655943719754,25.865525773178,25.865525773178,1491.5071277266,180.1729136009827,41,9.337857213883
dt1us,235,250,125.0,4.368777283898306e-09,17,1.25,15.0,False,False,evaporated_in_SOL,0.209,0.37581018290277,0.58535538153416,0.37581018290277,1.0033195577834244,43.297096223287,43.297096223287,1490.5581311008,186.37613048007046,41,9.4162459244355
dt1us,236,250,125.0,4.368777283898306e-09,17,1.5,-15.0,False,False,evaporated_in_SOL,0.16699999999999998,0.43539596159434,0.51458700823626,0.43539596159434,1.0296505210466345,22.644591034603998,22.644591034603998,1389.7399510949,171.84796099702052,40,10.702743492519
dt1us,237,250,125.0,4.368777283898306e-09,17,1.5,-7.5,False,False,evaporated_in_SOL,0.16999999999999998,0.43810667675452,0.49749134632303,0.43810667675452,1.0127780415124934,18.834303239018,18.834303239018,1471.0856445036,181.90503268402074,40,9.4379328136222
dt1us,238,250,125.0,4.368777283898306e-09,17,1.5,0.0,False,False,evaporated_in_SOL,0.177,0.41907873400407,0.52290826523651,0.41907873400407,1.0012229146112759,15.336666378062,15.336666378062,1492.8298108183,179.16177876192285,40,9.1925706286725
dt1us,239,250,125.0,4.368777283898306e-09,17,1.5,7.5,False,False,evaporated_in_SOL,0.185,0.39814000098437,0.55531185464702,0.39814000098437,1.0019225362788697,35.798468804062004,35.798468804062004,1491.5071277621,180.11667226929288,41,9.3316602376199
dt1us,240,250,125.0,4.368777283898306e-09,17,1.5,15.0,True,False,evaporated_inside_lcfs,0.19699999999999998,0.36632504991782,0.59452852004244,0.36632504991782,0.9950200159801204,25.945313543234,25.945313543234,1554.596773461,192.07464877625225,41,9.4071689441863
dt1us,241,300,150.0,7.54924714657627e-09,16,1.0,-15.0,False,False,evaporated_in_SOL,0.19899999999999998,0.41171803552288,0.54968677880643,0.41171803552288,1.0246887343739532,15.625368915803,15.625368915803,1392.5618839215,170.9843262962852,41,12.541420362489
dt1us,242,300,150.0,7.54924714657627e-09,16,1.0,-7.5,False,False,evaporated_in_SOL,0.19799999999999998,0.43410504512897,0.50300236825879,0.43410504512897,1.0104677980307049,17.710978288739998,17.710978288739998,1471.0794181839,180.75277846364756,40,11.986926949523
dt1us,243,300,150.0,7.54924714657627e-09,16,1.0,0.0,False,False,evaporated_in_SOL,0.20299999999999999,0.42707185359581,0.51260753796695,0.42707185359581,1.0062637192709163,38.310744123683,38.310744123683,1492.8298108438,179.3904288178258,40,11.028601868118
dt1us,244,300,150.0,7.54924714657627e-09,16,1.0,7.5,False,False,evaporated_in_SOL,0.21,0.41134572892509,0.53594057548468,0.41134572892509,1.0028010608483913,46.523899584636,46.523899584636,1492.82981093,178.2035895280044,40,11.17591271317
dt1us,245,300,150.0,7.54924714657627e-09,16,1.0,15.0,True,False,evaporated_inside_lcfs,0.219,0.39035963413101,0.56385860015381,0.39035963413101,0.9956562172803586,41.572113419954,41.572113419954,1555.6862994599,182.76217575001579,41,11.261532791618
dt1us,246,300,150.0,7.54924714657627e-09,16,1.25,-15.0,False,False,evaporated_in_SOL,0.185,0.40035044789746,0.57164857001935,0.40035044789746,1.0308523545139394,18.277540890546,18.277540890546,1389.7399524665,170.24460421743728,41,12.84325067369
dt1us,247,300,150.0,7.54924714657627e-09,16,1.25,-7.5,False,False,evaporated_in_SOL,0.181,0.43848970864522,0.49730873186712,0.43848970864522,1.0132867192824018,32.299493589405,32.299493589405,1471.1383992979,181.7762807233328,40,11.986926949528
dt1us,248,300,150.0,7.54924714657627e-09,16,1.25,0.0,True,False,evaporated_inside_lcfs,0.188,0.42368920891128,0.51396973312407,0.42368920891128,0.9998863808557502,15.868885080231,15.868885080231,1516.4618437836,181.08448326330785,40,11.106533088848
dt1us,249,300,150.0,7.54924714657627e-09,16,1.25,7.5,False,False,evaporated_in_SOL,0.19499999999999998,0.408280584451,0.53982767324552,0.408280584451,1.0021501476081822,45.871116179535996,45.871116179535996,1514.6234363109,178.82110039399666,40,11.248129321985
dt1us,250,300,150.0,7.54924714657627e-09,16,1.25,15.0,True,False,evaporated_inside_lcfs,0.205,0.38429689621953,0.57258961531227,0.38429689621953,0.9974259647821389,52.762650836124,52.762650836124,1551.385336938,183.95350574530448,41,11.40603946773
dt1us,251,300,150.0,7.54924714657627e-09,16,1.5,-15.0,False,False,upper_or_side_wall,0.19,0.2818739309643,0.94205955367365,0.2818739309643,1.0364685697396339,18.257836071691,18.257836071691,1356.1487601941,9.184491937226337,54,12.956012146865
dt1us,252,300,150.0,7.54924714657627e-09,16,1.5,-7.5,False,False,evaporated_in_SOL,0.16699999999999998,0.43803112891786,0.49626478899363,0.43803112891786,1.0110716264869075,22.458049777046,22.458049777046,1471.1383994826,182.85232551034457,40,12.267292252218
dt1us,253,300,150.0,7.54924714657627e-09,16,1.5,0.0,False,False,evaporated_in_SOL,0.173,0.42735034226172,0.51102260698043,0.42735034226172,1.004667082207566,41.042512732251005,41.042512732251005,1492.8298108741,180.22289889771992,40,11.048635223458
dt1us,254,300,150.0,7.54924714657627e-09,16,1.5,7.5,True,False,evaporated_inside_lcfs,0.182,0.40345043050814,0.5439055978139,0.40345043050814,0.9959073451146201,22.965777578839997,22.965777578839997,1555.6939706935,181.01957230266333,41,11.261511493153
dt1us,255,300,150.0,7.54924714657627e-09,16,1.5,15.0,True,False,evaporated_inside_lcfs,0.193,0.37574709310649,0.58123013878635,0.37574709310649,0.9921573268276355,26.129609902368,26.129609902368,1555.6939706909,188.0307589588725,41,11.42406497202
dt1us,256,300,150.0,7.54924714657627e-09,17,1.0,-15.0,False,False,evaporated_in_SOL,0.19799999999999998,0.43983284731677,0.49835494955826,0.43983284731677,1.0172291321799063,32.039857659533006,32.039857659533006,1471.1383925707,180.09488674132845,40,12.267292252218
dt1us,257,300,150.0,7.54924714657627e-09,17,1.0,-7.5,False,False,evaporated_in_SOL,0.20199999999999999,0.43405478674889,0.50148701188252,0.43405478674889,1.008463460453793,29.592537312321,29.592537312321,1492.8298107511,181.85669525282998,40,11.325519681746
dt1us,258,300,150.0,7.54924714657627e-09,17,1.0,0.0,True,False,evaporated_inside_lcfs,0.208,0.41820667606681,0.52274183462412,0.41820667606681,0.998756191959863,24.49267581641,24.49267581641,1516.4618599816,179.960644207319,40,11.188846410509
dt1us,259,300,150.0,7.54924714657627e-09,17,1.0,7.5,True,False,evaporated_inside_lcfs,0.215,0.40072321533211,0.54828373613851,0.40072321533211,0.995592800332306,23.508967387236,23.508967387236,1555.6939706935,181.27504260895722,41,11.254185476701
dt1us,260,300,150.0,7.54924714657627e-09,17,1.0,15.0,True,False,evaporated_inside_lcfs,0.22399999999999998,0.37947026021612,0.57648894870948,0.37947026021612,0.9916296662151548,24.141583604607,24.141583604607,1555.6939706909,186.58220292114822,41,11.321183538387
dt1us,261,300,150.0,7.54924714657627e-09,17,1.25,-15.0,False,False,evaporated_in_SOL,0.182,0.43728702276809,0.50394456967153,0.43728702276809,1.0192769625960505,23.586595930917,23.586595930917,1428.645230079,177.8341552144654,40,12.541505819213
dt1us,262,300,150.0,7.54924714657627e-09,17,1.25,-7.5,False,False,evaporated_in_SOL,0.185,0.43765584719391,0.49670788113703,0.43765584719391,1.0109107323833129,39.886689292187,39.886689292187,1471.1375868676,182.7848258198186,40,11.325519650841
dt1us,263,300,150.0,7.54924714657627e-09,17,1.25,0.0,True,False,evaporated_inside_lcfs,0.192,0.41799328174141,0.52231332889559,0.41799328174141,0.9975155814020347,23.778660473572,23.778660473572,1516.4618599821,180.38760560138235,40,11.132273145651
dt1us,264,300,150.0,7.54924714657627e-09,17,1.25,7.5,True,False,evaporated_inside_lcfs,0.19999999999999998,0.39679985995922,0.55255867083825,0.39679985995922,0.9920091874268983,16.033691231023,16.033691231023,1555.6939706935,182.62602538340553,41,11.278714371511
dt1us,265,300,150.0,7.54924714657627e-09,17,1.25,15.0,True,False,evaporated_inside_lcfs,0.21,0.37258054852957,0.58585700679758,0.37258054852957,0.9935247868105495,32.746006779908,32.746006779908,1554.596773461,189.18466612214704,41,11.498033823823
dt1us,266,300,150.0,7.54924714657627e-09,17,1.5,-15.0,False,False,evaporated_in_SOL,0.16799999999999998,0.43494325982067,0.5098681361905,0.43494325982067,1.0215343412264835,15.749142469037,15.749142469037,1428.6452295748,175.38304540754078,40,12.843297203316
dt1us,267,300,150.0,7.54924714657627e-09,17,1.5,-7.5,False,False,evaporated_in_SOL,0.17099999999999999,0.43656141721944,0.4953072864847,0.43656141721944,1.006639516362776,22.469318114291,22.469318114291,1492.9900697319,184.55520857855157,40,11.325519697327
dt1us,268,300,150.0,7.54924714657627e-09,17,1.5,0.0,False,False,evaporated_in_SOL,0.177,0.42064011436122,0.52062105410367,0.42064011436122,1.0016840020159379,45.268191867529,45.268191867529,1492.8298109191,179.2996526102006,40,11.163782017699
dt1us,269,300,150.0,7.54924714657627e-09,17,1.5,7.5,True,False,evaporated_inside_lcfs,0.186,0.39504750559092,0.55556264830178,0.39504750559092,0.9928841719472528,28.480543187997,28.480543187997,1555.6939706935,182.69742386012916,41,11.276921549487
dt1us,270,300,150.0,7.54924714657627e-09,17,1.5,15.0,True,False,evaporated_inside_lcfs,0.19699999999999998,0.36702380539566,0.59380346581728,0.36702380539566,0.9953594555767061,54.435295303799,54.435295303799,1554.5967360804,191.64555088725785,41,11.474913759175
dt0p5us,1,40,20.0,1.7894511754847454e-11,16,1.0,-15.0,False,False,upper_or_side_wall,0.214,0.27982479880818,0.94672247751393,0.27982479880818,1.2272335460699035,19.589664674065997,19.589664674065997,920.30382478666,5.22075572883842,54,1.0014748874311
dt0p5us,2,40,20.0,1.7894511754847454e-11,16,1.0,-7.5,False,False,upper_or_side_wall,0.241,0.19068363610117,0.97621959356759,0.19068363610117,1.2217487201796775,18.638512488785,18.638512488785,957.31010700987,0.09229074786070544,56,1.0045050491456
dt0p5us,3,40,20.0,1.7894511754847454e-11,16,1.0,0.0,False,False,evaporated_in_SOL,0.19399999999999998,0.41743982671758,0.55764820858158,0.41743982671758,1.0615118101329186,2.8115171768242,2.8115171768242,1280.8953240318,162.1142765890067,41,1.3412086951829
dt0p5us,4,40,20.0,1.7894511754847454e-11,16,1.0,7.5,False,False,evaporated_in_SOL,0.19799999999999998,0.42764484866212,0.5446747195764,0.42764484866212,1.0615996720603507,4.6327381393652,4.6327381393652,1279.781762986,159.75467433883475,40,1.3790036655002
dt0p5us,5,40,20.0,1.7894511754847454e-11,16,1.0,15.0,False,False,evaporated_in_SOL,0.208,0.41105529185829,0.56229461979919,0.41105529185829,1.0545282778218261,4.773644074608,4.773644074608,1280.8953285597,165.43562390377753,41,1.3805207456628
dt0p5us,6,40,20.0,1.7894511754847454e-11,16,1.25,-15.0,False,False,upper_or_side_wall,0.19699999999999998,0.28242406995353,0.94955562141219,0.28242406995353,1.2182019297723412,19.523980903254,19.523980903254,934.413938607,1.805885762384308,54,1.0012672891529
dt0p5us,7,40,20.0,1.7894511754847454e-11,16,1.25,-7.5,False,False,upper_or_side_wall,0.22399999999999998,0.19192598941778,0.97410303525402,0.19192598941778,1.2163454681902346,18.607859917645,18.607859917645,957.46370551063,1.8097294920992788,56,1.0044893395038
dt0p5us,8,40,20.0,1.7894511754847454e-11,16,1.25,0.0,False,False,evaporated_in_SOL,0.177,0.42689680836219,0.54886493704449,0.42689680836219,1.0677259301608277,4.559977493625,4.559977493625,1279.7811048295,158.19649158830393,40,1.3521917754999
dt0p5us,9,40,20.0,1.7894511754847454e-11,16,1.25,7.5,False,False,evaporated_in_SOL,0.184,0.42387006186511,0.54529009450084,0.42387006186511,1.0529493071868163,3.0401082307351,3.0401082307351,1279.7817622907,162.63599058391492,40,1.3887093510072
dt0p5us,10,40,20.0,1.7894511754847454e-11,16,1.25,15.0,False,False,evaporated_in_SOL,0.19499999999999998,0.40543123929722,0.56938392575904,0.40543123929722,1.0556147629752928,5.6461065768076,5.6461065768076,1280.8953285597,166.90501597418202,41,1.3831370954278
dt0p5us,11,40,20.0,1.7894511754847454e-11,16,1.5,-15.0,False,False,upper_or_side_wall,0.185,0.27486680459767,0.95188801833684,0.27486680459767,1.2090085602310114,19.4152434536,19.4152434536,944.601624827,1.5335574200313593,54,1.0012062494731
dt0p5us,12,40,20.0,1.7894511754847454e-11,16,1.5,-7.5,False,False,upper_or_side_wall,0.208,0.19520357525118,0.96924246687991,0.19520357525118,1.206667020004566,17.672659405357003,17.672659405357003,1009.3875678227,5.642572029032218,56,1.2274698294968
dt0p5us,13,40,20.0,1.7894511754847454e-11,16,1.5,0.0,False,False,evaporated_in_SOL,0.163,0.42872124882852,0.54171006675586,0.42872124882852,1.058671124804047,2.4943566492558,2.4943566492558,1279.7817539311,160.4589961887628,40,1.3530007124067
dt0p5us,14,40,20.0,1.7894511754847454e-11,16,1.5,7.5,False,False,evaporated_in_SOL,0.17099999999999999,0.42339033640369,0.5458976372602,0.42339033640369,1.0528622967871362,3.4739834680782002,3.4739834680782002,1279.7817629861,162.73055715919367,40,1.392768497773
dt0p5us,15,40,20.0,1.7894511754847454e-11,16,1.5,15.0,False,False,evaporated_in_SOL,0.183,0.40052727563498,0.57609350222598,0.40052727563498,1.056287187019838,6.778431908615,6.778431908615,1280.8953285597,167.94484589313603,41,1.384194544925
dt0p5us,16,40,20.0,1.7894511754847454e-11,17,1.0,-15.0,False,False,upper_or_side_wall,0.236,0.22039345398166,0.96638862826765,0.22039345398166,1.2123862921758037,18.766567176583,18.766567176583,957.03784412198,1.801443350353292,55,1.0044027458367
dt0p5us,17,40,20.0,1.7894511754847454e-11,17,1.0,-7.5,False,False,evaporated_in_SOL,0.19699999999999998,0.40792506380218,0.57159679580376,0.40792506380218,1.0678983597676062,3.1191699899557,3.1191699899557,1280.8952660003,163.6500292621997,41,1.3303833400825
dt0p5us,18,40,20.0,1.7894511754847454e-11,17,1.0,0.0,False,False,evaporated_in_SOL,0.19499999999999998,0.43809456107755,0.53323279095719,0.43809456107755,1.0667002130752563,4.788358974155201,4.788358974155201,1279.781762986,157.77725688814982,40,1.3702228747597
dt0p5us,19,40,20.0,1.7894511754847454e-11,17,1.0,7.5,False,False,evaporated_in_SOL,0.204,0.42084097720576,0.54778244954822,0.42084097720576,1.049804798512535,2.6667566171754,2.6667566171754,1319.6103052091,163.96393077997752,40,1.3751448364875
dt0p5us,20,40,20.0,1.7894511754847454e-11,17,1.0,15.0,False,False,evaporated_in_SOL,0.214,0.40506025192331,0.57099074346288,0.40506025192331,1.058279164277204,6.564544891765,6.564544891765,1280.8953285597,166.44826006490527,41,1.3823575925823
dt0p5us,21,40,20.0,1.7894511754847454e-11,17,1.25,-15.0,False,False,upper_or_side_wall,0.204,0.27688776602324,0.94719046090569,0.27688776602324,1.206630232790223,18.723256080101,18.723256080101,997.45102870226,5.53809489285984,54,1.3373445877332
dt0p5us,22,40,20.0,1.7894511754847454e-11,17,1.25,-7.5,False,False,evaporated_in_SOL,0.181,0.40828203062133,0.5709384801968,0.40828203062133,1.0672847295079757,2.8861703529286,2.8861703529286,1280.8953239329,163.65802952012342,41,1.3613205493436
dt0p5us,23,40,20.0,1.7894511754847454e-11,17,1.25,0.0,False,False,evaporated_in_SOL,0.18,0.43528014770123,0.53120183855488,0.43528014770123,1.0562402424893493,2.434387787995,2.434387787995,1279.781753931,161.24579240698608,40,1.3729066490032
dt0p5us,24,40,20.0,1.7894511754847454e-11,17,1.25,7.5,False,False,evaporated_in_SOL,0.189,0.4216470141838,0.5503353699581,0.4216470141838,1.0568676553202259,5.0466625640656,5.0466625640656,1279.781762986,161.9957288985439,40,1.3801371919047
dt0p5us,25,40,20.0,1.7894511754847454e-11,17,1.25,15.0,False,False,evaporated_in_SOL,0.20099999999999998,0.39720845432189,0.57986073634948,0.39720845432189,1.0553569049233216,6.8881364549772,6.8881364549772,1280.8953285597,169.15085165411023,41,1.3805534357117
dt0p5us,26,40,20.0,1.7894511754847454e-11,17,1.5,-15.0,False,False,upper_or_side_wall,0.18,0.310467492751,0.93760526239331,0.310467492751,1.2009665382704122,18.6264248956,18.6264248956,997.61737852697,5.996804735894853,53,1.3402577664008
dt0p5us,27,40,20.0,1.7894511754847454e-11,17,1.5,-7.5,False,False,evaporated_in_SOL,0.16599999999999998,0.41221282402395,0.5656467989562,0.41221282402395,1.0651496321746294,2.5054222675155002,2.5054222675155002,1280.8953421442,162.794724552662,41,1.3801174137106
dt0p5us,28,40,20.0,1.7894511754847454e-11,17,1.5,0.0,False,False,evaporated_in_SOL,0.16599999999999998,0.43772986042528,0.52886849363154,0.43772986042528,1.0583559240565727,3.0172942752635,3.0172942752635,1279.7817539311,160.77579083769052,40,1.3856975160953
dt0p5us,29,40,20.0,1.7894511754847454e-11,17,1.5,7.5,False,False,evaporated_in_SOL,0.176,0.4188782514411,0.55303155913449,0.4188782514411,1.055395573704299,5.0583763548539995,5.0583763548539995,1280.8952078795,163.10105394514363,41,1.3801134137538
dt0p5us,30,40,20.0,1.7894511754847454e-11,17,1.5,15.0,False,False,evaporated_in_SOL,0.189,0.39006990837159,0.58788000248205,0.39006990837159,1.0543524839743528,7.1593122616747005,7.1593122616747005,1280.8953285597,172.2458925502958,41,1.3895084988155
dt0p5us,31,60,30.0,6.039397717261016e-11,16,1.0,-15.0,False,False,upper_or_side_wall,0.243,0.18628575029811,0.97644452404863,0.18628575029811,1.2098708710812254,28.89833317166,28.89833317166,955.52926616864,1.0266957298582133,56,1.5066536920103
dt0p5us,32,60,30.0,6.039397717261016e-11,16,1.0,-7.5,False,False,upper_or_side_wall,0.318,-0.060701432906369,0.98511377486144,-0.060701432906369,1.1426139153491723,15.635315594548,15.635315594548,1115.4814453683,2.0982251385599504,63,2.0001190440077
dt0p5us,33,60,30.0,6.039397717261016e-11,16,1.0,0.0,False,False,evaporated_in_SOL,0.19399999999999998,0.43060951470883,0.53416210514246,0.43060951470883,1.0493523953087855,3.8928131743214,3.8928131743214,1319.6103052091,163.20375665996943,40,2.1410582598804
dt0p5us,34,60,30.0,6.039397717261016e-11,16,1.0,7.5,False,False,evaporated_in_SOL,0.20099999999999998,0.42559580242951,0.54003653861029,0.42559580242951,1.0473476365023193,6.364059487076499,6.364059487076499,1319.6103052091,163.98978888193764,40,2.1078685918881
dt0p5us,35,60,30.0,6.039397717261016e-11,16,1.0,15.0,False,False,evaporated_in_SOL,0.211,0.40655262025223,0.56250828322057,0.40655262025223,1.0430283979269817,6.813991785714999,6.813991785714999,1321.7321223022,169.26682779035272,41,2.1140051316024
dt0p5us,36,60,30.0,6.039397717261016e-11,16,1.25,-15.0,False,False,upper_or_side_wall,0.19799999999999998,0.28688918968698,0.9495286286155,0.28688918968698,1.201718626748965,28.849081087408,28.849081087408,988.98670268636,0.6628445182917697,54,2.0272812966395
dt0p5us,37,60,30.0,6.039397717261016e-11,16,1.25,-7.5,False,False,upper_or_side_wall,0.259,0.072852854695934,0.98251527831931,0.072852854695934,1.1589063020549297,19.832723374862,19.832723374862,1064.2297839157,4.696721680690019,59,2.0010190840906
dt0p5us,38,60,30.0,6.039397717261016e-11,16,1.25,0.0,False,False,evaporated_in_SOL,0.178,0.43471677614981,0.52960097526222,0.43471677614981,1.052051365355313,5.167677138335001,5.167677138335001,1319.6088327772,162.67491971391394,40,2.1454808730026
dt0p5us,39,60,30.0,6.039397717261016e-11,16,1.25,7.5,False,False,evaporated_in_SOL,0.187,0.420619728586,0.54348016885228,0.420619728586,1.041030509601077,3.9578409323155,3.9578409323155,1319.6103052091,166.3533355780656,40,2.1078971401133
dt0p5us,40,60,30.0,6.039397717261016e-11,16,1.25,15.0,False,False,evaporated_in_SOL,0.19799999999999998,0.39931410268857,0.57062151484972,0.39931410268857,1.0395130327453068,7.0479528001203,7.0479528001203,1321.7321223022,171.64949350256254,41,2.1138998202561
dt0p5us,41,60,30.0,6.039397717261016e-11,16,1.5,-15.0,False,False,upper_or_side_wall,0.179,0.30378460751085,0.93946877123167,0.30378460751085,1.194842330416389,28.695536388733,28.695536388733,992.2344330292,5.948070132423507,53,2.0272812988462
dt0p5us,42,60,30.0,6.039397717261016e-11,16,1.5,-7.5,False,False,upper_or_side_wall,0.241,0.080299771958648,0.98571452094959,0.080299771958648,1.1568167838839973,19.714456514315998,19.714456514315998,1064.2299122145,1.4974790504099778,59,2.0682748456466
dt0p5us,43,60,30.0,6.039397717261016e-11,16,1.5,0.0,False,False,evaporated_in_SOL,0.16399999999999998,0.43736899027475,0.52593113528074,0.43736899027475,1.0524507961378053,5.5858559322261,5.5858559322261,1319.6099702167,162.91791121417975,40,2.1569048084159
dt0p5us,44,60,30.0,6.039397717261016e-11,16,1.5,7.5,False,False,evaporated_in_SOL,0.174,0.41858741588544,0.54553113957079,0.41858741588544,1.0396392947817545,4.1527875425341,4.1527875425341,1319.6103052091,167.04491866803946,40,2.1083127610745
dt0p5us,45,60,30.0,6.039397717261016e-11,16,1.5,15.0,False,False,evaporated_in_SOL,0.186,0.39307994583484,0.57791439772217,0.39307994583484,1.0374086263712285,7.640234193175099,7.640234193175099,1321.7321223022,173.71379973724098,41,2.1043450444317
dt0p5us,46,60,30.0,6.039397717261016e-11,17,1.0,-15.0,False,False,upper_or_side_wall,0.243,0.20531230704659,0.97115363945016,0.20531230704659,1.18769888085509,26.315156512928997,26.315156512928997,1010.2150258022,1.1513246528986147,56,2.00627836081
dt0p5us,47,60,30.0,6.039397717261016e-11,17,1.0,-7.5,False,False,evaporated_in_SOL,0.193,0.43746394410352,0.5299778522215,0.43746394410352,1.0596951381714563,5.5144302025541005,5.5144302025541005,1279.781762986,160.28752787505107,40,2.1414709057952
dt0p5us,48,60,30.0,6.039397717261016e-11,17,1.0,0.0,False,False,evaporated_in_SOL,0.19799999999999998,0.43572215673914,0.52751026650841,0.43572215673914,1.051007719830957,6.0025013504243,6.0025013504243,1319.610305209,163.19094572148597,40,2.105725042906
dt0p5us,49,60,30.0,6.039397717261016e-11,17,1.0,7.5,False,False,evaporated_in_SOL,0.207,0.41622756832379,0.54871115292849,0.41622756832379,1.0394961924674833,3.992156328455,3.992156328455,1319.6103052091,167.51746940620401,41,2.1032271447835
dt0p5us,50,60,30.0,6.039397717261016e-11,17,1.0,15.0,False,False,evaporated_in_SOL,0.217,0.39704983982158,0.57315816586865,0.39704983982158,1.0384861761531325,7.0522761115069,7.0522761115069,1321.7321223022,172.400957174622,41,2.1185104711944
dt0p5us,51,60,30.0,6.039397717261016e-11,17,1.25,-15.0,False,False,upper_or_side_wall,0.219,0.23107912468983,0.96333015794456,0.23107912468983,1.1872475969572969,26.941531778347,26.941531778347,1009.3835308461,1.9554123108233048,55,2.0103882641486
dt0p5us,52,60,30.0,6.039397717261016e-11,17,1.25,-7.5,False,False,evaporated_in_SOL,0.177,0.43779915201123,0.52883221775332,0.43779915201123,1.0584405668599053,4.8895392645418,4.8895392645418,1279.781762986,160.74479210691342,40,2.1499458518707
dt0p5us,53,60,30.0,6.039397717261016e-11,17,1.25,0.0,False,False,evaporated_in_SOL,0.182,0.4383169876256,0.52559588192205,0.4383169876256,1.0539269900540684,7.9209165830617,7.9209165830617,1279.781764118,162.4053828906842,40,2.1099090429231
dt0p5us,54,60,30.0,6.039397717261016e-11,17,1.25,7.5,False,False,evaporated_in_SOL,0.192,0.41541722234869,0.55121028002559,0.41541722234869,1.0423954043573576,6.2896150350688,6.2896150350688,1321.7321204199,167.01098845062342,41,2.1089228896085
dt0p5us,55,60,30.0,6.039397717261016e-11,17,1.25,15.0,False,False,evaporated_in_SOL,0.204,0.38779532238753,0.58292210580378,0.38779532238753,1.034149665519244,5.5189779078916,5.5189779078916,1356.1487601783,176.3277921113088,41,2.1360637216812
dt0p5us,56,60,30.0,6.039397717261016e-11,17,1.5,-15.0,False,False,upper_or_side_wall,0.20199999999999999,0.23822792382031,0.96018760896528,0.23822792382031,1.1826295758924887,27.017885346725,27.017885346725,1009.3769038053,3.116578043726432,55,2.0103882652449
dt0p5us,57,60,30.0,6.039397717261016e-11,17,1.5,-7.5,False,False,evaporated_in_SOL,0.163,0.43694979047542,0.52724711716324,0.43694979047542,1.0536655915542397,3.1587353058662,3.1587353058662,1279.781762986,162.40426667960475,40,2.1537677413438
dt0p5us,58,60,30.0,6.039397717261016e-11,17,1.5,0.0,False,False,evaporated_in_SOL,0.16899999999999998,0.43330852751952,0.52658710149215,0.43330852751952,1.043307237661605,3.1512764331959,3.1512764331959,1319.6103052091,165.6505356419044,40,2.1070511201916
dt0p5us,59,60,30.0,6.039397717261016e-11,17,1.5,7.5,False,False,evaporated_in_SOL,0.179,0.41121841780222,0.55479511569522,0.41121841780222,1.0390000013505891,5.0586735398609,5.0586735398609,1356.1484146803,168.93811137016158,41,2.1228251761978
dt0p5us,60,60,30.0,6.039397717261016e-11,17,1.5,15.0,False,False,evaporated_in_SOL,0.192,0.37928030260768,0.59189869919858,0.37928030260768,1.0314880893185714,3.8768479043351,3.8768479043351,1394.7042427975,180.75428174227443,41,2.1269435191693
dt0p5us,61,80,40.0,1.4315609403877963e-10,16,1.0,-15.0,False,False,upper_or_side_wall,0.23099999999999998,0.23622022625903,0.9625916336285,0.23622022625903,1.197290209049556,38.042569244622,38.042569244622,1003.7901821849,1.3220897094771056,55,2.6805176869275
dt0p5us,62,80,40.0,1.4315609403877963e-10,16,1.0,-7.5,False,False,evaporated_in_SOL,0.19699999999999998,0.40634072730098,0.56870837879933,0.40634072730098,1.0567992842041143,7.963782205210101,7.963782205210101,1280.8953285597,166.43852247482707,41,2.8560421395069
dt0p5us,63,80,40.0,1.4315609403877963e-10,16,1.0,0.0,False,False,evaporated_in_SOL,0.19499999999999998,0.43530808917943,0.52545950985544,0.43530808917943,1.0464281814283574,7.9257912677494,7.9257912677494,1319.6103052092,164.8071328090661,40,2.8838096584568
dt0p5us,64,80,40.0,1.4315609403877963e-10,16,1.0,7.5,False,False,evaporated_in_SOL,0.20299999999999999,0.42329491853995,0.53882450675655,0.42329491853995,1.0390731478734008,9.4245009029584,9.4245009029584,1319.6103075601,166.57852840349008,40,2.876523646004
dt0p5us,65,80,40.0,1.4315609403877963e-10,16,1.0,15.0,False,False,evaporated_in_SOL,0.213,0.40247619485578,0.56357173497953,0.40247619485578,1.032738910175675,8.4138424445438,8.4138424445438,1356.1487601783,172.31248919497432,41,2.8551525976843
dt0p5us,66,80,40.0,1.4315609403877963e-10,16,1.25,-15.0,False,False,upper_or_side_wall,0.21,0.25082818853342,0.9597729451692,0.25082818853342,1.1913917094196342,38.088964563617,38.088964563617,1003.2109041966,0.2176767968645107,55,2.7030417318246
dt0p5us,67,80,40.0,1.4315609403877963e-10,16,1.25,-7.5,False,False,evaporated_in_SOL,0.182,0.40155144304745,0.57251438790095,0.40155144304745,1.05097491732853,5.3840335641724995,5.3840335641724995,1321.2979800093,168.774188774165,41,2.9753240272934
dt0p5us,68,80,40.0,1.4315609403877963e-10,16,1.25,0.0,False,False,evaporated_in_SOL,0.18,0.43287288859199,0.52562847107669,0.43287288859199,1.0405650299693474,4.5230987404218,4.5230987404218,1319.6103070901,166.5902081653125,40,2.8842308533846
dt0p5us,69,80,40.0,1.4315609403877963e-10,16,1.25,7.5,False,False,evaporated_in_SOL,0.189,0.41762893749916,0.543560247682,0.41762893749916,1.0334066171597378,5.3789842859305,5.3789842859305,1353.4086988734,168.87329808820763,40,2.8405270534928
dt0p5us,70,80,40.0,1.4315609403877963e-10,16,1.25,15.0,False,False,evaporated_in_SOL,0.19999999999999998,0.39420880288216,0.57254289208824,0.39420880288216,1.02817904611483,6.9245788717114,6.9245788717114,1392.5618854741,175.19149101083673,41,2.8712322422345
dt0p5us,71,80,40.0,1.4315609403877963e-10,16,1.5,-15.0,False,False,upper_or_side_wall,0.19599999999999998,0.24829973524482,0.96024935592634,0.24829973524482,1.1842579615759579,37.8535730968,37.8535730968,1005.6478206631,0.41990512499941446,55,2.703041731835
dt0p5us,72,80,40.0,1.4315609403877963e-10,16,1.5,-7.5,False,False,evaporated_in_SOL,0.16699999999999998,0.40576707392963,0.5675814378748,0.40576707392963,1.0523754134775833,5.3623209459672,5.3623209459672,1280.8953285597,167.48759645711093,41,2.9897426265746
dt0p5us,73,80,40.0,1.4315609403877963e-10,16,1.5,0.0,False,False,evaporated_in_SOL,0.16599999999999998,0.43516807900483,0.52253252279919,0.43516807900483,1.0410385500724315,5.6265804058538,5.6265804058538,1319.6103070901,166.78716407756465,40,2.8844005452486
dt0p5us,74,80,40.0,1.4315609403877963e-10,16,1.5,7.5,False,False,evaporated_in_SOL,0.176,0.41455201368878,0.54665411562314,0.41455201368878,1.0312343793151888,4.491137700049499,4.491137700049499,1389.7399488456,169.98397962777,40,2.8382458550667
dt0p5us,75,80,40.0,1.4315609403877963e-10,16,1.5,15.0,False,False,evaporated_in_SOL,0.188,0.38702165781336,0.58054434418129,0.38702165781336,1.0254421018745399,5.6132123022069,5.6132123022069,1392.5618854741,178.023916527102,41,2.8626680506678
dt0p5us,76,80,40.0,1.4315609403877963e-10,17,1.0,-15.0,False,False,evaporated_in_SOL,0.221,0.33006372697996,0.65107200925851,0.33006372697996,1.0635818101957397,5.0372226158563995,5.0372226158563995,1283.3702110562,218.37117115281833,41,2.9762532416798
dt0p5us,77,80,40.0,1.4315609403877963e-10,17,1.0,-7.5,False,False,evaporated_in_SOL,0.19399999999999998,0.44091740376366,0.51942151925953,0.44091740376366,1.049185815752253,6.7052491404796,6.7052491404796,1319.6103052091,164.51029923546022,40,2.8839289432838
dt0p5us,78,80,40.0,1.4315609403877963e-10,17,1.0,0.0,False,False,evaporated_in_SOL,0.19999999999999998,0.43347868337707,0.5257756847533,0.43347868337707,1.0423480881294387,8.521714917485701,8.521714917485701,1319.6103065466,166.02614493721086,40,2.8631887992493
dt0p5us,79,80,40.0,1.4315609403877963e-10,17,1.0,7.5,False,False,evaporated_in_SOL,0.209,0.41209497181495,0.5502755159801,0.41209497181495,1.031680384162776,4.5385397491655,4.5385397491655,1392.2691447187,170.3687585608892,41,2.8423598948845
dt0p5us,80,80,40.0,1.4315609403877963e-10,17,1.0,15.0,False,False,evaporated_in_SOL,0.219,0.39073358336207,0.57604222206373,0.39073358336207,1.0256576168042382,4.8156186208048,4.8156186208048,1392.5618854741,176.65136562145565,41,2.873322955019
dt0p5us,81,80,40.0,1.4315609403877963e-10,17,1.25,-15.0,False,False,upper_or_side_wall,0.246,0.13718364016294,0.98238017792915,0.13718364016294,1.1598233214594111,29.119214810871,29.119214810871,1064.2299101251,4.831822070849978,58,3.1847030547275
dt0p5us,82,80,40.0,1.4315609403877963e-10,17,1.25,-7.5,False,False,evaporated_in_SOL,0.178,0.44070822011081,0.51885084224191,0.44070822011081,1.047885172533435,5.1388693579661,5.1388693579661,1319.6103052091,165.04914373377517,40,2.9029577593284
dt0p5us,83,80,40.0,1.4315609403877963e-10,17,1.25,0.0,False,False,evaporated_in_SOL,0.184,0.4353565164486,0.52410529563088,0.4353565164486,1.0442194319407074,10.498043924142,10.498043924142,1319.6103070901,165.63269425807368,40,2.8616126936324
dt0p5us,84,80,40.0,1.4315609403877963e-10,17,1.25,7.5,False,False,evaporated_in_SOL,0.19399999999999998,0.41034438693486,0.55288920113279,0.41034438693486,1.032644829773279,6.5934981817595,6.5934981817595,1356.1487601783,170.62830778769913,41,2.8672742097986
dt0p5us,85,80,40.0,1.4315609403877963e-10,17,1.25,15.0,False,False,evaporated_in_SOL,0.205,0.38645403510653,0.58346037806635,0.38645403510653,1.0314019102407486,11.842695670311,11.842695670311,1356.1487609861,177.3301472908699,41,2.8628440673394
dt0p5us,86,80,40.0,1.4315609403877963e-10,17,1.5,-15.0,False,False,upper_or_side_wall,0.213,0.20393515811161,0.9661422870224,0.20393515811161,1.164727869911192,32.032516123224994,32.032516123224994,1064.2299095882,6.348429953429901,56,3.2696552109324
dt0p5us,87,80,40.0,1.4315609403877963e-10,17,1.5,-7.5,False,False,evaporated_in_SOL,0.163,0.44624136601882,0.51363594546225,0.44624136601882,1.0512742839397218,8.512275378854099,8.512275378854099,1319.6103049106,164.64888667397204,40,2.9954408837928
dt0p5us,88,80,40.0,1.4315609403877963e-10,17,1.5,0.0,False,False,evaporated_in_SOL,0.17099999999999999,0.43000497842275,0.52654519090253,0.43000497842275,1.0348734989602963,4.1677720366233,4.1677720366233,1353.4086956416,168.2687699522854,40,2.8839653488691
dt0p5us,89,80,40.0,1.4315609403877963e-10,17,1.5,7.5,False,False,evaporated_in_SOL,0.18,0.41109133280287,0.55415436819555,0.41109133280287,1.0373016283081917,12.198069684619,12.198069684619,1356.1487609802,169.36060377797244,41,2.8585778649526
dt0p5us,90,80,40.0,1.4315609403877963e-10,17,1.5,15.0,False,False,evaporated_in_SOL,0.193,0.37766356241471,0.59250709321667,0.37766356241471,1.0281716181782994,8.4113089771129,8.4113089771129,1394.7424011699,182.05551282907467,41,2.8675456107145
dt0p5us,91,100,50.0,2.796017461694915e-10,16,1.0,-15.0,False,False,upper_or_side_wall,0.248,0.1795364032604,0.97908563587743,0.1795364032604,1.1871351645468653,46.422012890741996,46.422012890741996,1009.7152374819,0.24488666311975105,56,3.3788021647865
dt0p5us,92,100,50.0,2.796017461694915e-10,16,1.0,-7.5,False,False,evaporated_in_SOL,0.19499999999999998,0.41841223578187,0.54743538286273,0.41841223578187,1.0427954520440235,5.3195711076181,5.3195711076181,1319.6103061496,166.24145804452215,40,3.7433563047753
dt0p5us,93,100,50.0,2.796017461694915e-10,16,1.0,0.0,False,False,evaporated_in_SOL,0.19699999999999998,0.43153881113641,0.52469815738704,0.43153881113641,1.0356082862006657,6.220475296718201,6.220475296718201,1353.4086988734,168.21284317034403,40,3.6056560382818
dt0p5us,94,100,50.0,2.796017461694915e-10,16,1.0,7.5,False,False,evaporated_in_SOL,0.205,0.418311084657,0.54034957566941,0.418311084657,1.0290899260861426,7.2853799902895,7.2853799902895,1389.739951607,169.9603495031216,40,3.6466476215947
dt0p5us,95,100,50.0,2.796017461694915e-10,16,1.0,15.0,False,False,evaporated_in_SOL,0.214,0.40149241633377,0.56332347297133,0.40149241633377,1.0291568804945956,14.044682131975,14.044682131975,1392.5618802523,173.29291486812613,41,3.5938972342729
dt0p5us,96,100,50.0,2.796017461694915e-10,16,1.25,-15.0,False,False,upper_or_side_wall,0.22799999999999998,0.19006386074122,0.97592541804733,0.19006386074122,1.1815887203036513,46.645316833027,46.645316833027,1009.355341789,0.5384782473686063,56,3.3788021647982
dt0p5us,97,100,50.0,2.796017461694915e-10,16,1.25,-7.5,False,False,evaporated_in_SOL,0.179,0.41904003027083,0.54697180645467,0.41904003027083,1.0435557542197584,5.2477756666518,5.2477756666518,1319.6103061496,165.92862696465428,40,3.7440315711369
dt0p5us,98,100,50.0,2.796017461694915e-10,16,1.25,0.0,False,False,evaporated_in_SOL,0.181,0.43477186390112,0.52090381350566,0.43477186390112,1.0374732021322794,9.441863490719701,9.441863490719701,1353.4086996815,168.1429691014893,40,3.6066967186324
dt0p5us,99,100,50.0,2.796017461694915e-10,16,1.25,7.5,False,False,evaporated_in_SOL,0.19,0.41757895600309,0.5419739639173,0.41757895600309,1.030271676405812,11.234003325728,11.234003325728,1389.7399484185,169.73399217762974,40,3.5750315625752
dt0p5us,100,100,50.0,2.796017461694915e-10,16,1.25,15.0,False,False,evaporated_in_SOL,0.20099999999999998,0.3927166945803,0.57270207373739,0.3927166945803,1.0239105640925708,11.044866706173,11.044866706173,1392.5618858161,176.43105880268263,41,3.5950480343667
dt0p5us,101,100,50.0,2.796017461694915e-10,16,1.5,-15.0,False,False,upper_or_side_wall,0.19899999999999998,0.24333465599916,0.95732453931898,0.24333465599916,1.1739307299425623,46.320436400591994,46.320436400591994,1052.5560653102,4.5426840449623604,55,4.1364694135485
dt0p5us,102,100,50.0,2.796017461694915e-10,16,1.5,-7.5,False,False,evaporated_in_SOL,0.16399999999999998,0.42470899247481,0.54049251183992,0.42470899247481,1.045927868741113,7.46645161641,7.46645161641,1319.6103052091,164.48302169734376,40,3.9955735669318
dt0p5us,103,100,50.0,2.796017461694915e-10,16,1.5,0.0,False,False,evaporated_in_SOL,0.16699999999999998,0.43642608568798,0.51850165114569,0.43642608568798,1.0380326065637078,10.824540250669,10.824540250669,1353.4087002635,168.46910666014674,40,3.6109025551327
dt0p5us,104,100,50.0,2.796017461694915e-10,16,1.5,7.5,False,False,evaporated_in_SOL,0.177,0.4140216727632,0.54545004957964,0.4140216727632,1.0275837303661761,8.9152888665374,8.9152888665374,1389.7399516071,171.03869701130182,40,3.5894894281938
dt0p5us,105,100,50.0,2.796017461694915e-10,16,1.5,15.0,False,False,evaporated_in_SOL,0.189,0.38503193619649,0.58105997848921,0.38503193619649,1.0206132912278592,7.988703575028199,7.988703575028199,1430.5842718657,179.61438992142493,41,3.5858318944973
dt0p5us,106,100,50.0,2.796017461694915e-10,17,1.0,-15.0,False,False,evaporated_in_SOL,0.19999999999999998,0.40601864618054,0.56868209539114,0.40601864618054,1.0557747969559792,8.580371199756701,8.580371199756701,1280.8953291256,166.73277592732623,41,3.9954667083876
dt0p5us,107,100,50.0,2.796017461694915e-10,17,1.0,-7.5,False,False,evaporated_in_SOL,0.19499999999999998,0.44259965102464,0.51371295000845,0.44259965102464,1.0439529372071155,10.219324641405,10.219324641405,1319.6103052092,167.1902481701762,40,3.6996023912299
dt0p5us,108,100,50.0,2.796017461694915e-10,17,1.0,0.0,False,False,evaporated_in_SOL,0.20199999999999999,0.42858746741395,0.52692555154173,0.42858746741395,1.0319286259360405,7.5004210984535,7.5004210984535,1353.4086988734,169.15641029401314,40,3.6372401158112
dt0p5us,109,100,50.0,2.796017461694915e-10,17,1.0,7.5,False,False,evaporated_in_SOL,0.21,0.41141395227068,0.54937669778986,0.41141395227068,1.0281399827462918,8.7239273511469,8.7239273511469,1392.5618847902,171.40078736460583,41,3.5909130091221
dt0p5us,110,100,50.0,2.796017461694915e-10,17,1.0,15.0,False,False,evaporated_in_SOL,0.22,0.38863887761238,0.57665052643024,0.38863887761238,1.0205748529011085,7.035384321631001,7.035384321631001,1430.5842718657,178.2525412088766,41,3.5951112963069
dt0p5us,111,100,50.0,2.796017461694915e-10,17,1.25,-15.0,False,False,evaporated_in_SOL,0.20099999999999998,0.34092421118128,0.64183991158895,0.34092421118128,1.066557699554215,6.5747848356878,6.5747848356878,1283.3702089395,207.92592756825815,41,4.0890295143721
dt0p5us,112,100,50.0,2.796017461694915e-10,17,1.25,-7.5,False,False,evaporated_in_SOL,0.179,0.44232436243244,0.51303681509078,0.44232436243244,1.0423578078024365,8.1371248860044,8.1371248860044,1319.6103052091,167.85871684410697,40,3.7444170543568
dt0p5us,113,100,50.0,2.796017461694915e-10,17,1.25,0.0,False,False,evaporated_in_SOL,0.186,0.43009677416587,0.52513553353489,0.43009677416587,1.032712702223592,9.681116573750199,9.681116573750199,1353.4086996815,169.06760153348728,40,3.6367691638597
dt0p5us,114,100,50.0,2.796017461694915e-10,17,1.25,7.5,False,False,evaporated_in_SOL,0.19499999999999998,0.40892839037867,0.55265718662162,0.40892839037867,1.0284281885202018,10.379299260408,10.379299260408,1392.5618854741,171.97856800191536,41,3.5917611102861
dt0p5us,115,100,50.0,2.796017461694915e-10,17,1.25,15.0,False,False,evaporated_in_SOL,0.206,0.38368502885991,0.58439397780781,0.38368502885991,1.0252617944891746,14.440489676264,14.440489676264,1392.5618861586,179.4890954241927,41,3.5857899141687
dt0p5us,116,100,50.0,2.796017461694915e-10,17,1.5,-15.0,False,False,upper_or_side_wall,0.239,0.1110509984629,0.98249561399932,0.1110509984629,1.141605860117058,32.664191707264,32.664191707264,1117.79574609,4.7163860006800284,58,4.1368647291572
dt0p5us,117,100,50.0,2.796017461694915e-10,17,1.5,-7.5,False,False,evaporated_in_SOL,0.16499999999999998,0.44145376932068,0.51290601423353,0.44145376932068,1.0403834853752663,5.7858747293440995,5.7858747293440995,1319.6103052091,168.57484239413242,40,3.7444190757891
dt0p5us,118,100,50.0,2.796017461694915e-10,17,1.5,0.0,False,False,evaporated_in_SOL,0.172,0.43004466415217,0.52448305951119,0.43004466415217,1.0314735905314871,9.8018573742448,9.8018573742448,1353.4086996815,169.51406216188104,40,3.6503401961988
dt0p5us,119,100,50.0,2.796017461694915e-10,17,1.5,7.5,False,False,evaporated_in_SOL,0.182,0.40348660907541,0.55752926470629,0.40348660907541,1.023133803215472,5.303601824162,5.303601824162,1430.5842707291,174.36632500403724,41,3.5940680429372
dt0p5us,120,100,50.0,2.796017461694915e-10,17,1.5,15.0,False,False,evaporated_in_SOL,0.19399999999999998,0.37452411628752,0.59368176106231,0.37452411628752,1.021657850901855,8.886031499919,8.886031499919,1431.9615102961,184.60452839876902,41,3.5966088455295
dt0p5us,121,125,62.5,5.460971604872881e-10,16,1.0,-15.0,False,False,upper_or_side_wall,0.27299999999999996,0.095550941667599,0.98597164417225,0.095550941667599,1.1590664694175161,49.681987751272,49.681987751272,1064.2298704435,1.2403558277499505,59,4.9924744354942
dt0p5us,122,125,62.5,5.460971604872881e-10,16,1.0,-7.5,False,False,evaporated_in_SOL,0.19399999999999998,0.42943106017492,0.53010357721162,0.42943106017492,1.039451137582365,11.429410600156,11.429410600156,1319.6103073239,166.5622069045382,40,4.6805197024096
dt0p5us,123,125,62.5,5.460971604872881e-10,16,1.0,0.0,False,False,evaporated_in_SOL,0.19799999999999998,0.43311704232475,0.52002401904088,0.43311704232475,1.0320331025162832,13.314912396243999,13.314912396243999,1353.4087000856,169.97331437695266,40,4.5391887573358
dt0p5us,124,125,62.5,5.460971604872881e-10,16,1.0,7.5,False,False,evaporated_in_SOL,0.206,0.41806819942944,0.53858627038892,0.41806819942944,1.0251177799927391,14.07498332274,14.07498332274,1389.7399522927,171.10283353319497,40,4.570820895524
dt0p5us,125,125,62.5,5.460971604872881e-10,16,1.0,15.0,False,False,evaporated_in_SOL,0.215,0.39984763218142,0.5633077614435,0.39984763218142,1.0240097943673936,20.013966548819003,20.013966548819003,1392.5618863314,174.73798946877454,41,4.4939665440809
dt0p5us,126,125,62.5,5.460971604872881e-10,16,1.25,-15.0,False,False,upper_or_side_wall,0.22599999999999998,0.20422107688211,0.96839452071377,0.20422107688211,1.1694708408961254,55.939722013003,55.939722013003,1063.6591471691,4.099904832050343,56,5.1710688100491
dt0p5us,127,125,62.5,5.460971604872881e-10,16,1.25,-7.5,False,False,evaporated_in_SOL,0.178,0.42999560967011,0.52930312255788,0.42999560967011,1.0395306219864515,10.310095344336,10.310095344336,1319.6103070901,166.59384287608978,40,4.6805215088813
dt0p5us,128,125,62.5,5.460971604872881e-10,16,1.25,0.0,False,False,evaporated_in_SOL,0.183,0.43020641791872,0.52178651344733,0.43020641791872,1.0273237728333515,6.4115184047619,6.4115184047619,1389.7399502357,171.08122494242517,40,4.5621861174473
dt0p5us,129,125,62.5,5.460971604872881e-10,16,1.25,7.5,False,False,evaporated_in_SOL,0.191,0.41655137576605,0.54107255184917,0.41655137576605,1.0259011742610182,17.572880756007,17.572880756007,1389.739952807,171.08032575410118,40,4.4927919085222
dt0p5us,130,125,62.5,5.460971604872881e-10,16,1.25,15.0,False,False,evaporated_in_SOL,0.20199999999999999,0.39065500696392,0.57302268678147,0.39065500696392,1.018251169193383,14.573459050542,14.573459050542,1430.5842722921,178.1036344639105,41,4.4939511343467
dt0p5us,131,125,62.5,5.460971604872881e-10,16,1.5,-15.0,False,False,upper_or_side_wall,0.20299999999999999,0.23290817820202,0.96237616466227,0.23290817820202,1.1651888617582569,56.477037930072,56.477037930072,1063.2842170535,2.3972281466856082,55,5.2138022531283
dt0p5us,132,125,62.5,5.460971604872881e-10,16,1.5,-7.5,False,False,evaporated_in_SOL,0.16399999999999998,0.42984528134354,0.52914960036419,0.42984528134354,1.0388877845344826,8.429041097045701,8.429041097045701,1353.4079973297,166.8064138705507,40,4.9945522702609
dt0p5us,133,125,62.5,5.460971604872881e-10,16,1.5,0.0,False,False,evaporated_in_SOL,0.16899999999999998,0.4313670046101,0.51956094565877,0.4313670046101,1.0269818702450568,7.6435877607569,7.6435877607569,1389.7399502358,171.6087130901787,40,4.564852694373
dt0p5us,134,125,62.5,5.460971604872881e-10,16,1.5,7.5,False,False,evaporated_in_SOL,0.178,0.41260061613957,0.54484824128084,0.41260061613957,1.0227498477723458,13.77918010683,13.77918010683,1428.6452310043,172.57150019540046,40,4.493817181811
dt0p5us,135,125,62.5,5.460971604872881e-10,16,1.5,15.0,False,False,evaporated_in_SOL,0.19,0.38256252548292,0.58168568302359,0.38256252548292,1.0145847730468303,8.854294605986299,8.854294605986299,1470.7753893681,181.60708939303618,41,4.5041667331273
dt0p5us,136,125,62.5,5.460971604872881e-10,17,1.0,-15.0,False,False,evaporated_in_SOL,0.19699999999999998,0.42303485584449,0.54321638733128,0.42303485584449,1.046804750956709,11.172156605743,11.172156605743,1319.6103052152,164.43503470263693,40,5.111369201631
dt0p5us,137,125,62.5,5.460971604872881e-10,17,1.0,-7.5,False,False,evaporated_in_SOL,0.19699999999999998,0.43874022261437,0.51312179748184,0.43874022261437,1.0351772816042275,9.1209430293866,9.1209430293866,1353.4086998371,170.38829028753824,40,4.6910317255811
dt0p5us,138,125,62.5,5.460971604872881e-10,17,1.0,0.0,False,False,evaporated_in_SOL,0.20299999999999999,0.42851117192523,0.52472258239122,0.42851117192523,1.0280111574932298,14.177306771402,14.177306771402,1389.7399522927,170.5684751702361,40,4.5726210140554
dt0p5us,139,125,62.5,5.460971604872881e-10,17,1.0,7.5,False,False,evaporated_in_SOL,0.211,0.40988275402164,0.54898194934916,0.40988275402164,1.023390374659105,13.688861044149,13.688861044149,1430.5842718795,172.93082162243394,41,4.4938706293413
dt0p5us,140,125,62.5,5.460971604872881e-10,17,1.0,15.0,False,False,evaporated_in_SOL,0.221,0.38612010280426,0.57730497842421,0.38612010280426,1.014279395095348,7.8729267060072,7.8729267060072,1470.7753891393,180.2274936615907,41,4.4939894741725
dt0p5us,141,125,62.5,5.460971604872881e-10,17,1.25,-15.0,False,False,evaporated_in_SOL,0.185,0.40260432933827,0.57137860826542,0.40260432933827,1.0515547934271545,8.528372755713,8.528372755713,1280.8953285596,168.40606506238495,41,5.171087727665
dt0p5us,142,125,62.5,5.460971604872881e-10,17,1.25,-7.5,False,False,evaporated_in_SOL,0.18,0.44355168593112,0.50741801027901,0.44355168593112,1.0363257079088852,13.716035894500001,13.716035894500001,1353.3930677173,170.96567888357177,40,4.6821037548469
dt0p5us,143,125,62.5,5.460971604872881e-10,17,1.25,0.0,False,False,evaporated_in_SOL,0.187,0.42946132434443,0.52351011932843,0.42946132434443,1.0283534888851795,16.384273882609,16.384273882609,1389.7399526356,170.57687215684118,40,4.5726110299961
dt0p5us,144,125,62.5,5.460971604872881e-10,17,1.25,7.5,False,False,evaporated_in_SOL,0.19599999999999998,0.40692614299494,0.55265613040855,0.40692614299494,1.0231610376158948,14.549325609225999,14.549325609225999,1430.5842721494,173.72891999674746,41,4.4938979631942
dt0p5us,145,125,62.5,5.460971604872881e-10,17,1.25,15.0,False,False,evaporated_in_SOL,0.207,0.38068222163419,0.58532703977937,0.38068222163419,1.0183971105531586,15.756815196226999,15.756815196226999,1430.5842724341,181.88514738329795,41,4.4853539403741
dt0p5us,146,125,62.5,5.460971604872881e-10,17,1.5,-15.0,False,False,evaporated_in_SOL,0.174,0.38831255371306,0.59164641770176,0.38831255371306,1.0588656373194252,8.19531243059,8.19531243059,1280.8953291067,172.42730454341202,41,5.171087957053
dt0p5us,147,125,62.5,5.460971604872881e-10,17,1.5,-7.5,False,False,evaporated_in_SOL,0.16599999999999998,0.44272756414449,0.50707270985442,0.44272756414449,1.0342230862873893,9.9692592763006,9.9692592763006,1353.4070458431,171.78792083671715,40,4.7018872989101
dt0p5us,148,125,62.5,5.460971604872881e-10,17,1.5,0.0,False,False,evaporated_in_SOL,0.173,0.429034015609,0.52314851633454,0.429034015609,1.0266655614594768,15.619837898081,15.619837898081,1389.7399524649,171.1364352843347,40,4.5738085306384
dt0p5us,149,125,62.5,5.460971604872881e-10,17,1.5,7.5,False,False,evaporated_in_SOL,0.183,0.40126618085177,0.55764439069392,0.40126618085177,1.0164994590409786,6.5105991508698,6.5105991508698,1430.5842718657,176.25088432175562,41,4.4939658646413
dt0p5us,150,125,62.5,5.460971604872881e-10,17,1.5,15.0,False,False,evaporated_in_SOL,0.19499999999999998,0.3711931760859,0.59480134368313,0.3711931760859,1.0131148162255117,7.0806391347063,7.0806391347063,1470.5010969144,187.37785967320426,41,4.5025782322313
dt0p5us,151,150,75.0,9.436558933220338e-10,16,1.0,-15.0,False,False,upper_or_side_wall,0.284,0.064303778087994,0.98298849887569,0.064303778087994,1.138511429974946,54.355330590657,54.355330590657,1116.9151825805,4.223501124310025,59,6.2053026624196
dt0p5us,152,150,75.0,9.436558933220338e-10,16,1.0,-7.5,False,False,evaporated_in_SOL,0.19499999999999998,0.42923145801908,0.52644793453,0.42923145801908,1.0327508235229543,8.4242165147363,8.4242165147363,1353.4087000856,168.9389132276027,40,5.6166314605232
dt0p5us,153,150,75.0,9.436558933220338e-10,16,1.0,0.0,False,False,evaporated_in_SOL,0.19899999999999998,0.43271440524409,0.51767775064917,0.43271440524409,1.0275772297651335,17.925733724740002,17.925733724740002,1389.7399522928,171.80587077902197,40,5.4832094522771
dt0p5us,154,150,75.0,9.436558933220338e-10,16,1.0,7.5,False,False,evaporated_in_SOL,0.207,0.41639277419875,0.53821917022191,0.41639277419875,1.020096680257688,17.243364388787,17.243364388787,1428.6452310128,172.71598750033436,40,5.4888439593679
dt0p5us,155,150,75.0,9.436558933220338e-10,16,1.0,15.0,False,False,evaporated_in_SOL,0.216,0.39735957915663,0.5637982577312,0.39735957915663,1.0173022736853687,21.945061305863,21.945061305863,1430.5842725339,176.67399158061744,41,5.4086359345936
dt0p5us,156,150,75.0,9.436558933220338e-10,16,1.25,-15.0,False,False,upper_or_side_wall,0.24,0.15655285101836,0.97888271093793,0.15655285101836,1.1604782873917159,64.147512076428,64.147512076428,1064.2290912224,4.946278243380088,57,6.2565629011175
dt0p5us,157,150,75.0,9.436558933220338e-10,16,1.25,-7.5,False,False,evaporated_in_SOL,0.178,0.43519533090297,0.51908548782827,0.43519533090297,1.035834174744887,15.171449951863,15.171449951863,1353.4086996815,169.0094075027353,40,5.9934634053246
dt0p5us,158,150,75.0,9.436558933220338e-10,16,1.25,0.0,False,False,evaporated_in_SOL,0.184,0.42972563919998,0.51939596949307,0.42972563919998,1.0226441867872171,10.151496419854,10.151496419854,1428.6452298608,172.97328201488048,40,5.4850241925223
dt0p5us,159,150,75.0,9.436558933220338e-10,16,1.25,7.5,False,False,evaporated_in_SOL,0.192,0.41443552635432,0.54109490814313,0.41443552635432,1.0204601901226338,20.428794193005,20.428794193005,1428.6452312919,172.87943184731688,40,5.488960924854
dt0p5us,160,150,75.0,9.436558933220338e-10,16,1.25,15.0,False,False,evaporated_in_SOL,0.20299999999999999,0.38780386338222,0.57384456300971,0.38780386338222,1.0113212538627083,12.663331561579,12.663331561579,1470.7753894817,180.25860322683266,41,5.4310928239228
dt0p5us,161,150,75.0,9.436558933220338e-10,16,1.5,-15.0,False,False,upper_or_side_wall,0.22,0.17265973208817,0.97997439730169,0.17265973208817,1.1564394451881732,65.025680658005,65.025680658005,1064.2290007837,0.7594054366984826,57,6.2565629530062
dt0p5us,162,150,75.0,9.436558933220338e-10,16,1.5,-7.5,False,False,evaporated_in_SOL,0.16399999999999998,0.43516099622743,0.51853048452268,0.43516099622743,1.034924660825596,12.281163419189,12.281163419189,1353.4087003044,169.4001851226911,40,5.9934634523969
dt0p5us,163,150,75.0,9.436558933220338e-10,16,1.5,0.0,False,False,evaporated_in_SOL,0.16999999999999998,0.43043442430364,0.51769603155449,0.43043442430364,1.0219364383484892,10.698614432584,10.698614432584,1428.6452301466,173.5250140308156,40,5.4882912981313
dt0p5us,164,150,75.0,9.436558933220338e-10,16,1.5,7.5,False,False,evaporated_in_SOL,0.179,0.41013284411645,0.54517677976274,0.41013284411645,1.0169360388015332,14.254210494283999,14.254210494283999,1470.7753836326,174.56172355182883,40,5.3932834711533
dt0p5us,165,150,75.0,9.436558933220338e-10,16,1.5,15.0,False,False,evaporated_in_SOL,0.19,0.38439641474256,0.58006513992933,0.38439641474256,1.0159967413209428,26.122748573577002,26.122748573577002,1430.5842727185,180.60714421487367,41,5.4623129684864
dt0p5us,166,150,75.0,9.436558933220338e-10,17,1.0,-15.0,False,False,evaporated_in_SOL,0.19699999999999998,0.42621289950915,0.53540339543357,0.42621289950915,1.040158483266993,10.63950667805,10.63950667805,1319.6103070905,166.07073377207436,40,6.1336460904926
dt0p5us,167,150,75.0,9.436558933220338e-10,17,1.0,-7.5,False,False,evaporated_in_SOL,0.19799999999999998,0.43870034663209,0.50968134968729,0.43870034663209,1.0299168319593828,13.011766860623,13.011766860623,1389.7399512642,172.7961718964131,40,5.6585997138815
dt0p5us,168,150,75.0,9.436558933220338e-10,17,1.0,0.0,False,False,evaporated_in_SOL,0.204,0.42694269258282,0.52403339161411,0.42694269258282,1.0228936326948166,19.019677124481998,19.019677124481998,1404.3724604584,172.2282690410298,40,5.4889375929535
dt0p5us,169,150,75.0,9.436558933220338e-10,17,1.0,7.5,False,False,evaporated_in_SOL,0.212,0.40737541211513,0.54940237940835,0.40737541211513,1.017604921028031,14.070017506188,14.070017506188,1430.5842720078,174.9177359065328,41,5.3927847886483
dt0p5us,170,150,75.0,9.436558933220338e-10,17,1.0,15.0,False,False,evaporated_in_SOL,0.221,0.38791843980166,0.57558629471509,0.38791843980166,1.015807404508189,24.086494128869,24.086494128869,1430.5842726474,179.37149554148138,41,5.4249215712699
dt0p5us,171,150,75.0,9.436558933220338e-10,17,1.25,-15.0,False,False,evaporated_in_SOL,0.182,0.42001907030511,0.54659477151026,0.42001907030511,1.0453956020586037,11.642480148094,11.642480148094,1319.6103068549,165.2719808468096,40,6.2053055834223
dt0p5us,172,150,75.0,9.436558933220338e-10,17,1.25,-7.5,False,False,evaporated_in_SOL,0.182,0.43789668755709,0.50996244519536,0.43789668755709,1.0287161821699424,7.6836053284314,7.6836053284314,1389.7399495502,173.17858612588492,40,5.6606406784956
dt0p5us,173,150,75.0,9.436558933220338e-10,17,1.25,0.0,False,False,evaporated_in_SOL,0.188,0.42758151717994,0.52306232977981,0.42758151717994,1.0228658498779806,21.019534948124,21.019534948124,1403.2218694068,172.32652519726037,40,5.4889390000113
dt0p5us,174,150,75.0,9.436558933220338e-10,17,1.25,7.5,False,False,evaporated_in_SOL,0.19699999999999998,0.40411248503473,0.5532754049361,0.40411248503473,1.0160925108772187,14.140839697633,14.140839697633,1470.7752552161,175.8868891907824,41,5.42907357534
dt0p5us,175,150,75.0,9.436558933220338e-10,17,1.25,15.0,False,False,evaporated_in_SOL,0.208,0.37722604481363,0.58653359683691,0.37722604481363,1.0108537644685067,10.260400842443,10.260400842443,1470.50109714,184.62100145774852,41,5.4363051419621
dt0p5us,176,150,75.0,9.436558933220338e-10,17,1.5,-15.0,False,False,evaporated_in_SOL,0.16899999999999998,0.41361651532957,0.55763431881327,0.41361651532957,1.0505782732657372,11.162636834415,11.162636834415,1321.7321204201,165.46236191288622,41,6.2270977656278
dt0p5us,177,150,75.0,9.436558933220338e-10,17,1.5,-7.5,False,False,evaporated_in_SOL,0.16699999999999998,0.44221576515817,0.50380808364296,0.44221576515817,1.028951068485319,13.07098212112,13.07098212112,1386.1762445176,174.49292896433064,40,5.6608605511129
dt0p5us,178,150,75.0,9.436558933220338e-10,17,1.5,0.0,False,False,evaporated_in_SOL,0.174,0.42687441171986,0.522898106824,0.42687441171986,1.0208106871955562,18.776951347321,18.776951347321,1428.6452311473,172.9830665801942,40,5.4889985254031
dt0p5us,179,150,75.0,9.436558933220338e-10,17,1.5,7.5,False,False,evaporated_in_SOL,0.183,0.40342752602478,0.55532130011163,0.40342752602478,1.0182931463050533,22.352354455882,22.352354455882,1430.5842725061,175.4911161508997,41,5.4358569282314
dt0p5us,180,150,75.0,9.436558933220338e-10,17,1.5,15.0,False,False,evaporated_in_SOL,0.19499999999999998,0.37266705022957,0.59349446951285,0.37266705022957,1.014506718516941,22.818166161653,22.818166161653,1470.5010967361,186.4170162220984,41,5.4433479448622
dt0p5us,181,200,100.0,2.236813969355932e-09,16,1.0,-15.0,False,False,evaporated_in_SOL,0.205,0.37591910800001,0.60343773950179,0.37591910800001,1.0462532823821336,11.734517932633999,11.734517932633999,1323.7317040101,180.22211394991137,41,8.2737407912665
dt0p5us,182,200,100.0,2.236813969355932e-09,16,1.0,-7.5,False,False,evaporated_in_SOL,0.19599999999999998,0.43285782532359,0.51521158213241,0.43285782532359,1.0243058738195105,13.638566819606,13.638566819606,1389.739952037,173.3216118853536,40,7.9912846326365
dt0p5us,183,200,100.0,2.236813969355932e-09,16,1.0,0.0,False,False,evaporated_in_SOL,0.20099999999999998,0.42933469736826,0.51629585852779,0.42933469736826,1.017171706416147,20.8695292393,20.8695292393,1428.6452309116,175.27006139963052,40,7.318627625785
dt0p5us,184,200,100.0,2.236813969355932e-09,16,1.0,7.5,False,False,evaporated_in_SOL,0.208,0.41570543048905,0.53647540012241,0.41570543048905,1.015030422798774,33.19571438714,33.19571438714,1471.072009686,174.22887199631953,40,7.3186853557569
dt0p5us,185,200,100.0,2.236813969355932e-09,16,1.0,15.0,False,False,evaporated_in_SOL,0.217,0.3956528420167,0.56340029885775,0.3956528420167,1.0111609247170081,34.744814290196,34.744814290196,1470.7753897802,178.35899621405338,41,7.2696247452988
dt0p5us,186,200,100.0,2.236813969355932e-09,16,1.25,-15.0,False,False,upper_or_side_wall,0.248,0.099729248863806,0.98555099689801,0.099729248863806,1.0672306000726604,14.276111187285,14.276111187285,1282.2206593084,1.6610031019900218,59,8.342083941619
dt0p5us,187,200,100.0,2.236813969355932e-09,16,1.25,-7.5,False,False,evaporated_in_SOL,0.18,0.4328415309577,0.51522181710677,0.4328415309577,1.0242806596807752,11.114105656948,11.114105656948,1389.7399517004,173.3270347218767,40,7.9912846327041
dt0p5us,188,200,100.0,2.236813969355932e-09,16,1.25,0.0,False,False,evaporated_in_SOL,0.185,0.43076193113398,0.51436771061927,0.43076193113398,1.01789507876177,25.527966483002,25.527966483002,1428.6452311558,175.45214179565963,40,7.3186502410724
dt0p5us,189,200,100.0,2.236813969355932e-09,16,1.25,7.5,False,False,evaporated_in_SOL,0.19399999999999998,0.40876149986554,0.5425273626899,0.40876149986554,1.008425312296908,11.000972108292,11.000972108292,1491.5071275714,177.0559890304499,40,7.3186859068635
dt0p5us,190,200,100.0,2.236813969355932e-09,16,1.25,15.0,False,False,evaporated_in_SOL,0.204,0.38589859912078,0.57350998076911,0.38589859912078,1.0045947539489524,21.133394425880002,21.133394425880002,1491.5071277045,182.10877665119585,41,7.4443290748707
dt0p5us,191,200,100.0,2.236813969355932e-09,16,1.5,-15.0,False,False,upper_or_side_wall,0.259,0.040568435603725,0.98444784316496,0.040568435603725,1.0957441849300034,48.94697592475,48.94697592475,1171.8214121595,2.7641568350399437,60,8.5182595151484
dt0p5us,192,200,100.0,2.236813969355932e-09,16,1.5,-7.5,False,False,evaporated_in_SOL,0.16499999999999998,0.43789734113427,0.50758082427655,0.43789734113427,1.0251970327849873,18.593185176419002,18.593185176419002,1389.7399511486,174.83814196845378,40,8.178194834765
dt0p5us,193,200,100.0,2.236813969355932e-09,16,1.5,0.0,False,False,evaporated_in_SOL,0.17099999999999999,0.43089974208385,0.51339530506968,0.43089974208385,1.016815617201766,26.083298286692,26.083298286692,1428.645231219,175.9916423659428,40,7.3186811006904
dt0p5us,194,200,100.0,2.236813969355932e-09,16,1.5,7.5,False,False,evaporated_in_SOL,0.18,0.40866285370128,0.54405570603785,0.40866285370128,1.011016786546361,24.515216146038,24.515216146038,1470.7753895954,176.39155210282092,40,7.2765407939259
dt0p5us,195,200,100.0,2.236813969355932e-09,16,1.5,15.0,False,False,evaporated_in_SOL,0.191,0.38186862418544,0.58031146353882,0.38186862418544,1.0087781487550136,35.460922055584,35.460922055584,1470.7753898229,182.80363105554372,41,7.4761501364682
dt0p5us,196,200,100.0,2.236813969355932e-09,17,1.0,-15.0,False,False,evaporated_in_SOL,0.19699999999999998,0.43405812279403,0.51807664111254,0.43405812279403,1.031506931464744,16.443875850994,16.443875850994,1389.7399509372,170.5295436375081,40,8.1781948347468
dt0p5us,197,200,100.0,2.236813969355932e-09,17,1.0,-7.5,False,False,evaporated_in_SOL,0.19999999999999998,0.43564873703142,0.50739626378343,0.43564873703142,1.0196761766761946,14.252264155062,14.252264155062,1428.6452301466,176.57801306149267,40,7.5502994058049
dt0p5us,198,200,100.0,2.236813969355932e-09,17,1.0,0.0,False,False,evaporated_in_SOL,0.206,0.42198181477973,0.52460546077923,0.42198181477973,1.011342990869442,14.97214369031,14.97214369031,1471.0793478881,175.82047872742282,40,7.3355637238354
dt0p5us,199,200,100.0,2.236813969355932e-09,17,1.0,7.5,False,False,evaporated_in_SOL,0.213,0.40584981440389,0.54839778216233,0.40584981440389,1.0115621598193338,23.771704810482,23.771704810482,1470.7753896238,176.73928577302556,41,7.2630507516917
dt0p5us,200,200,100.0,2.236813969355932e-09,17,1.0,15.0,False,False,evaporated_in_SOL,0.222,0.3854106330536,0.57575630487716,0.3854106330536,1.0083987958652736,32.921355374397,32.921355374397,1470.7753897945,181.5434817532242,41,7.4132075664134
dt0p5us,201,200,100.0,2.236813969355932e-09,17,1.25,-15.0,False,False,evaporated_in_SOL,0.181,0.43167728766592,0.5241380881317,0.43167728766592,1.0350028430979836,17.640933949267,17.640933949267,1353.4087008018,168.45650610165853,40,8.3598267209958
dt0p5us,202,200,100.0,2.236813969355932e-09,17,1.25,-7.5,False,False,evaporated_in_SOL,0.183,0.43976830787228,0.50193138814891,0.43976830787228,1.0216960106900623,21.695276135643,21.695276135643,1428.6452151633,177.54087695381088,40,7.5502482255946
dt0p5us,203,200,100.0,2.236813969355932e-09,17,1.25,0.0,False,False,evaporated_in_SOL,0.19,0.42221163032577,0.52384355953963,0.42221163032577,1.0106562751120347,16.20387127619,16.20387127619,1471.0793479521,176.0951423077122,40,7.3288527770473
dt0p5us,204,200,100.0,2.236813969355932e-09,17,1.25,7.5,False,False,evaporated_in_SOL,0.19799999999999998,0.40225283711531,0.55256175190426,0.40225283711531,1.008846237448835,22.702369969094,22.702369969094,1470.7753896522,177.85896783699596,41,7.3366872507823
dt0p5us,205,200,100.0,2.236813969355932e-09,17,1.25,15.0,False,False,evaporated_in_SOL,0.209,0.37466185838319,0.58660594309216,0.37466185838319,1.002921667076144,14.393643051723,14.393643051723,1490.5581310566,186.9739226677097,41,7.4168077419006
dt0p5us,206,200,100.0,2.236813969355932e-09,17,1.5,-15.0,False,False,evaporated_in_SOL,0.16799999999999998,0.42404828215862,0.53902652098421,0.42404828215862,1.0388374324602978,12.670510319348,12.670510319348,1353.4087001635,165.83774101882238,40,8.5617531609981
dt0p5us,207,200,100.0,2.236813969355932e-09,17,1.5,-7.5,False,False,evaporated_in_SOL,0.16899999999999998,0.43855544604821,0.50173861725116,0.43855544604821,1.0190647226762835,12.65810664764,12.65810664764,1428.6452297284,178.52111930379348,40,7.5503291861858
dt0p5us,208,200,100.0,2.236813969355932e-09,17,1.5,0.0,False,False,evaporated_in_SOL,0.176,0.42105223391677,0.52401119897515,0.42105223391677,1.0080134712977602,11.192051865801,11.192051865801,1471.0793477734,176.92074273793966,40,7.3421850861295
dt0p5us,209,200,100.0,2.236813969355932e-09,17,1.5,7.5,False,False,evaporated_in_SOL,0.184,0.40106277912997,0.55511800926655,0.40106277912997,1.0105527374956467,32.009271540076,32.009271540076,1470.7753897588,177.6565638427305,41,7.3272639704459
dt0p5us,210,200,100.0,2.236813969355932e-09,17,1.5,15.0,False,False,evaporated_in_SOL,0.19599999999999998,0.36962771717666,0.5939664972064,0.36962771717666,1.0050942187198295,28.522335320612,28.522335320612,1490.5581310787,189.1299336693546,41,7.4215172964853
dt0p5us,211,250,125.0,4.368777283898306e-09,16,1.0,-15.0,False,False,evaporated_in_SOL,0.19999999999999998,0.40300353781064,0.56544151183045,0.40300353781064,1.0333747911116256,17.406927496690002,17.406927496690002,1356.1487597745,170.94284059576927,41,10.447280541395
dt0p5us,212,250,125.0,4.368777283898306e-09,16,1.0,-7.5,False,False,evaporated_in_SOL,0.19699999999999998,0.43414385861402,0.50778465212253,0.43414385861402,1.0165096232455642,17.855126187257003,17.855126187257003,1471.0036616239,177.39567785086584,40,9.9891057912527
dt0p5us,213,250,125.0,4.368777283898306e-09,16,1.0,0.0,False,False,evaporated_in_SOL,0.20199999999999999,0.42868891133485,0.51378198629732,0.42868891133485,1.0119346761169519,31.242129739754,31.242129739754,1471.0793481464,177.39928850514013,40,9.1605923088981
dt0p5us,214,250,125.0,4.368777283898306e-09,16,1.0,7.5,False,False,evaporated_in_SOL,0.21,0.40968010070907,0.53818760538645,0.40968010070907,1.0027092124348564,15.507294734696998,15.507294734696998,1492.8298108183,178.45298186329393,40,9.1648608706671
dt0p5us,215,250,125.0,4.368777283898306e-09,16,1.0,15.0,False,False,evaporated_in_SOL,0.218,0.39315722580618,0.56354697334401,0.39315722580618,1.0037072209118598,41.273171936932,41.273171936932,1491.5071277706,180.4687187811664,41,9.2882737113551
dt0p5us,216,250,125.0,4.368777283898306e-09,16,1.25,-15.0,False,False,upper_or_side_wall,0.208,0.25552040329315,0.94926148076493,0.25552040329315,1.0442221681372015,12.822686806168,12.822686806168,1321.7321221366,9.133892510547298,54,10.700175463312
dt0p5us,217,250,125.0,4.368777283898306e-09,16,1.25,-7.5,False,False,evaporated_in_SOL,0.18,0.43891654865793,0.5014900269397,0.43891654865793,1.0194567089985807,29.236882475116,29.236882475116,1428.645229976,178.44927964579384,40,9.9891057912688
dt0p5us,218,250,125.0,4.368777283898306e-09,16,1.25,0.0,False,False,evaporated_in_SOL,0.186,0.42969362124132,0.51240752875651,0.42969362124132,1.0124127540547065,36.357414643468005,36.357414643468005,1471.079348205,177.54948265222333,40,9.1841502787081
dt0p5us,219,250,125.0,4.368777283898306e-09,16,1.25,7.5,False,False,evaporated_in_SOL,0.19499999999999998,0.40680369511179,0.54179188963023,0.40680369511179,1.0019762773477727,15.252336525600999,15.252336525600999,1514.5995792092,179.12171219060323,40,9.2661704477772
dt0p5us,220,250,125.0,4.368777283898306e-09,16,1.25,15.0,True,False,evaporated_inside_lcfs,0.205,0.38326125424849,0.57368690447007,0.38326125424849,0.9968008285950102,21.765451802311,21.765451802311,1555.6939706901,184.3869895004882,41,9.3348467343123
dt0p5us,221,250,125.0,4.368777283898306e-09,16,1.5,-15.0,False,False,upper_or_side_wall,0.205,0.21747937616987,0.95625004835316,0.21747937616987,1.0534506014972593,24.892812503574,24.892812503574,1282.2206587502,12.349321491392763,55,10.796465025535
dt0p5us,222,250,125.0,4.368777283898306e-09,16,1.5,-7.5,False,False,evaporated_in_SOL,0.16599999999999998,0.4385306467498,0.50076745549968,0.4385306467498,1.0177773220338437,22.662466726222,22.662466726222,1471.0757493029,179.23762821783305,40,10.222743543515
dt0p5us,223,250,125.0,4.368777283898306e-09,16,1.5,0.0,False,False,evaporated_in_SOL,0.172,0.42950297585575,0.51174548720198,0.42950297585575,1.010983756910959,35.452753933225,35.452753933225,1471.0793482193,178.1313401395732,40,9.1809671989578
dt0p5us,224,250,125.0,4.368777283898306e-09,16,1.5,7.5,False,False,evaporated_in_SOL,0.181,0.40622433851808,0.54386676744693,0.40622433851808,1.0043100468604687,29.165277706601,29.165277706601,1491.5071277266,178.61422374028137,41,9.2905496838746
dt0p5us,225,250,125.0,4.368777283898306e-09,16,1.5,15.0,False,False,evaporated_in_SOL,0.192,0.37885938790773,0.58079977199424,0.37885938790773,1.0007040341536608,38.140145200833004,38.140145200833004,1514.5995415512,185.35093991888493,41,9.3610015040597
dt0p5us,226,250,125.0,4.368777283898306e-09,17,1.0,-15.0,False,False,evaporated_in_SOL,0.19799999999999998,0.43504146463665,0.51076685184958,0.43504146463665,1.0231074741338424,14.052332828578,14.052332828578,1428.6452297698,174.69662434030562,40,10.222743543514
dt0p5us,227,250,125.0,4.368777283898306e-09,17,1.0,-7.5,False,False,evaporated_in_SOL,0.20099999999999998,0.43541875335297,0.50345022103928,0.43541875335297,1.014173227805896,23.488422932085,23.488422932085,1471.0793478833,179.50459733835007,40,9.4379322690405
dt0p5us,228,250,125.0,4.368777283898306e-09,17,1.0,0.0,False,False,evaporated_in_SOL,0.207,0.42041590233132,0.52329639659144,0.42041590233132,1.005227685422103,21.998711602799,21.998711602799,1492.8298108183,177.85864964489724,40,9.187847165121
dt0p5us,229,250,125.0,4.368777283898306e-09,17,1.0,7.5,False,False,evaporated_in_SOL,0.214,0.40343611861436,0.54823715539834,0.40343611861436,1.0038458220774613,28.255044707663,28.255044707663,1491.5071277266,178.92677533382218,41,9.2770516027857
dt0p5us,230,250,125.0,4.368777283898306e-09,17,1.0,15.0,False,False,evaporated_in_SOL,0.223,0.38247733382609,0.57615382733588,0.38247733382609,1.000203431457883,35.674764423027,35.674764423027,1514.4217138105,184.00900134122972,41,9.4027930467845
dt0p5us,231,250,125.0,4.368777283898306e-09,17,1.25,-15.0,False,False,evaporated_in_SOL,0.182,0.43224569286634,0.51800126886226,0.43224569286634,1.0268868936958813,15.169297631913,15.169297631913,1389.7399514463,171.94967051827254,40,10.451241606036
dt0p5us,232,250,125.0,4.368777283898306e-09,17,1.25,-7.5,False,False,evaporated_in_SOL,0.184,0.43920548588764,0.49848636213507,0.43920548588764,1.016179045554839,32.993869802248,32.993869802248,1471.1383993825,180.42751531128766,40,9.437931244121
dt0p5us,233,250,125.0,4.368777283898306e-09,17,1.25,0.0,False,False,evaporated_in_SOL,0.191,0.42038467536642,0.5227655868086,0.42038467536642,1.0042711618928695,22.421655538905,22.421655538905,1492.8298108183,178.20271153161173,40,9.191719083895
dt0p5us,234,250,125.0,4.368777283898306e-09,17,1.25,7.5,False,False,evaporated_in_SOL,0.19899999999999998,0.39963267632135,0.55251426608544,0.39963267632135,1.0006593312613574,25.872955667836,25.872955667836,1491.5071277266,180.17190398319366,41,9.3378541120296
dt0p5us,235,250,125.0,4.368777283898306e-09,17,1.25,15.0,False,False,evaporated_in_SOL,0.209,0.37581231273528,0.58535486095949,0.37581231273528,1.0033247980855904,43.311968986714,43.311968986714,1490.5581311008,186.3743549620462,41,9.4162987294152
dt0p5us,236,250,125.0,4.368777283898306e-09,17,1.5,-15.0,False,False,evaporated_in_SOL,0.16699999999999998,0.43539632291798,0.5145860036407,0.43539632291798,1.0296499200259768,22.647022157034,22.647022157034,1389.739951095,171.84836842540042,40,10.70274349065
dt0p5us,237,250,125.0,4.368777283898306e-09,17,1.5,-7.5,False,False,evaporated_in_SOL,0.16999999999999998,0.43810742458489,0.49749030728967,0.43810742458489,1.0127781671141456,18.835963145467,18.835963145467,1471.0861727975,181.90527781865975,40,9.4379328133728
dt0p5us,238,250,125.0,4.368777283898306e-09,17,1.5,0.0,False,False,evaporated_in_SOL,0.177,0.4190792816119,0.52290884563665,0.4190792816119,1.001225248304367,15.339670141294999,15.339670141294999,1492.8298108183,179.16099276661225,40,9.1925704412575
dt0p5us,239,250,125.0,4.368777283898306e-09,17,1.5,7.5,False,False,evaporated_in_SOL,0.185,0.39814142959617,0.55531136108972,0.39814142959617,1.0019259183595153,35.807321853111,35.807321853111,1491.5071277622,180.11566364013493,41,9.3316676310621
dt0p5us,240,250,125.0,4.368777283898306e-09,17,1.5,15.0,True,False,evaporated_inside_lcfs,0.19699999999999998,0.36632668291885,0.59452808262455,0.36632668291885,0.9950245230270608,25.962908474865,25.962908474865,1554.596773461,192.07324032045554,41,9.4071693230103
dt0p5us,241,300,150.0,7.54924714657627e-09,16,1.0,-15.0,False,False,evaporated_in_SOL,0.19899999999999998,0.41171754805861,0.5496879497473,0.41171754805861,1.024688942328645,15.624518542967,15.624518542967,1392.5618839175,170.9841831868924,41,12.541420333469
dt0p5us,242,300,150.0,7.54924714657627e-09,16,1.0,-7.5,False,False,evaporated_in_SOL,0.19799999999999998,0.43410493628454,0.50300255013303,0.43410493628454,1.0104677637179245,17.71086287257,17.71086287257,1471.0794211226,180.7527280369609,40,11.986926949528
dt0p5us,243,300,150.0,7.54924714657627e-09,16,1.0,0.0,False,False,evaporated_in_SOL,0.20299999999999999,0.42707191195407,0.51260764995308,0.42707191195407,1.0062640235725653,38.310231879511,38.310231879511,1492.8298108433,179.39031138694094,40,11.028600856647
dt0p5us,244,300,150.0,7.54924714657627e-09,16,1.0,7.5,False,False,evaporated_in_SOL,0.21,0.41134585526779,0.53594064296037,0.41134585526779,1.0028015123453404,46.521405040545,46.521405040545,1492.82981093,178.20344660662735,40,11.175892781196
dt0p5us,245,300,150.0,7.54924714657627e-09,16,1.0,15.0,True,False,evaporated_inside_lcfs,0.219,0.39035939160308,0.56385886759752,0.39035939160308,0.9956560197000845,41.578491026584,41.578491026584,1555.6850597218,182.76225771621932,41,11.26149983859
dt0p5us,246,300,150.0,7.54924714657627e-09,16,1.25,-15.0,False,False,evaporated_in_SOL,0.185,0.40035056580165,0.5716480092694,0.40035056580165,1.0308526363740926,18.279369128982,18.279369128982,1389.7399524665,170.24477372275314,41,12.843250647361
dt0p5us,247,300,150.0,7.54924714657627e-09,16,1.25,-7.5,False,False,evaporated_in_SOL,0.181,0.43848961641757,0.49730904411864,0.43848961641757,1.0132869390184696,32.298117910340004,32.298117910340004,1471.138399298,181.77611569382918,40,11.986926949528
dt0p5us,248,300,150.0,7.54924714657627e-09,16,1.25,0.0,True,False,evaporated_inside_lcfs,0.188,0.42368922180178,0.51397013841126,0.42368922180178,0.9998869871688333,15.865297968056998,15.865297968056998,1516.4618367136,181.08421355191754,40,11.106503811018
dt0p5us,249,300,150.0,7.54924714657627e-09,16,1.25,7.5,False,False,evaporated_in_SOL,0.19499999999999998,0.40828068251238,0.53982783630442,0.40828068251238,1.0021507048952767,45.872362583983,45.872362583983,1514.6235908999,178.82093345454368,40,11.24811158983
dt0p5us,250,300,150.0,7.54924714657627e-09,16,1.25,15.0,True,False,evaporated_inside_lcfs,0.205,0.38429695168424,0.57258977346814,0.38429695168424,0.997426512246692,52.771125947664004,52.771125947664004,1550.9696139859,183.9533847809679,41,11.405998511043
dt0p5us,251,300,150.0,7.54924714657627e-09,16,1.5,-15.0,False,False,upper_or_side_wall,0.19,0.28187174008623,0.94206259475288,0.28187174008623,1.0364680390479892,18.257711937868002,18.257711937868002,1356.1487601941,9.182130579967126,54,12.956012146107
dt0p5us,252,300,150.0,7.54924714657627e-09,16,1.5,-7.5,False,False,evaporated_in_SOL,0.16699999999999998,0.43803124303866,0.49626468622536,0.43803124303866,1.0110717157326343,22.461534084773998,22.461534084773998,1471.1383994826,182.8523229183578,40,12.267292252218
dt0p5us,253,300,150.0,7.54924714657627e-09,16,1.5,0.0,False,False,evaporated_in_SOL,0.173,0.42735036623873,0.51102290959603,0.42735036623873,1.0046675763315138,41.044644704115,41.044644704115,1492.8298108741,180.2226810205377,40,11.048567575748
dt0p5us,254,300,150.0,7.54924714657627e-09,16,1.5,7.5,True,False,evaporated_inside_lcfs,0.182,0.40345036301015,0.54390594885335,0.40345036301015,0.9959077858151898,22.966176263248,22.966176263248,1555.6939706935,181.01946067291124,41,11.261480348611
dt0p5us,255,300,150.0,7.54924714657627e-09,16,1.5,15.0,True,False,evaporated_inside_lcfs,0.193,0.37574766646401,0.58122981246849,0.37574766646401,0.992158244455471,26.136719801178,26.136719801178,1555.6939706909,188.03036184722254,41,11.424073022722
dt0p5us,256,300,150.0,7.54924714657627e-09,17,1.0,-15.0,False,False,evaporated_in_SOL,0.19799999999999998,0.43983317736605,0.49835533119139,0.43983317736605,1.0172302633174488,32.048528255307,32.048528255307,1471.1383909179,180.09438254100084,40,12.267292252218
dt0p5us,257,300,150.0,7.54924714657627e-09,17,1.0,-7.5,False,False,evaporated_in_SOL,0.20199999999999999,0.43405559482585,0.50148703633649,0.43405559482585,1.0084654159955055,29.602798905707,29.602798905707,1492.8298107511,181.85610647444125,40,11.325519681739
dt0p5us,258,300,150.0,7.54924714657627e-09,17,1.0,0.0,True,False,evaporated_inside_lcfs,0.208,0.41820885965844,0.52274082697832,0.41820885965844,0.9987600249685004,24.515715936973,24.515715936973,1516.4618599812,179.95949225752918,40,11.18886717455
dt0p5us,259,300,150.0,7.54924714657627e-09,17,1.0,7.5,True,False,evaporated_inside_lcfs,0.215,0.40072128423848,0.54828466126457,0.40072128423848,0.9955885587213495,23.487130215482,23.487130215482,1555.6939706935,181.27628061659547,41,11.254139938726
dt0p5us,260,300,150.0,7.54924714657627e-09,17,1.0,15.0,True,False,evaporated_inside_lcfs,0.22399999999999998,0.37946496897468,0.57649022744158,0.37946496897468,0.9916162107754534,24.066504034885,24.066504034885,1555.6939706909,186.586450022922,41,11.321163158783
dt0p5us,261,300,150.0,7.54924714657627e-09,17,1.25,-15.0,False,False,evaporated_in_SOL,0.182,0.43728779658109,0.5039429766003,0.43728779658109,1.0192768018617204,23.592959275695,23.592959275695,1428.6452300791,177.83473939721148,40,12.541505819256
dt0p5us,262,300,150.0,7.54924714657627e-09,17,1.25,-7.5,False,False,evaporated_in_SOL,0.185,0.43765671671843,0.49670731602893,0.43765671671843,1.0109116936999472,39.889944251664,39.889944251664,1471.1375285928,182.78464340107217,40,11.325519650816
dt0p5us,263,300,150.0,7.54924714657627e-09,17,1.25,0.0,True,False,evaporated_inside_lcfs,0.192,0.41799530918625,0.522312348515,0.41799530918625,0.9975190637035978,23.7989996676,23.7989996676,1516.4618599821,180.38656513503986,40,11.132282716786
dt0p5us,264,300,150.0,7.54924714657627e-09,17,1.25,7.5,True,False,evaporated_inside_lcfs,0.19999999999999998,0.3967978158631,0.5525596455826,0.3967978158631,0.992004920887979,16.013475319077,16.013475319077,1555.6939706935,182.62733803172313,41,11.278698005798
dt0p5us,265,300,150.0,7.54924714657627e-09,17,1.25,15.0,True,False,evaporated_inside_lcfs,0.21,0.37257612336439,0.58585819481182,0.37257612336439,0.9935122002028491,32.691497696756,32.691497696756,1554.596773461,189.1883394933046,41,11.497717621237
dt0p5us,266,300,150.0,7.54924714657627e-09,17,1.5,-15.0,False,False,evaporated_in_SOL,0.16799999999999998,0.43494332769657,0.50986883116243,0.43494332769657,1.0215355376429072,15.750298075917,15.750298075917,1428.6452295748,175.38251971301037,40,12.843297203265
dt0p5us,267,300,150.0,7.54924714657627e-09,17,1.5,-7.5,False,False,evaporated_in_SOL,0.17099999999999999,0.43656233233523,0.49530616834257,0.43656233233523,1.006640244947449,22.470935739105,22.470935739105,1493.0033494163,184.5553996831568,40,11.325519697327
dt0p5us,268,300,150.0,7.54924714657627e-09,17,1.5,0.0,False,False,evaporated_in_SOL,0.177,0.42064179870055,0.52062011491156,0.42064179870055,1.0016869029609148,45.280524548418,45.280524548418,1492.8298109191,179.29889165352492,40,11.163772581876
dt0p5us,269,300,150.0,7.54924714657627e-09,17,1.5,7.5,True,False,evaporated_inside_lcfs,0.186,0.39504591569677,0.55556306729724,0.39504591569677,0.9928801310904344,28.464300350755998,28.464300350755998,1555.6939706935,182.69860967988626,41,11.276895952291
dt0p5us,270,300,150.0,7.54924714657627e-09,17,1.5,15.0,True,False,evaporated_inside_lcfs,0.19699999999999998,0.36702000183804,0.593804387178,0.36702000183804,0.995348660627258,54.384455843422,54.384455843422,1554.5967347774,191.6488525765924,41,11.474617582504
