case,heat_scale,id,diameter_um,initial_radius_um,initial_mass_kg,dropper_line,speed_m_s,angle_deg,entered_lcfs,entered_core,terminal_fate,last_time_s,last_Z_m,last_R_m,min_Z_m,min_psi_n,last_radius_um,minimum_radius_um,maximum_temperature_K,wall_distance_mm,closest_wall_segment,max_a_over_lambdaD
hs000,0.0,1,40,20.0,1.7894511754847454e-11,16,1.0,-15.0,False,False,upper_or_side_wall,0.215,0.27573328423482,0.95309568442155,0.27573328423482,1.227234388348499,20.0,20.0,293.21805144012,0.14115279595247576,54,1.0045075993801
hs000,0.0,2,40,20.0,1.7894511754847454e-11,16,1.0,-7.5,False,False,upper_or_side_wall,0.241,0.19141847466323,0.97291671448686,0.19141847466323,1.2217458702257815,20.0,20.0,293.22623652362,3.0875464600629643,56,1.0245990539101
hs000,0.0,3,40,20.0,1.7894511754847454e-11,16,1.0,0.0,False,False,upper_or_side_wall,0.215,0.25628111404223,0.94246845615053,0.25628111404223,1.0268655049845654,20.0,20.0,293.21805144012,15.49076461693092,54,1.8186904355315
hs000,0.0,4,40,20.0,1.7894511754847454e-11,16,1.0,7.5,False,False,upper_or_side_wall,0.216,0.28898073625385,0.92717643420148,0.28898073625385,1.0220997240840881,20.0,20.0,293.21836642761,21.687648956529536,53,1.9318071862243
hs000,0.0,5,40,20.0,1.7894511754847454e-11,16,1.0,15.0,False,False,upper_or_side_wall,0.22599999999999998,0.26510041176921,0.9258820748463,0.26510041176921,1.0082818402157918,20.0,20.0,293.22151552538,29.18938642498081,54,2.1163577164009
hs000,0.0,6,40,20.0,1.7894511754847454e-11,16,1.25,-15.0,False,False,upper_or_side_wall,0.19699999999999998,0.28255578969054,0.94884618328337,0.28255578969054,1.2182020197324102,20.0,20.0,293.21237924807,2.4560869802941223,54,1.0045075993801
hs000,0.0,7,40,20.0,1.7894511754847454e-11,16,1.25,-7.5,False,False,upper_or_side_wall,0.22399999999999998,0.19266423509134,0.9707928950819,0.19266423509134,1.2163433543641187,20.0,20.0,293.22088581885,4.811100913259014,56,1.0421608151558
hs000,0.0,8,40,20.0,1.7894511754847454e-11,16,1.25,0.0,False,False,upper_or_side_wall,0.19799999999999998,0.26527100020631,0.95265864374611,0.26527100020631,1.0270901611500365,20.0,20.0,293.21269449003,3.3022637371018475,54,1.8021143026182
hs000,0.0,9,40,20.0,1.7894511754847454e-11,16,1.25,7.5,False,False,upper_or_side_wall,0.20099999999999998,0.2899355964751,0.92450683462663,0.2899355964751,1.0194332258414087,20.0,20.0,293.21364013107,24.014109581777987,53,1.9318071862243
hs000,0.0,10,40,20.0,1.7894511754847454e-11,16,1.25,15.0,False,False,upper_or_side_wall,0.214,0.24871346300365,0.95215139341516,0.24871346300365,1.0055983454552837,20.0,20.0,293.2177364385,8.127041648897064,55,2.1163577164009
hs000,0.0,11,40,20.0,1.7894511754847454e-11,16,1.5,-15.0,False,False,upper_or_side_wall,0.185,0.2750535601107,0.95086993528097,0.2750535601107,1.2090078829899014,20.0,20.0,293.20859524118,2.4672264718133268,54,1.0045075993801
hs000,0.0,12,40,20.0,1.7894511754847454e-11,16,1.5,-7.5,False,False,upper_or_side_wall,0.209,0.19204942726083,0.9702589563531,0.19204942726083,1.2066498634562055,20.0,20.0,293.21616121837,5.487386751469801,56,1.2391740338979
hs000,0.0,13,40,20.0,1.7894511754847454e-11,16,1.5,0.0,False,False,upper_or_side_wall,0.182,0.28422585807023,0.92068505060845,0.28422585807023,1.0281035150630036,20.0,20.0,293.20764892113,29.197537310536102,54,1.8021143026182
hs000,0.0,14,40,20.0,1.7894511754847454e-11,16,1.5,7.5,False,False,upper_or_side_wall,0.188,0.28434725707188,0.93933443070952,0.28434725707188,1.0173026198360606,20.0,20.0,293.20954143389,11.166962444958592,54,1.9318071862243
hs000,0.0,15,40,20.0,1.7894511754847454e-11,16,1.5,15.0,False,False,upper_or_side_wall,0.20199999999999999,0.24248407298443,0.93656578393518,0.24248407298443,1.002604619182662,20.0,20.0,293.21395531647,24.799968448688972,55,2.1100623558361
hs000,0.0,16,40,20.0,1.7894511754847454e-11,17,1.0,-15.0,False,False,upper_or_side_wall,0.236,0.22100368632146,0.96345031561662,0.22100368632146,1.212386000291439,20.0,20.0,293.22466321056,4.477476044850773,55,1.0245990539101
hs000,0.0,17,40,20.0,1.7894511754847454e-11,17,1.0,-7.5,False,False,upper_or_side_wall,0.223,0.21279092896225,0.94437885610784,0.21279092896225,1.0300819111779946,20.0,20.0,293.2205709444,25.03394830885989,55,1.7133559455563
hs000,0.0,18,40,20.0,1.7894511754847454e-11,17,1.0,0.0,False,False,upper_or_side_wall,0.214,0.29886957435387,0.94102310984092,0.29886957435387,1.0271196122222834,20.0,20.0,293.2177364385,5.734847448520248,53,1.8021143026182
hs000,0.0,19,40,20.0,1.7894511754847454e-11,17,1.0,7.5,False,False,upper_or_side_wall,0.221,0.28413430761098,0.94160383023991,0.28413430761098,1.0172351492309197,20.0,20.0,293.21994115311,9.032487882985741,54,1.9318071862243
hs000,0.0,20,40,20.0,1.7894511754847454e-11,17,1.0,15.0,False,False,upper_or_side_wall,0.23299999999999998,0.25108974736169,0.93926068234682,0.25108974736169,1.005169416354759,20.0,20.0,293.2237190533,19.94587799825725,54,2.1163577164009
hs000,0.0,21,40,20.0,1.7894511754847454e-11,17,1.25,-15.0,False,False,upper_or_side_wall,0.205,0.27310440637107,0.9518008784685,0.27310440637107,1.2066295737788049,20.0,20.0,293.21490078783,2.0791021951150626,54,1.3375189318177
hs000,0.0,22,40,20.0,1.7894511754847454e-11,17,1.25,-7.5,False,False,upper_or_side_wall,0.208,0.20368847660559,0.95971724755311,0.20368847660559,1.031239361995608,20.0,20.0,293.21584613194,12.613917496977129,56,1.7133559455563
hs000,0.0,23,40,20.0,1.7894511754847454e-11,17,1.25,0.0,False,False,upper_or_side_wall,0.19799999999999998,0.3009578848519,0.94352256806599,0.3009578848519,1.025757176489776,20.0,20.0,293.21269449003,2.7758060928534745,53,1.8021143026182
hs000,0.0,24,40,20.0,1.7894511754847454e-11,17,1.25,7.5,False,False,upper_or_side_wall,0.206,0.28520661199127,0.9107853974222,0.28520661199127,1.0129469863633833,20.0,20.0,293.21521591667,38.49504862951884,53,2.084783816665
hs000,0.0,25,40,20.0,1.7894511754847454e-11,17,1.25,15.0,False,False,upper_or_side_wall,0.22,0.23991481908441,0.92973118434589,0.23991481908441,1.001624232264903,20.0,20.0,293.21962623627,32.06884242188334,55,2.1100623558361
hs000,0.0,26,40,20.0,1.7894511754847454e-11,17,1.5,-15.0,False,False,upper_or_side_wall,0.181,0.30669618768351,0.94186299315379,0.30669618768351,1.2009666662274252,20.0,20.0,293.20733345281,2.8750389992851724,53,1.3402588435282
hs000,0.0,27,40,20.0,1.7894511754847454e-11,17,1.5,-7.5,False,False,upper_or_side_wall,0.193,0.20864511320367,0.96386197164882,0.20864511320367,1.0345306776336711,20.0,20.0,293.21111813878,7.315998554769885,56,1.7133559455563
hs000,0.0,28,40,20.0,1.7894511754847454e-11,17,1.5,0.0,False,False,upper_or_side_wall,0.183,0.3090013940585,0.91192694432558,0.3090013940585,1.023878292386633,20.0,20.0,293.2079643753,31.163190072381624,53,1.9318071862243
hs000,0.0,29,40,20.0,1.7894511754847454e-11,17,1.5,7.5,False,False,upper_or_side_wall,0.193,0.27828253553425,0.9132395553841,0.27828253553425,1.009218200401537,20.0,20.0,293.21111813878,37.93942048737043,54,2.084783816665
hs000,0.0,30,40,20.0,1.7894511754847454e-11,17,1.5,15.0,True,False,upper_or_side_wall,0.21,0.21246043976957,0.95034700639357,0.21246043976957,0.9970366119635287,20.0,20.0,293.21647629066,19.360530514926317,55,2.1323693952702
hs000,0.0,31,60,30.0,6.039397717261016e-11,16,1.0,-15.0,False,False,upper_or_side_wall,0.243,0.18649372475088,0.97546790306267,0.18649372475088,1.2098699690629235,30.0,30.0,293.20133686469,1.9147934242561393,56,1.5067613990702
hs000,0.0,32,60,30.0,6.039397717261016e-11,16,1.0,-7.5,False,False,upper_or_side_wall,0.291,0.026440330684622,0.98650839155195,0.026440330684622,1.1438112803715976,30.0,30.0,293.21143343686,0.7036084480499527,60,2.1088080319387
hs000,0.0,33,60,30.0,6.039397717261016e-11,16,1.0,0.0,False,False,upper_or_side_wall,0.215,0.29361531764823,0.94272657497121,0.29361531764823,1.026762378821502,30.0,30.0,293.19544050105,5.466518728790299,53,2.7031714539273
hs000,0.0,34,60,30.0,6.039397717261016e-11,16,1.0,7.5,False,False,upper_or_side_wall,0.22,0.29475317507854,0.9141567476067,0.29475317507854,1.0156079531367137,30.0,30.0,293.19649378526,32.74175388696556,53,2.8977107793365
hs000,0.0,35,60,30.0,6.039397717261016e-11,16,1.0,15.0,False,False,upper_or_side_wall,0.23399999999999999,0.24412191158981,0.95948198649038,0.24412191158981,1.0017530436783229,30.0,30.0,293.19944214335,2.2543748724184165,55,3.1985540929053
hs000,0.0,36,60,30.0,6.039397717261016e-11,16,1.25,-15.0,False,False,upper_or_side_wall,0.19799999999999998,0.287199139781,0.94759765131509,0.287199139781,1.2017193697823076,30.0,30.0,293.19185815655,2.4453053807761873,54,2.0272812988813
hs000,0.0,37,60,30.0,6.039397717261016e-11,16,1.25,-7.5,False,False,upper_or_side_wall,0.257,0.081776003682156,0.98691696991447,0.081776003682156,1.1586237130825803,30.0,30.0,293.20428319557,0.29503008553000143,59,2.1088080319387
hs000,0.0,38,60,30.0,6.039397717261016e-11,16,1.25,0.0,False,False,upper_or_side_wall,0.19799999999999998,0.3023449914744,0.9157698025111,0.3023449914744,1.0248382740767097,30.0,30.0,293.19185815655,29.1972225972893,53,2.7031714539273
hs000,0.0,39,60,30.0,6.039397717261016e-11,16,1.25,7.5,False,False,upper_or_side_wall,0.206,0.28838735612226,0.92503794419536,0.28838735612226,1.0131191258244066,30.0,30.0,293.19354419258,23.90690031085177,53,3.1271757249975
hs000,0.0,40,60,30.0,6.039397717261016e-11,16,1.25,15.0,True,False,upper_or_side_wall,0.22499999999999998,0.21721486848697,0.96809204594011,0.21721486848697,0.9958956618520732,30.0,30.0,293.19754691199,0.9896920480001192,55,3.2449204268672
hs000,0.0,41,60,30.0,6.039397717261016e-11,16,1.5,-15.0,False,False,upper_or_side_wall,0.18,0.2996850568523,0.94547336101963,0.2996850568523,1.1948421559128055,30.0,30.0,293.18806310051,1.2263290381844891,53,2.0272812988813
hs000,0.0,42,60,30.0,6.039397717261016e-11,16,1.5,-7.5,False,False,upper_or_side_wall,0.238,0.094418382912803,0.98228375700357,0.094418382912803,1.1566478734307315,30.0,30.0,293.20028430468,4.928242996430021,59,2.1634069426687
hs000,0.0,43,60,30.0,6.039397717261016e-11,16,1.5,0.0,False,False,upper_or_side_wall,0.184,0.30207090490281,0.93533185572403,0.30207090490281,1.0226417692264207,30.0,30.0,293.18890662283,10.389362685364848,53,2.8977107793365
hs000,0.0,44,60,30.0,6.039397717261016e-11,16,1.5,7.5,False,False,upper_or_side_wall,0.193,0.28312082172884,0.92360153541747,0.28312082172884,1.0095029979421084,30.0,30.0,293.1908041792,26.67212441850305,54,3.1271757249975
hs000,0.0,45,60,30.0,6.039397717261016e-11,16,1.5,15.0,True,False,upper_or_side_wall,0.217,0.19127271563694,0.96029859946247,0.19127271563694,0.9911806578278258,30.0,30.0,293.19586183363,15.3036374043311,56,3.2449204268672
hs000,0.0,46,60,30.0,6.039397717261016e-11,17,1.0,-15.0,False,False,upper_or_side_wall,0.244,0.20223206226688,0.97199785900801,0.20223206226688,1.187681189733451,30.0,30.0,293.20154735781,1.1430496742195266,56,2.0062783977265
hs000,0.0,47,60,30.0,6.039397717261016e-11,17,1.0,-7.5,False,False,upper_or_side_wall,0.216,0.29290194308139,0.92525167986194,0.29290194308139,1.0328458266530989,30.0,30.0,293.19565117049,22.51857661553241,53,2.5440418248596
hs000,0.0,48,60,30.0,6.039397717261016e-11,17,1.0,0.0,False,False,upper_or_side_wall,0.217,0.31078694787302,0.90621365052757,0.31078694787302,1.0199947754022334,30.0,30.0,293.19586183363,36.20966580665324,53,2.8977107793365
hs000,0.0,49,60,30.0,6.039397717261016e-11,17,1.0,7.5,False,False,upper_or_side_wall,0.22699999999999998,0.27541239142539,0.95290145527667,0.27541239142539,1.0098453959457179,30.0,30.0,293.1979681186,0.412624833556092,54,3.1271757249975
hs000,0.0,50,60,30.0,6.039397717261016e-11,17,1.0,15.0,True,False,upper_or_side_wall,0.245,0.21318814359254,0.96214629941913,0.21318814359254,0.994636816722694,30.0,30.0,293.20175784463,7.7823273319901425,56,3.2449204268672
hs000,0.0,51,60,30.0,6.039397717261016e-11,17,1.25,-15.0,False,False,upper_or_side_wall,0.22,0.22763587165124,0.96554016946777,0.22763587165124,1.1872421931971886,30.0,30.0,293.19649378526,0.7240371963378023,55,2.0103882652923
hs000,0.0,52,60,30.0,6.039397717261016e-11,17,1.25,-7.5,False,False,upper_or_side_wall,0.19999999999999998,0.29203795674475,0.9304248856913,0.29203795674475,1.0330345582197469,30.0,30.0,293.19227970337,17.752055704684523,53,2.5440418248596
hs000,0.0,53,60,30.0,6.039397717261016e-11,17,1.25,0.0,False,False,upper_or_side_wall,0.20199999999999999,0.30363562156899,0.94415561630266,0.30363562156899,1.0184752972222346,30.0,30.0,293.19270122498,1.463736130071432,53,2.8977107793365
hs000,0.0,54,60,30.0,6.039397717261016e-11,17,1.25,7.5,False,False,upper_or_side_wall,0.213,0.26693104763347,0.94393971521877,0.26693104763347,1.0057012994404717,30.0,30.0,293.19501914327,11.282382524811979,54,3.1745365746014
hs000,0.0,55,60,30.0,6.039397717261016e-11,17,1.25,15.0,True,False,upper_or_side_wall,0.236,0.1797200842312,0.97719340888141,0.1797200842312,0.9907801890412298,30.0,30.0,293.19986323661,2.023009804826527,56,3.2449204268672
hs000,0.0,56,60,30.0,6.039397717261016e-11,17,1.5,-15.0,False,False,upper_or_side_wall,0.20299999999999999,0.23461049393408,0.96287053866813,0.23461049393408,1.1826240795263356,30.0,30.0,293.19291197633,1.4743870212559889,55,2.0103882652923
hs000,0.0,57,60,30.0,6.039397717261016e-11,17,1.5,-7.5,False,False,upper_or_side_wall,0.185,0.29644496734199,0.91923542324073,0.29644496734199,1.0330450114729626,30.0,30.0,293.18911748764,27.397291612218236,53,2.5440418248596
hs000,0.0,58,60,30.0,6.039397717261016e-11,17,1.5,0.0,False,False,upper_or_side_wall,0.188,0.30286853707436,0.94393150937762,0.30286853707436,1.0166394642022683,30.0,30.0,293.18975004426,1.8808690281971956,53,3.1318243840765
hs000,0.0,59,60,30.0,6.039397717261016e-11,17,1.5,7.5,False,False,upper_or_side_wall,0.20099999999999998,0.25300535515973,0.95582650280523,0.25300535515973,1.0010897347272527,30.0,30.0,293.19249046733,3.456403282385966,55,3.210956927204
hs000,0.0,60,60,30.0,6.039397717261016e-11,17,1.5,15.0,True,False,upper_or_side_wall,0.23399999999999999,0.12450596657923,0.98571833890832,0.12450596657923,0.980504239788243,30.0,30.0,293.19944214335,1.493661091680032,58,3.2562492423406
hs000,0.0,61,80,40.0,1.4315609403877963e-10,16,1.0,-15.0,False,False,upper_or_side_wall,0.23099999999999998,0.23656958829188,0.96045147910252,0.23656958829188,1.197290305175623,40.0,40.0,293.18663942767,3.2961114283481874,55,2.6805176870564
hs000,0.0,62,80,40.0,1.4315609403877963e-10,16,1.0,-7.5,False,False,upper_or_side_wall,0.22899999999999998,0.21372628797719,0.96950273072604,0.21372628797719,1.0386297314583783,40.0,40.0,293.18632301694,0.5416268383258338,56,3.4267118911126
hs000,0.0,63,80,40.0,1.4315609403877963e-10,16,1.0,0.0,False,False,upper_or_side_wall,0.217,0.30033208841042,0.9446020389052,0.30033208841042,1.0197899624144675,40.0,40.0,293.1844242545,1.8978439059517411,53,3.8636143724487
hs000,0.0,64,80,40.0,1.4315609403877963e-10,16,1.0,7.5,False,False,upper_or_side_wall,0.22499999999999998,0.28401574700696,0.93740968637251,0.28401574700696,1.008126248734892,40.0,40.0,293.1856901529,13.111359872671137,54,4.16956763333
hs000,0.0,65,80,40.0,1.4315609403877963e-10,16,1.0,15.0,True,False,upper_or_side_wall,0.251,0.19009696443532,0.96661621178814,0.19009696443532,0.9876694361952896,40.0,40.0,293.1898027546,9.514261764615632,56,4.3390278646912
hs000,0.0,66,80,40.0,1.4315609403877963e-10,16,1.25,-15.0,False,False,upper_or_side_wall,0.21,0.25117498988679,0.95756961318818,0.25117498988679,1.1913922481335102,40.0,40.0,293.18331640708,2.2533424577472125,55,2.7030417318417
hs000,0.0,67,80,40.0,1.4315609403877963e-10,16,1.25,-7.5,False,False,upper_or_side_wall,0.215,0.20385658571381,0.97008519699363,0.20385658571381,1.0413307641444602,40.0,40.0,293.18410774441,2.5636423640921686,56,3.2611358370612
hs000,0.0,68,80,40.0,1.4315609403877963e-10,16,1.25,0.0,False,False,upper_or_side_wall,0.20099999999999998,0.30170546884556,0.9442542848606,0.30170546884556,1.018049368015474,40.0,40.0,293.18189177628,1.873877265442689,53,3.8636143724487
hs000,0.0,69,80,40.0,1.4315609403877963e-10,16,1.25,7.5,False,False,upper_or_side_wall,0.212,0.27204223710747,0.95231485916107,0.27204223710747,1.004902159512794,40.0,40.0,293.18363295266,1.861157338706163,54,4.2327154328018
hs000,0.0,70,80,40.0,1.4315609403877963e-10,16,1.25,15.0,True,False,upper_or_side_wall,0.249,0.13624748062251,0.98714346214838,0.13624748062251,0.9774435975620095,40.0,40.0,293.18948648575,0.06853785161997639,58,4.3416656564542
hs000,0.0,71,80,40.0,1.4315609403877963e-10,16,1.5,-15.0,False,False,upper_or_side_wall,0.19599999999999998,0.24870146010149,0.95769124382894,0.24870146010149,1.1842587097897435,40.0,40.0,293.18110019049,2.7835937612067054,55,2.7030417318417
hs000,0.0,72,80,40.0,1.4315609403877963e-10,16,1.5,-7.5,False,False,upper_or_side_wall,0.19899999999999998,0.21260948083195,0.96395430129544,0.21260948083195,1.0413966535402261,40.0,40.0,293.18157515262,6.188908289089975,56,3.2611358370612
hs000,0.0,73,80,40.0,1.4315609403877963e-10,16,1.5,0.0,False,False,upper_or_side_wall,0.187,0.30219239284138,0.94165741474203,0.30219239284138,1.0159209299880323,40.0,40.0,293.17967511237,4.252664332752315,53,4.1757658454354
hs000,0.0,74,80,40.0,1.4315609403877963e-10,16,1.5,7.5,False,False,upper_or_side_wall,0.19899999999999998,0.26619877253237,0.93918021782835,0.26619877253237,1.0003969910701451,40.0,40.0,293.18157515262,16.06757296456843,54,4.2327154328018
hs000,0.0,75,80,40.0,1.4315609403877963e-10,16,1.5,15.0,True,False,upper_or_side_wall,0.249,0.085054615486075,0.98185013119898,0.085054615486075,0.9685268595962404,40.0,40.0,293.18948648575,5.361868801019964,59,4.3698863871069
hs000,0.0,76,80,40.0,1.4315609403877963e-10,17,1.0,-15.0,False,False,upper_or_side_wall,0.323,-0.051751184872708,0.98597661316587,-0.051751184872708,1.1210379924548346,40.0,40.0,293.20117899054,1.2353868341299368,62,2.9955369449083
hs000,0.0,77,80,40.0,1.4315609403877963e-10,17,1.0,-7.5,False,False,upper_or_side_wall,0.216,0.3113748241301,0.91706615914819,0.3113748241301,1.0259078346833623,40.0,40.0,293.18426600123,25.581828828183934,53,3.6042286052364
hs000,0.0,78,80,40.0,1.4315609403877963e-10,17,1.0,0.0,False,False,upper_or_side_wall,0.221,0.30478606126993,0.91516517042223,0.30478606126993,1.0132977887936814,40.0,40.0,293.18505723208,29.141621975923652,53,4.1757658454354
hs000,0.0,79,80,40.0,1.4315609403877963e-10,17,1.0,7.5,False,False,upper_or_side_wall,0.23199999999999998,0.26654581225773,0.93413385135384,0.26654581225773,1.0014864001906514,40.0,40.0,293.18679762772,20.847030344247532,54,4.2327154328018
hs000,0.0,80,80,40.0,1.4315609403877963e-10,17,1.0,15.0,True,False,upper_or_side_wall,0.27199999999999996,0.12379801594067,0.98498557724481,0.12379801594067,0.9757720238827676,40.0,40.0,293.19312272122,2.2264227551900273,58,4.3416656564542
hs000,0.0,81,80,40.0,1.4315609403877963e-10,17,1.25,-15.0,False,False,upper_or_side_wall,0.247,0.13448713910921,0.98582171980466,0.13448713910921,1.1595567386803363,40.0,40.0,293.18917020272,1.3902801953399324,58,3.1965138532075
hs000,0.0,82,80,40.0,1.4315609403877963e-10,17,1.25,-7.5,False,False,upper_or_side_wall,0.19999999999999998,0.30962392195648,0.92822921280053,0.30962392195648,1.026681429772727,40.0,40.0,293.18173346623,15.266637466093083,53,3.6042286052364
hs000,0.0,83,80,40.0,1.4315609403877963e-10,17,1.25,0.0,False,False,upper_or_side_wall,0.206,0.29798008871142,0.94323116451253,0.29798008871142,1.0112766157919917,40.0,40.0,293.18268327334,3.8367136725136257,53,4.1757658454354
hs000,0.0,84,80,40.0,1.4315609403877963e-10,17,1.25,7.5,True,False,upper_or_side_wall,0.223,0.23329330281232,0.96215868427942,0.23329330281232,0.9958142953101269,40.0,40.0,293.18537369959,2.5062853202483844,55,4.3390278646912
hs000,0.0,85,80,40.0,1.4315609403877963e-10,17,1.25,15.0,True,False,upper_or_side_wall,0.267,0.080012621443795,0.98144747297344,0.080012621443795,0.9666981599248418,40.0,40.0,293.19233239479,5.76452702655994,59,4.3698863871069
hs000,0.0,86,80,40.0,1.4315609403877963e-10,17,1.5,-15.0,False,False,upper_or_side_wall,0.215,0.1967437369644,0.97190435983061,0.1967437369644,1.1646722376891823,40.0,40.0,293.18410774441,2.6702831255702857,56,3.2712779339249
hs000,0.0,87,80,40.0,1.4315609403877963e-10,17,1.5,-7.5,False,False,upper_or_side_wall,0.185,0.31343467502896,0.91641309912874,0.31343467502896,1.0264053909125608,40.0,40.0,293.17935838928,25.672780407588156,53,3.5613827650615
hs000,0.0,88,80,40.0,1.4315609403877963e-10,17,1.5,0.0,False,False,upper_or_side_wall,0.192,0.29775365538253,0.92840202564991,0.29775365538253,1.009127538731968,40.0,40.0,293.18046685794,18.20781880339276,53,4.2327154328018
hs000,0.0,89,80,40.0,1.4315609403877963e-10,17,1.5,7.5,True,False,upper_or_side_wall,0.219,0.18884398124624,0.97666288050177,0.18884398124624,0.9862073915595346,40.0,40.0,293.18474075039,0.14614079687524165,56,4.3416651673402
hs000,0.0,90,80,40.0,1.4315609403877963e-10,17,1.5,15.0,True,False,upper_or_side_wall,0.286,-0.032141599166783,0.98715591031861,-0.032141599166783,0.9430961139901066,40.0,40.0,293.1953351638,0.05608968138992587,62,4.3702786169657
hs000,0.0,91,100,50.0,2.796017461694915e-10,16,1.0,-15.0,False,False,upper_or_side_wall,0.248,0.18000238165096,0.97657873348429,0.18000238165096,1.1871334479900615,50.0,50.0,293.18148016268,2.5423287053591714,56,3.3788021648021
hs000,0.0,92,100,50.0,2.796017461694915e-10,16,1.0,-7.5,False,False,upper_or_side_wall,0.221,0.26915634458202,0.94332013892573,0.26915634458202,1.0296930433405795,50.0,50.0,293.17805967606,11.297700098728306,54,4.5052857565455
hs000,0.0,93,100,50.0,2.796017461694915e-10,16,1.0,0.0,False,False,upper_or_side_wall,0.219,0.3043079122025,0.91684648046714,0.3043079122025,1.0135221044668046,50.0,50.0,293.17780624077,27.644157793564393,53,5.2197073067942
hs000,0.0,94,100,50.0,2.796017461694915e-10,16,1.0,7.5,True,False,upper_or_side_wall,0.22999999999999998,0.27306465784003,0.93077138796608,0.27306465784003,0.9994046852307568,50.0,50.0,293.17920002235,22.38537802502637,54,5.2908942910023
hs000,0.0,95,100,50.0,2.796017461694915e-10,16,1.0,15.0,True,False,upper_or_side_wall,0.27999999999999997,0.098264499357751,0.98142752949043,0.098264499357751,0.9657508849587039,50.0,50.0,293.18553192794,5.784470509569983,59,5.4623579838837
hs000,0.0,96,100,50.0,2.796017461694915e-10,16,1.25,-15.0,False,False,upper_or_side_wall,0.22799999999999998,0.19048347638484,0.97358544240472,0.19048347638484,1.1815883351860592,50.0,50.0,293.17894662797,2.686955898688959,56,3.3788021648021
hs000,0.0,97,100,50.0,2.796017461694915e-10,16,1.25,-7.5,False,False,upper_or_side_wall,0.206,0.26224986122217,0.95592783500295,0.26224986122217,1.0311410120191007,50.0,50.0,293.17615868973,0.9381375995627667,54,4.2400697080993
hs000,0.0,98,100,50.0,2.796017461694915e-10,16,1.25,0.0,False,False,upper_or_side_wall,0.204,0.29923427535405,0.94056944682422,0.29923427535405,1.0116330958361353,50.0,50.0,293.17590518624,6.077195401533314,53,5.2197073067942
hs000,0.0,99,100,50.0,2.796017461694915e-10,16,1.25,7.5,True,False,upper_or_side_wall,0.222,0.24066648949467,0.95144236546069,0.24066648949467,0.9948643890310095,50.0,50.0,293.17818639029,10.918256096247104,55,5.423784830864
hs000,0.0,100,100,50.0,2.796017461694915e-10,16,1.25,15.0,True,False,upper_or_side_wall,0.301,-0.010485247676892,0.98352451183609,-0.010485247676892,0.9425223125018498,50.0,50.0,293.18818963507,3.6874881639099577,61,5.4628482712071
hs000,0.0,101,100,50.0,2.796017461694915e-10,16,1.5,-15.0,False,False,upper_or_side_wall,0.19999999999999998,0.23942852027722,0.96123062472122,0.23942852027722,1.1739309870134091,50.0,50.0,293.17539815197,1.7955987926335466,55,4.1368703967456
hs000,0.0,102,100,50.0,2.796017461694915e-10,16,1.5,-7.5,False,False,upper_or_side_wall,0.191,0.26591302309405,0.95501949067412,0.26591302309405,1.0323068469256895,50.0,50.0,293.17425719183,0.8556764436045259,54,4.2400697080993
hs000,0.0,103,100,50.0,2.796017461694915e-10,16,1.5,0.0,False,False,upper_or_side_wall,0.19,0.29966861612615,0.92913520995177,0.29966861612615,1.0096032421236285,50.0,50.0,293.17413040711,16.99882200059794,53,5.2908942910023
hs000,0.0,104,100,50.0,2.796017461694915e-10,16,1.5,7.5,True,False,upper_or_side_wall,0.215,0.21047932224604,0.9623861161983,0.21047932224604,0.9882719470227187,50.0,50.0,293.17729934291,8.260121333458265,56,5.4270814591752
hs000,0.0,105,100,50.0,2.796017461694915e-10,16,1.5,15.0,True,False,upper_or_side_wall,0.295,-0.040722621338493,0.98634024852496,-0.040722621338493,0.9224000010638786,50.0,50.0,293.18743039234,0.871751475039928,62,5.4631817721295
hs000,0.0,106,100,50.0,2.796017461694915e-10,17,1.0,-15.0,False,False,upper_or_side_wall,0.237,0.20798475801413,0.96425071356489,0.20798475801413,1.0468898817924874,50.0,50.0,293.18008683108,7.113717384586392,56,4.0764197963265
hs000,0.0,107,100,50.0,2.796017461694915e-10,17,1.0,-7.5,False,False,upper_or_side_wall,0.218,0.31248287567321,0.93534129765822,0.31248287567321,1.0202102936043016,50.0,50.0,293.17767951971,7.6541069460040605,53,4.792653660963
hs000,0.0,108,100,50.0,2.796017461694915e-10,17,1.0,0.0,False,False,upper_or_side_wall,0.22599999999999998,0.29075251645356,0.93637285993465,0.29075251645356,1.0051932995950932,50.0,50.0,293.17869322451,12.348142830049198,54,5.3131685687371
hs000,0.0,109,100,50.0,2.796017461694915e-10,17,1.0,7.5,True,False,upper_or_side_wall,0.247,0.21493812077319,0.96107644384264,0.21493812077319,0.9902127861731528,50.0,50.0,293.18135350753,8.356667941254901,56,5.4259290471707
hs000,0.0,110,100,50.0,2.796017461694915e-10,17,1.0,15.0,True,False,upper_or_side_wall,0.33599999999999997,-0.053945723957886,0.98715946333465,-0.053945723957886,0.9372665009964615,50.0,50.0,293.19261692242,0.05253666534998924,62,5.4628482712071
hs000,0.0,111,100,50.0,2.796017461694915e-10,17,1.25,-15.0,False,False,upper_or_side_wall,0.292,-0.013290278260544,0.98473610939074,-0.013290278260544,1.106018993689735,50.0,50.0,293.18705074033,2.475890609260012,61,4.0890974174062
hs000,0.0,112,100,50.0,2.796017461694915e-10,17,1.25,-7.5,False,False,upper_or_side_wall,0.20099999999999998,0.31730087144979,0.91962863572476,0.31730087144979,1.021070333792061,50.0,50.0,293.17552491395,21.557141429003455,53,4.792653660963
hs000,0.0,113,100,50.0,2.796017461694915e-10,17,1.25,0.0,False,False,upper_or_side_wall,0.21,0.29116156396983,0.92143852491934,0.29116156396983,1.0030189438093473,50.0,50.0,293.17666566943,26.65438776615557,53,5.3131685687371
hs000,0.0,114,100,50.0,2.796017461694915e-10,17,1.25,7.5,True,False,upper_or_side_wall,0.245,0.15735704404204,0.98039108758143,0.15735704404204,0.9774688937457617,50.0,50.0,293.18110019042,3.3108256553089817,57,5.4270814591752
hs000,0.0,115,100,50.0,2.796017461694915e-10,17,1.25,15.0,True,False,upper_or_side_wall,0.314,-0.045181898893301,0.98667830319949,-0.045181898893301,0.918738475822336,50.0,50.0,293.18983438062,0.533696800509964,62,5.4631817721295
hs000,0.0,116,100,50.0,2.796017461694915e-10,17,1.5,-15.0,False,False,upper_or_side_wall,0.238,0.11592943183663,0.98290151501708,0.11592943183663,1.1407003483213451,50.0,50.0,293.18021350895,4.310484982919971,58,4.1368703967456
hs000,0.0,117,100,50.0,2.796017461694915e-10,17,1.5,-7.5,False,False,upper_or_side_wall,0.186,0.32047621427264,0.91079045511212,0.32047621427264,1.0207408334943933,50.0,50.0,293.17362324548,29.25560571743557,53,4.792653660963
hs000,0.0,118,100,50.0,2.796017461694915e-10,17,1.5,0.0,True,False,upper_or_side_wall,0.19799999999999998,0.27987276189477,0.93483162124812,0.27987276189477,0.9992856761521773,50.0,50.0,293.17514462119,16.684236787997655,54,5.3515948786734
hs000,0.0,119,100,50.0,2.796017461694915e-10,17,1.5,7.5,True,False,upper_or_side_wall,0.25,0.090242450841836,0.98015488942591,0.090242450841836,0.9595473041375914,50.0,50.0,293.18173346615,7.057110574089975,59,5.4623579838837
hs000,0.0,120,100,50.0,2.796017461694915e-10,17,1.5,15.0,True,False,upper_or_side_wall,0.301,-0.070779864160732,0.98491669617299,-0.070779864160732,0.8809934168523592,50.0,50.0,293.18818963507,2.2953038270099313,63,5.4634082980841
hs000,0.0,121,125,62.5,5.460971604872881e-10,16,1.0,-15.0,False,False,upper_or_side_wall,0.27299999999999996,0.095790706063363,0.98644633439339,0.095790706063363,1.1588528001337854,62.5,62.5,293.17773020836,0.7656656066099554,59,4.9945528956367
hs000,0.0,122,125,62.5,5.460971604872881e-10,16,1.0,-7.5,False,False,upper_or_side_wall,0.219,0.29143362667309,0.93187617405198,0.29143362667309,1.022882568478647,62.5,62.5,293.17225372728,16.50962650297827,53,6.0368974569511
hs000,0.0,123,125,62.5,5.460971604872881e-10,16,1.0,0.0,False,False,upper_or_side_wall,0.22399999999999998,0.29206032357847,0.93582076217165,0.29206032357847,1.006292856692822,62.5,62.5,293.17276098716,12.538560212210268,53,6.6414607109214
hs000,0.0,124,125,62.5,5.460971604872881e-10,16,1.0,7.5,True,False,upper_or_side_wall,0.251,0.20312538857628,0.96894238113729,0.20312538857628,0.9851001181161084,62.5,62.5,293.17549956168,3.8580383686712345,56,6.783851823969
hs000,0.0,125,125,62.5,5.460971604872881e-10,16,1.0,15.0,True,False,upper_or_side_wall,0.316,-0.0042650734445198,0.9866683486838,-0.0042650734445198,0.9148907253668774,62.5,62.5,293.1820880757,0.5436513161999335,61,6.8289772151619
hs000,0.0,126,125,62.5,5.460971604872881e-10,16,1.25,-15.0,False,False,upper_or_side_wall,0.22699999999999998,0.20058580483405,0.97075200769191,0.20058580483405,1.16946828112532,62.5,62.5,293.17306532562,2.77647491208544,56,5.171087995932
hs000,0.0,127,125,62.5,5.460971604872881e-10,16,1.25,-7.5,False,False,upper_or_side_wall,0.20299999999999999,0.29025963136154,0.939247372067,0.29025963136154,1.023807951402045,62.5,62.5,293.17063025105,9.702960179005162,54,6.0368974569511
hs000,0.0,128,125,62.5,5.460971604872881e-10,16,1.25,0.0,False,False,upper_or_side_wall,0.209,0.28745128305396,0.94515215751344,0.28745128305396,1.0035230907821422,62.5,62.5,293.17123909832,4.7394690681812754,54,6.6414607109214
hs000,0.0,129,125,62.5,5.460971604872881e-10,16,1.25,7.5,True,False,upper_or_side_wall,0.248,0.15583238813893,0.9773967095078,0.15583238813893,0.9741071758918821,62.5,62.5,293.17519532802,6.543581025294456,57,6.8270634066093
hs000,0.0,130,125,62.5,5.460971604872881e-10,16,1.25,15.0,True,False,upper_or_side_wall,0.314,-0.047782480999227,0.98571188618831,-0.047782480999227,0.8744572178016403,62.5,62.5,293.18188544382,1.5001138116900181,62,6.8289772151619
hs000,0.0,131,125,62.5,5.460971604872881e-10,16,1.5,-15.0,False,False,upper_or_side_wall,0.204,0.2292151091155,0.96456066610739,0.2292151091155,1.1651856722575231,62.5,62.5,293.17073172923,1.2558819625114184,55,5.2138024635545
hs000,0.0,132,125,62.5,5.460971604872881e-10,16,1.5,-7.5,False,False,upper_or_side_wall,0.188,0.29389003217437,0.92773524121199,0.29389003217437,1.0238822380659762,62.5,62.5,293.16910790351,19.86294609405896,53,5.9908170762038
hs000,0.0,133,125,62.5,5.460971604872881e-10,16,1.5,0.0,True,False,upper_or_side_wall,0.19699999999999998,0.27839123358223,0.94568389656595,0.27839123358223,0.9998623910444021,62.5,62.5,293.17002135136,6.598452577541977,54,6.7275552703086
hs000,0.0,134,125,62.5,5.460971604872881e-10,16,1.5,7.5,True,False,upper_or_side_wall,0.247,0.10851655289095,0.98072593388337,0.10851655289095,0.9577939745468697,62.5,62.5,293.17509391389,6.4860661166299405,58,6.8279474798546
hs000,0.0,135,125,62.5,5.460971604872881e-10,16,1.5,15.0,True,False,upper_or_side_wall,0.307,-0.078077171013433,0.98648804181821,-0.078077171013433,0.8447555834180231,62.5,62.5,293.18117618645,0.723958181789941,63,6.8292603726052
hs000,0.0,136,125,62.5,5.460971604872881e-10,17,1.0,-15.0,False,False,upper_or_side_wall,0.22699999999999998,0.26424516041035,0.94991964551728,0.26424516041035,1.0364118666311084,62.5,62.5,293.17306532562,6.214304305399354,54,5.3000871351241
hs000,0.0,137,125,62.5,5.460971604872881e-10,17,1.0,-7.5,False,False,upper_or_side_wall,0.221,0.3097141631715,0.94250583748534,0.3097141631715,1.0137187908106486,62.5,62.5,293.1724566356,1.464430720192083,53,6.5246341334928
hs000,0.0,138,125,62.5,5.460971604872881e-10,17,1.0,0.0,True,False,upper_or_side_wall,0.24,0.2454520939132,0.95003652487931,0.2454520939132,0.9928309876430215,62.5,62.5,293.17438397423,11.022049202883474,55,6.8010619850162
hs000,0.0,139,125,62.5,5.460971604872881e-10,17,1.0,7.5,True,False,upper_or_side_wall,0.27799999999999997,0.115601549449,0.98582769990402,0.115601549449,0.962077544249656,62.5,62.5,293.1782370753,1.3843000959800067,58,6.8279474798546
hs000,0.0,140,125,62.5,5.460971604872881e-10,17,1.0,15.0,True,False,upper_or_side_wall,0.33599999999999997,-0.058108699420549,0.98556106746336,-0.058108699420549,0.8631449363917074,62.5,62.5,293.18411407461,1.6509325366399485,62,6.8292603726052
hs000,0.0,141,125,62.5,5.460971604872881e-10,17,1.25,-15.0,False,False,upper_or_side_wall,0.221,0.21793016308164,0.96357480546557,0.21793016308164,1.0477009800395305,62.5,62.5,293.1724566356,5.162062838831704,55,5.171087995932
hs000,0.0,142,125,62.5,5.460971604872881e-10,17,1.25,-7.5,False,False,upper_or_side_wall,0.204,0.31292721418658,0.93498614516134,0.31292721418658,1.0140581407627451,62.5,62.5,293.17073172923,7.880529643662063,53,6.5246341334928
hs000,0.0,143,125,62.5,5.460971604872881e-10,17,1.25,0.0,True,False,upper_or_side_wall,0.22899999999999998,0.22610471678199,0.95209430571938,0.22610471678199,0.9875218515744956,62.5,62.5,293.17326821065,14.10173564672595,55,6.8010619850162
hs000,0.0,144,125,62.5,5.460971604872881e-10,17,1.25,7.5,True,False,upper_or_side_wall,0.284,0.041675059412854,0.98381759012149,0.041675059412854,0.937535855962151,62.5,62.5,293.17884526763,3.3944098785100296,60,6.8285603390089
hs000,0.0,145,125,62.5,5.460971604872881e-10,17,1.25,15.0,True,False,upper_or_side_wall,0.32999999999999996,-0.088341697427766,0.9835815144827,-0.088341697427766,0.841008438818327,62.5,62.5,293.183506336,3.6304855172999417,63,6.8292603726052
hs000,0.0,146,125,62.5,5.460971604872881e-10,17,1.5,-15.0,False,False,upper_or_side_wall,0.221,0.16327909445958,0.97502009677474,0.16327909445958,1.063655915870351,62.5,62.5,293.1724566356,7.434768343353665,57,5.171087995932
hs000,0.0,147,125,62.5,5.460971604872881e-10,17,1.5,-7.5,False,False,upper_or_side_wall,0.189,0.31568784107413,0.92597699205323,0.31568784107413,1.0132133688313845,62.5,62.5,293.16920940354,15.852586138278815,53,6.5246341334928
hs000,0.0,148,125,62.5,5.460971604872881e-10,17,1.5,0.0,True,False,upper_or_side_wall,0.22,0.20147395064165,0.97128198833012,0.20147395064165,0.9799029703582365,62.5,62.5,293.17235518217,2.03244160924625,56,6.8010619850162
hs000,0.0,149,125,62.5,5.460971604872881e-10,17,1.5,7.5,True,False,upper_or_side_wall,0.27799999999999997,0.005650904507134,0.9866278064803,0.005650904507134,0.8985404699899491,62.5,62.5,293.1782370753,0.5841935196999604,61,6.8289772151619
hs000,0.0,150,125,62.5,5.460971604872881e-10,17,1.5,15.0,True,False,upper_or_side_wall,0.323,-0.14015617143458,0.98302083677281,-0.14015617143458,0.7934643901291791,62.5,62.5,293.18279724147,4.0581851755589655,65,6.8293492500216
hs000,0.0,151,150,75.0,9.436558933220338e-10,16,1.0,-15.0,False,False,upper_or_side_wall,0.282,0.071065847050965,0.98252793174532,0.071065847050965,1.1380021943558967,75.0,75.0,293.17387683077,4.6840682546799295,59,6.2053055951184
hs000,0.0,152,150,75.0,9.436558933220338e-10,16,1.0,-7.5,False,False,upper_or_side_wall,0.22,0.29628885590936,0.94176495787396,0.29628885590936,1.016262900575021,75.0,75.0,293.16863421743,5.694582852932567,53,7.2442769483413
hs000,0.0,153,150,75.0,9.436558933220338e-10,16,1.0,0.0,True,False,upper_or_side_wall,0.23399999999999999,0.26154994775351,0.94585528605171,0.26154994775351,0.9957628517156026,75.0,75.0,293.16981837312,10.842558558953566,54,8.1612743820194
hs000,0.0,154,150,75.0,9.436558933220338e-10,16,1.0,7.5,True,False,upper_or_side_wall,0.27999999999999997,0.11507516297348,0.98199316434975,0.11507516297348,0.9568098925637698,75.0,75.0,293.17370777488,5.218835650249942,58,8.1935369758255
hs000,0.0,155,150,75.0,9.436558933220338e-10,16,1.0,15.0,True,False,upper_or_side_wall,0.32799999999999996,-0.04383694883051,0.98491845435029,-0.04383694883051,0.8477532263440651,75.0,75.0,293.17776400059,2.2935456497099604,62,8.1951124471262
hs000,0.0,156,150,75.0,9.436558933220338e-10,16,1.25,-15.0,False,False,upper_or_side_wall,0.241,0.1528254449663,0.98167473391088,0.1528254449663,1.1604575498508625,75.0,75.0,293.17041037663,2.928044631399183,57,6.2565629562654
hs000,0.0,157,150,75.0,9.436558933220338e-10,16,1.25,-7.5,False,False,upper_or_side_wall,0.20299999999999999,0.29982586433104,0.92877049739137,0.29982586433104,1.0171948610333843,75.0,75.0,293.16719604754,17.309639473334542,53,7.2442769483413
hs000,0.0,158,150,75.0,9.436558933220338e-10,16,1.25,0.0,True,False,upper_or_side_wall,0.22399999999999998,0.23767898265127,0.96264545310709,0.23767898265127,0.9911704919448611,75.0,75.0,293.16897256785,0.8882047967692225,55,8.1612743820194
hs000,0.0,159,150,75.0,9.436558933220338e-10,16,1.25,7.5,True,False,upper_or_side_wall,0.28099999999999997,0.057022448712779,0.9856502437862,0.057022448712779,0.9376089696900259,75.0,75.0,293.17379230333,1.5617562137999474,60,8.1942724068107
hs000,0.0,160,150,75.0,9.436558933220338e-10,16,1.25,15.0,True,False,upper_or_side_wall,0.32999999999999996,-0.10479005337901,0.98677967900874,-0.10479005337901,0.7968267611415683,75.0,75.0,293.17793295947,0.43232099126000456,64,8.1952191000259
hs000,0.0,161,150,75.0,9.436558933220338e-10,16,1.5,-15.0,False,False,upper_or_side_wall,0.22,0.17343333176505,0.97524818136502,0.17343333176505,1.1564324268315325,75.0,75.0,293.16863421743,5.246698222228342,57,6.2565629562654
hs000,0.0,162,150,75.0,9.436558933220338e-10,16,1.5,-7.5,False,False,upper_or_side_wall,0.188,0.30301935642714,0.92065458268698,0.30301935642714,1.0172183388143368,75.0,75.0,293.16592683131,24.306282396268177,53,7.2442769483413
hs000,0.0,163,150,75.0,9.436558933220338e-10,16,1.5,0.0,True,False,upper_or_side_wall,0.214,0.22106588027294,0.95611527277288,0.22106588027294,0.9845087207441154,75.0,75.0,293.16812666144,11.540348966478348,55,8.1612743820194
hs000,0.0,164,150,75.0,9.436558933220338e-10,16,1.5,7.5,True,False,upper_or_side_wall,0.27399999999999997,0.029102247640776,0.98705236400008,0.029102247640776,0.907352871617713,75.0,75.0,293.17320058293,0.15963599991997146,60,8.1942724068107
hs000,0.0,165,150,75.0,9.436558933220338e-10,16,1.5,15.0,True,False,upper_or_side_wall,0.32899999999999996,-0.14806309682984,0.98439357902466,-0.14806309682984,0.759205462367366,75.0,75.0,293.17784848054,1.181811745112696,65,8.1952191000259
hs000,0.0,166,150,75.0,9.436558933220338e-10,17,1.0,-15.0,False,False,upper_or_side_wall,0.22399999999999998,0.28606048540137,0.94337207413176,0.28606048540137,1.0283947332159804,75.0,75.0,293.16897256785,6.821603011469556,54,6.7579286348182
hs000,0.0,167,150,75.0,9.436558933220338e-10,17,1.0,-7.5,False,False,upper_or_side_wall,0.22399999999999998,0.30604690811875,0.92203203265608,0.30604690811875,1.0069616035197098,75.0,75.0,293.16897256785,22.184188166412735,53,7.9697528531057
hs000,0.0,168,150,75.0,9.436558933220338e-10,17,1.0,0.0,True,False,upper_or_side_wall,0.263,0.16960433571397,0.98133348357167,0.16960433571397,0.9734276867448834,75.0,75.0,293.17227063651,0.017044353009215963,57,8.1914199977209
hs000,0.0,169,150,75.0,9.436558933220338e-10,17,1.0,7.5,True,False,upper_or_side_wall,0.311,0.02434119527549,0.98619107859961,0.02434119527549,0.9137070023519391,75.0,75.0,293.17632768693,1.020921400390007,60,8.1942724068107
hs000,0.0,170,150,75.0,9.436558933220338e-10,17,1.0,15.0,True,False,upper_or_side_wall,0.354,-0.11860193529792,0.9843539847507,-0.11860193529792,0.7812052668097784,75.0,75.0,293.17996015085,2.858015249299961,64,8.1952191000259
hs000,0.0,171,150,75.0,9.436558933220338e-10,17,1.25,-15.0,False,False,upper_or_side_wall,0.212,0.26470071345612,0.94363090713436,0.26470071345612,1.0365994079598806,75.0,75.0,293.16795746802,12.164381165270337,54,6.3601045621489
hs000,0.0,172,150,75.0,9.436558933220338e-10,17,1.25,-7.5,False,False,upper_or_side_wall,0.208,0.30329780050222,0.94289713696114,0.30329780050222,1.0066997179469253,75.0,75.0,293.16761906904,2.766763870982259,53,7.9697528531057
hs000,0.0,173,150,75.0,9.436558933220338e-10,17,1.25,0.0,True,False,upper_or_side_wall,0.253,0.14529923396321,0.98256086388891,0.14529923396321,0.9636500999088444,75.0,75.0,293.17142512451,3.5145661474040644,57,8.1924760879311
hs000,0.0,174,150,75.0,9.436558933220338e-10,17,1.25,7.5,True,False,upper_or_side_wall,0.296,0.0052903465189525,0.98339342403273,0.0052903465189525,0.8751808736202428,75.0,75.0,293.17506010883,3.818575967269977,61,8.1947726581943
hs000,0.0,175,150,75.0,9.436558933220338e-10,17,1.25,15.0,True,False,upper_or_side_wall,0.35,-0.15900905863832,0.98337030748794,-0.15900905863832,0.7546410144832809,75.0,75.0,293.17962232602,0.06830513439397602,65,8.1952191000259
hs000,0.0,176,150,75.0,9.436558933220338e-10,17,1.5,-15.0,False,False,upper_or_side_wall,0.20199999999999999,0.24464552047994,0.9570522213094,0.24464552047994,1.044437774390456,75.0,75.0,293.16711144021,4.462281398342969,55,6.2707531671379
hs000,0.0,177,150,75.0,9.436558933220338e-10,17,1.5,-7.5,False,False,upper_or_side_wall,0.193,0.30594961977943,0.93079644044643,0.30594961977943,1.0057073020240348,75.0,75.0,293.16634992868,13.751002935028247,53,7.9697528531057
hs000,0.0,178,150,75.0,9.436558933220338e-10,17,1.5,0.0,True,False,upper_or_side_wall,0.247,0.11458410023068,0.98376515865559,0.11458410023068,0.9488008782380538,75.0,75.0,293.17091776877,3.446841344409979,58,8.1935369758255
hs000,0.0,179,150,75.0,9.436558933220338e-10,17,1.5,7.5,True,False,upper_or_side_wall,0.291,-0.039957696297817,0.98297334672383,-0.039957696297817,0.8217497649053419,75.0,75.0,293.17463753227,4.238653276170012,62,8.1951124471262
hs000,0.0,180,150,75.0,9.436558933220338e-10,17,1.5,15.0,True,False,lower_wall,0.34299999999999997,-0.20370520777794,0.96906212379415,-0.20370520777794,0.7037129112722543,75.0,75.0,293.17903109369,3.5906602066062554,66,8.1951439389895
hs000,0.0,181,200,100.0,2.236813969355932e-09,16,1.0,-15.0,False,False,upper_or_side_wall,0.243,0.19275519850821,0.97002506240134,0.19275519850821,1.0413672372154084,100.0,100.0,293.16544023803,5.528330703113422,56,8.2737407934912
hs000,0.0,182,200,100.0,2.236813969355932e-09,16,1.0,-7.5,False,False,upper_or_side_wall,0.22499999999999998,0.29146518942186,0.93703998557535,0.29146518942186,1.004796194169843,100.0,100.0,293.16429767021,11.517692545325408,54,10.626337137474
hs000,0.0,183,200,100.0,2.236813969355932e-09,16,1.0,0.0,True,False,upper_or_side_wall,0.26899999999999996,0.15071360955531,0.97679487559854,0.15071360955531,0.9623631215883734,100.0,100.0,293.16709028819,8.124252728908957,57,10.923301450575
hs000,0.0,184,200,100.0,2.236813969355932e-09,16,1.0,7.5,True,False,upper_or_side_wall,0.313,0.012004622854287,0.98606273633873,0.012004622854287,0.8590149164961135,100.0,100.0,293.16988180441,1.1492636612699947,61,10.926363544259
hs000,0.0,185,200,100.0,2.236813969355932e-09,16,1.0,15.0,True,False,upper_or_side_wall,0.363,-0.16354665540443,0.98020343213159,-0.16354665540443,0.693132784819371,100.0,100.0,293.17305264506,2.297582602380286,65,10.926858585319
hs000,0.0,186,200,100.0,2.236813969355932e-09,16,1.25,-15.0,False,False,upper_or_side_wall,0.253,0.10216518279221,0.98097580135903,0.10216518279221,1.0677487772229108,100.0,100.0,293.16607491824,6.236198640970025,58,8.3420839416872
hs000,0.0,187,200,100.0,2.236813969355932e-09,16,1.25,-7.5,False,False,upper_or_side_wall,0.208,0.29423629233293,0.92817193741483,0.29423629233293,1.0051803996081419,100.0,100.0,293.163218409,19.35082367926127,53,10.626337137474
hs000,0.0,188,200,100.0,2.236813969355932e-09,16,1.25,0.0,True,False,upper_or_side_wall,0.26,0.12335677023177,0.98593745045598,0.12335677023177,0.9481731074604691,100.0,100.0,293.16651916052,1.274549544019954,58,10.924715967767
hs000,0.0,189,200,100.0,2.236813969355932e-09,16,1.25,7.5,True,False,upper_or_side_wall,0.304,-0.019749123168245,0.98452871992891,-0.019749123168245,0.8213277244537354,100.0,100.0,293.16931090207,2.6832800710899773,61,10.926816596168
hs000,0.0,190,200,100.0,2.236813969355932e-09,16,1.25,15.0,True,False,lower_wall,0.363,-0.22049071961419,0.96661342064626,-0.22049071961419,0.6322991485752538,100.0,100.0,293.17305264506,1.55902609653889,67,10.926651209893
hs000,0.0,191,200,100.0,2.236813969355932e-09,16,1.5,-15.0,False,False,upper_or_side_wall,0.252,0.062314879302604,0.98536752720454,0.062314879302604,1.095232659274024,100.0,100.0,293.16601145278,1.8444727954599616,59,8.5621982360792
hs000,0.0,192,200,100.0,2.236813969355932e-09,16,1.5,-7.5,False,False,upper_or_side_wall,0.19399999999999998,0.29121470702892,0.94085367900657,0.29121470702892,1.0042330896567855,100.0,100.0,293.1623294821,7.902624539185414,54,10.626337137474
hs000,0.0,193,200,100.0,2.236813969355932e-09,16,1.5,0.0,True,False,upper_or_side_wall,0.257,0.085339383391906,0.98421414433375,0.085339383391906,0.9293017346375939,100.0,100.0,293.16632877439,2.9978556662499933,59,10.924715967767
hs000,0.0,194,200,100.0,2.236813969355932e-09,16,1.5,7.5,True,False,upper_or_side_wall,0.299,-0.059957095477855,0.98580019692379,-0.059957095477855,0.7734904231469133,100.0,100.0,293.16899371419,1.4118030762100275,63,10.926816596168
hs000,0.0,195,200,100.0,2.236813969355932e-09,16,1.5,15.0,True,False,lower_wall,0.359,-0.26281755916058,0.95404913470551,-0.26281755916058,0.590533899316873,100.0,100.0,293.17279903013,2.6026596167668314,68,10.926651209893
hs000,0.0,196,200,100.0,2.236813969355932e-09,17,1.0,-15.0,False,False,upper_or_side_wall,0.223,0.30378198655743,0.92561274926543,0.30378198655743,1.0160672200809326,100.0,100.0,293.16417070684,19.3214056303511,53,9.6590359311217
hs000,0.0,197,200,100.0,2.236813969355932e-09,17,1.0,-7.5,True,False,upper_or_side_wall,0.245,0.23925208982581,0.96073118733166,0.23925208982581,0.9894937684790084,100.0,100.0,293.16556717863,2.3238075083133265,55,10.881699176026
hs000,0.0,198,200,100.0,2.236813969355932e-09,17,1.0,0.0,True,False,upper_or_side_wall,0.3,0.057612301250499,0.98587805032648,0.057612301250499,0.8974145492061034,100.0,100.0,293.16905715291,1.333949673519963,60,10.925696542414
hs000,0.0,199,200,100.0,2.236813969355932e-09,17,1.0,7.5,True,False,upper_or_side_wall,0.33599999999999997,-0.06175197598302,0.98621332292836,-0.06175197598302,0.7828385420298268,100.0,100.0,293.17134056771,0.9986770716400306,63,10.926816596168
hs000,0.0,200,200,100.0,2.236813969355932e-09,17,1.0,15.0,True,False,lower_wall,0.38899999999999996,-0.23851266612312,0.96118383698022,-0.23851266612312,0.6110482595451006,100.0,100.0,293.17470092033,2.08055038495803,67,10.926651209893
hs000,0.0,201,200,100.0,2.236813969355932e-09,17,1.25,-15.0,False,False,upper_or_side_wall,0.208,0.2947174825955,0.94087077522553,0.2947174825955,1.021404270796488,100.0,100.0,293.163218409,6.969000778540504,53,9.6590359311217
hs000,0.0,202,200,100.0,2.236813969355932e-09,17,1.25,-7.5,True,False,upper_or_side_wall,0.22699999999999998,0.24495454182805,0.9476796695166,0.24495454182805,0.9893760247491119,100.0,100.0,293.16442463129,13.426957708890564,55,10.881699176026
hs000,0.0,203,200,100.0,2.236813969355932e-09,17,1.25,0.0,True,False,upper_or_side_wall,0.285,0.044655376638105,0.9836835622934,0.044655376638105,0.8736122790522808,100.0,100.0,293.16810551246,3.5284377065999406,60,10.926363544259
hs000,0.0,204,200,100.0,2.236813969355932e-09,17,1.25,7.5,True,False,upper_or_side_wall,0.32999999999999996,-0.11387701287058,0.987029391568,-0.11387701287058,0.7230824374445067,100.0,100.0,293.17096004977,0.18260843200001986,64,10.926958800035
hs000,0.0,205,200,100.0,2.236813969355932e-09,17,1.25,15.0,True,False,lower_wall,0.381,-0.27095160857166,0.95159337398374,-0.27095160857166,0.5873556146590359,100.0,100.0,293.17419379964,2.84303007364072,68,10.926651209893
hs000,0.0,206,200,100.0,2.236813969355932e-09,17,1.5,-15.0,False,False,upper_or_side_wall,0.19399999999999998,0.29111546221172,0.92887975234903,0.29111546221172,1.0260145674710086,100.0,100.0,293.1623294821,19.48482116582833,53,9.010571513091
hs000,0.0,207,200,100.0,2.236813969355932e-09,17,1.5,-7.5,True,False,upper_or_side_wall,0.215,0.23298796633228,0.96422485211203,0.23298796633228,0.9861732203266677,100.0,100.0,293.1636628306,0.5921421274701543,55,10.881699176026
hs000,0.0,208,200,100.0,2.236813969355932e-09,17,1.5,0.0,True,False,upper_or_side_wall,0.27299999999999996,0.027386487665036,0.98115988061983,0.027386487665036,0.841131726969675,100.0,100.0,293.16734410792,6.052119380170029,60,10.926363544259
hs000,0.0,209,200,100.0,2.236813969355932e-09,17,1.5,7.5,True,False,upper_or_side_wall,0.32899999999999996,-0.17491675200852,0.97952619243752,-0.17491675200852,0.6455746874083673,100.0,100.0,293.17089662813,0.7625332880124546,65,10.926858585319
hs000,0.0,210,200,100.0,2.236813969355932e-09,17,1.5,15.0,True,False,lower_wall,0.376,-0.32989935854962,0.93703452055458,-0.32989935854962,0.5433748648542962,100.0,100.0,293.17387683074,1.4598337434958772,69,10.926384320667
hs000,0.0,211,250,125.0,4.368777283898306e-09,16,1.0,-15.0,False,False,upper_or_side_wall,0.22999999999999998,0.25360853819167,0.95193153575618,0.25360853819167,1.023394627809827,125.0,125.0,293.16169446597,7.057562819376348,55,11.263214391364
hs000,0.0,212,250,125.0,4.368777283898306e-09,16,1.0,-7.5,True,False,upper_or_side_wall,0.243,0.23783142887134,0.95507263027487,0.23783142887134,0.9900510801133616,125.0,125.0,293.16235488155,8.156932108534821,55,13.602123970032
hs000,0.0,213,250,125.0,4.368777283898306e-09,16,1.0,0.0,True,False,upper_or_side_wall,0.294,0.072792612259472,0.98171799032988,0.072792612259472,0.8955400248184727,125.0,125.0,293.16494514794,5.494009670119926,59,13.657120678018
hs000,0.0,214,250,125.0,4.368777283898306e-09,16,1.0,7.5,True,False,upper_or_side_wall,0.33999999999999997,-0.084105089079112,0.98323729522873,-0.084105089079112,0.7277594303031375,125.0,125.0,293.16728065382,3.9747047712699324,63,13.658698500043
hs000,0.0,215,250,125.0,4.368777283898306e-09,16,1.0,15.0,True,False,lower_wall,0.39199999999999996,-0.26680032129003,0.95465791252929,-0.26680032129003,0.540526917124515,125.0,125.0,293.16991986291,0.9723214777263336,68,13.658314012367
hs000,0.0,216,250,125.0,4.368777283898306e-09,16,1.25,-15.0,False,False,upper_or_side_wall,0.221,0.22390314796682,0.95519529256824,0.22390314796682,1.0359385286058966,125.0,125.0,293.1612372191,11.685359803303601,55,10.702747795099
hs000,0.0,217,250,125.0,4.368777283898306e-09,16,1.25,-7.5,True,False,upper_or_side_wall,0.22599999999999998,0.23820792285313,0.95861768567573,0.23820792285313,0.9903678229414902,125.0,125.0,293.16149124878,4.636970758534829,55,13.602123970032
hs000,0.0,218,250,125.0,4.368777283898306e-09,16,1.25,0.0,True,False,upper_or_side_wall,0.28099999999999997,0.055942200008641,0.98251384085444,0.055942200008641,0.8714401376280054,125.0,125.0,293.16428497396,4.6981591455599325,60,13.657120678018
hs000,0.0,219,250,125.0,4.368777283898306e-09,16,1.25,7.5,True,False,upper_or_side_wall,0.33399999999999996,-0.12602914445262,0.98641241362769,-0.12602914445262,0.6806084691562615,125.0,125.0,293.16697606633,0.7995863723099239,64,13.658698500043
hs000,0.0,220,250,125.0,4.368777283898306e-09,16,1.25,15.0,True,True,lower_wall,0.38899999999999996,-0.32392722449096,0.93769737833545,-0.32392722449096,0.48859727914988565,125.0,125.0,293.16976762761,2.3837706152713025,69,13.657980400833
hs000,0.0,221,250,125.0,4.368777283898306e-09,16,1.5,-15.0,False,False,upper_or_side_wall,0.214,0.19325937335273,0.97473035924175,0.19325937335273,1.0479394081371565,125.0,125.0,293.16088156223,0.8551729898975398,56,10.796681673465
hs000,0.0,222,250,125.0,4.368777283898306e-09,16,1.5,-7.5,True,False,upper_or_side_wall,0.212,0.2346233062109,0.95904891037312,0.2346233062109,0.9885006061397535,125.0,125.0,293.1607799427,5.159341719222544,55,13.602123970032
hs000,0.0,223,250,125.0,4.368777283898306e-09,16,1.5,0.0,True,False,upper_or_side_wall,0.26899999999999996,0.037564110304578,0.98088615619589,0.037564110304578,0.8397170321484343,125.0,125.0,293.16367552794,6.325843804109943,60,13.657954430324
hs000,0.0,224,250,125.0,4.368777283898306e-09,16,1.5,7.5,True,False,upper_or_side_wall,0.327,-0.1679082170996,0.97802557013563,-0.1679082170996,0.6215390999403405,125.0,125.0,293.16662069769,3.5905814378955196,65,13.658573231649
hs000,0.0,225,250,125.0,4.368777283898306e-09,16,1.5,15.0,True,True,lower_wall,0.386,-0.37378175620617,0.92413560072543,-0.37378175620617,0.4512827876584173,125.0,125.0,293.16961538903,2.4188771647893157,71,13.657675824634
hs000,0.0,226,250,125.0,4.368777283898306e-09,17,1.0,-15.0,False,False,upper_or_side_wall,0.22799999999999998,0.29525765726387,0.9329070179,0.29525765726387,1.0051676101005256,125.0,125.0,293.1615928581,14.513506603208594,53,13.282921421843
hs000,0.0,227,250,125.0,4.368777283898306e-09,17,1.0,-7.5,True,False,upper_or_side_wall,0.27399999999999997,0.14934185631033,0.98146130720874,0.14934185631033,0.9548989927335064,125.0,125.0,293.16392947016,3.811325254683357,57,13.654126813219
hs000,0.0,228,250,125.0,4.368777283898306e-09,17,1.0,0.0,True,False,upper_or_side_wall,0.321,-0.019885454842716,0.98509527056773,-0.019885454842716,0.7853323044639592,125.0,125.0,293.16631608178,2.116729432269926,61,13.65852074521
hs000,0.0,229,250,125.0,4.368777283898306e-09,17,1.0,7.5,True,False,upper_or_side_wall,0.365,-0.1711841407432,0.97829868571985,-0.1711841407432,0.6309121021151655,125.0,125.0,293.16854962725,2.68891130661693,65,13.658573231649
hs000,0.0,230,250,125.0,4.368777283898306e-09,17,1.0,15.0,True,True,lower_wall,0.417,-0.3462039130332,0.9330966239089,-0.3462039130332,0.464090282990393,125.0,125.0,293.17118836298,0.9912793377617432,70,13.657980400833
hs000,0.0,231,250,125.0,4.368777283898306e-09,17,1.25,-15.0,False,False,upper_or_side_wall,0.21,0.2963697895301,0.94163924189592,0.2963697895301,1.0105616014780807,125.0,125.0,293.16067832172,5.7947225100279685,53,13.049268266986
hs000,0.0,232,250,125.0,4.368777283898306e-09,17,1.25,-7.5,True,False,upper_or_side_wall,0.256,0.15176643756366,0.98223407134986,0.15176643756366,0.9534800794301053,125.0,125.0,293.16301523554,2.5841329875704795,57,13.654126813219
hs000,0.0,233,250,125.0,4.368777283898306e-09,17,1.25,0.0,True,False,upper_or_side_wall,0.31,-0.042685287939204,0.98398826891587,-0.042685287939204,0.7479103750440671,125.0,125.0,293.16575758524,3.223731084129988,62,13.65852074521
hs000,0.0,234,250,125.0,4.368777283898306e-09,17,1.25,7.5,True,False,lower_wall,0.361,-0.22674599459295,0.96651828093191,-0.22674599459295,0.5576427612364702,125.0,125.0,293.16834660679,0.013042064949463257,67,13.652366662868
hs000,0.0,235,250,125.0,4.368777283898306e-09,17,1.25,15.0,True,True,lower_wall,0.408,-0.38422207241981,0.9225632093943,-0.38422207241981,0.449004624324147,125.0,125.0,293.17073172916,1.2028501985733633,71,13.657675824634
hs000,0.0,236,250,125.0,4.368777283898306e-09,17,1.5,-15.0,False,False,upper_or_side_wall,0.19499999999999998,0.29529884141604,0.94604658581584,0.29529884141604,1.0145851203395784,125.0,125.0,293.15991611784,1.8215344612134865,53,13.049268266986
hs000,0.0,237,250,125.0,4.368777283898306e-09,17,1.5,-7.5,True,False,upper_or_side_wall,0.242,0.14556493285631,0.98018845417149,0.14556493285631,0.9452688819890275,125.0,125.0,293.16230408254,5.790765048815498,57,13.654126813219
hs000,0.0,238,250,125.0,4.368777283898306e-09,17,1.5,0.0,True,False,upper_or_side_wall,0.3,-0.072818915842199,0.98340047846876,-0.072818915842199,0.7006835338607431,125.0,125.0,293.16524982285,3.811521531239981,63,13.658698500043
hs000,0.0,239,250,125.0,4.368777283898306e-09,17,1.5,7.5,True,True,lower_wall,0.359,-0.2866839650703,0.94990168019728,-0.2866839650703,0.4774376541513385,125.0,125.0,293.16824509438,0.35654049155849665,68,13.657980400833
hs000,0.0,240,250,125.0,4.368777283898306e-09,17,1.5,15.0,True,True,lower_wall,0.39899999999999997,-0.43143752478039,0.90847652828554,-0.43143752478039,0.425509127001542,125.0,125.0,293.17027506586,2.435794900511862,72,13.657675824634
hs000,0.0,241,300,150.0,7.54924714657627e-09,16,1.0,-15.0,False,False,upper_or_side_wall,0.22899999999999998,0.268308355555,0.94685720495401,0.268308355555,1.0135916451433602,150.0,150.0,293.15970437998,8.106053076608228,54,15.659121920383
hs000,0.0,242,300,150.0,7.54924714657627e-09,16,1.0,-7.5,True,False,upper_or_side_wall,0.265,0.1703778627229,0.97792876878689,0.1703778627229,0.9628166163978245,150.0,150.0,293.16122875128,3.2078119087931802,57,16.384952175862
hs000,0.0,243,300,150.0,7.54924714657627e-09,16,1.0,0.0,True,False,upper_or_side_wall,0.313,0.0065848086996953,0.98636222560991,0.0065848086996953,0.8084712185933368,150.0,150.0,293.16326073605,0.8497743900899302,61,16.389545316389
hs000,0.0,244,300,150.0,7.54924714657627e-09,16,1.0,7.5,True,False,upper_or_side_wall,0.367,-0.18158431363511,0.97600420630183,-0.18158431363511,0.5892677683738805,150.0,150.0,293.165546022,2.6826195446753593,66,16.390287877979
hs000,0.0,245,300,150.0,7.54924714657627e-09,16,1.0,15.0,True,True,lower_wall,0.415,-0.36221173220788,0.92673883233046,-0.36221173220788,0.412736864610503,150.0,150.0,293.16757676797,2.935873009912769,70,16.382839995442
hs000,0.0,246,300,150.0,7.54924714657627e-09,16,1.25,-15.0,False,False,upper_or_side_wall,0.214,0.25878508941405,0.94748099121997,0.25878508941405,1.0219745242504474,150.0,150.0,293.15906912844,9.997483467396016,54,14.488553896683
hs000,0.0,247,300,150.0,7.54924714657627e-09,16,1.25,-7.5,True,False,upper_or_side_wall,0.247,0.17264144233251,0.97850126409723,0.17264144233251,0.9624031216979466,150.0,150.0,293.16046660664,2.2082506701785185,57,16.384952175862
hs000,0.0,248,300,150.0,7.54924714657627e-09,16,1.25,0.0,True,False,upper_or_side_wall,0.3,-0.015004567193295,0.98603818646826,-0.015004567193295,0.7733425216588604,150.0,150.0,293.16271046442,1.1738135317399534,61,16.390224894252
hs000,0.0,249,300,150.0,7.54924714657627e-09,16,1.25,7.5,True,False,lower_wall,0.359,-0.22330648859858,0.96734573658497,-0.22330648859858,0.5331364821727985,150.0,150.0,293.16520750767,0.11501074195393629,67,16.38997681484
hs000,0.0,250,300,150.0,7.54924714657627e-09,16,1.25,15.0,True,True,lower_wall,0.41,-0.41670627611447,0.91229820898685,-0.41670627611447,0.3774163023752683,150.0,150.0,293.16736525913,2.6044851471295885,72,16.389210989561
hs000,0.0,251,300,150.0,7.54924714657627e-09,16,1.5,-15.0,False,False,upper_or_side_wall,0.20199999999999999,0.24648622339809,0.95854479801303,0.24648622339809,1.0289027855522828,150.0,150.0,293.15856088618,2.5398266541731704,55,13.515857269636
hs000,0.0,252,300,150.0,7.54924714657627e-09,16,1.5,-7.5,True,False,upper_or_side_wall,0.23399999999999999,0.16392611611164,0.98096121310692,0.16392611611164,0.957553545101357,150.0,150.0,293.15991611784,1.480710316179502,57,16.384952175862
hs000,0.0,253,300,150.0,7.54924714657627e-09,16,1.5,0.0,True,False,upper_or_side_wall,0.291,-0.042119788869333,0.98450684964391,-0.042119788869333,0.7270846209717723,150.0,150.0,293.16232948208,2.7051503560899803,62,16.390224894252
hs000,0.0,254,300,150.0,7.54924714657627e-09,16,1.5,7.5,True,True,lower_wall,0.352,-0.26482026155347,0.95619843845537,-0.26482026155347,0.47511375437336584,150.0,150.0,293.16491129435,0.003972041580050391,68,16.389576481
hs000,0.0,255,300,150.0,7.54924714657627e-09,16,1.5,15.0,True,True,lower_wall,0.40499999999999997,-0.46516409053626,0.89983760212347,-0.46516409053626,0.35633288976474825,150.0,150.0,293.16715374395,1.9427969348988736,73,16.389058336573
hs000,0.0,256,300,150.0,7.54924714657627e-09,17,1.0,-15.0,True,False,upper_or_side_wall,0.243,0.24913775265107,0.9601188317613,0.24913775265107,0.9927298214968812,150.0,150.0,293.16029723003,0.3264596669012559,55,16.322548764039
hs000,0.0,257,300,150.0,7.54924714657627e-09,17,1.0,-7.5,True,False,upper_or_side_wall,0.292,0.090896093144299,0.98401175925233,0.090896093144299,0.8973176379868795,150.0,150.0,293.16237181446,3.2002407476700023,59,16.388544813621
hs000,0.0,258,300,150.0,7.54924714657627e-09,17,1.0,0.0,True,False,upper_or_side_wall,0.347,-0.11265397526838,0.98472639861648,-0.11265397526838,0.653047451652935,150.0,150.0,293.16469970582,2.485601383519942,64,16.390438200052
hs000,0.0,259,300,150.0,7.54924714657627e-09,17,1.0,7.5,True,True,lower_wall,0.38999999999999996,-0.26416657783989,0.95333335158579,-0.26416657783989,0.4850100746937214,150.0,150.0,293.1665191605,2.940261798625064,68,16.389576481
hs000,0.0,260,300,150.0,7.54924714657627e-09,17,1.0,15.0,True,True,lower_wall,0.438,-0.44203134243935,0.90513158730057,-0.44203134243935,0.35452526502978676,150.0,150.0,293.16854962724,2.890290562530275,72,16.389058336573
hs000,0.0,261,300,150.0,7.54924714657627e-09,17,1.25,-15.0,True,False,upper_or_side_wall,0.216,0.28185575972411,0.94504512640045,0.28185575972411,0.999584568125136,150.0,150.0,293.15915383193,6.307829809805249,54,16.146132648741
hs000,0.0,262,300,150.0,7.54924714657627e-09,17,1.25,-7.5,True,False,upper_or_side_wall,0.27299999999999996,0.094307221359859,0.9852995972516,0.094307221359859,0.8932113771062676,150.0,150.0,293.1615674559,1.9124027483999884,59,16.388544813621
hs000,0.0,263,300,150.0,7.54924714657627e-09,17,1.25,0.0,True,False,upper_or_side_wall,0.33599999999999997,-0.14436029078516,0.98376133561088,-0.14436029078516,0.6044682521230624,150.0,150.0,293.16423418878,2.5184047091002144,65,16.380753005695
hs000,0.0,264,300,150.0,7.54924714657627e-09,17,1.25,7.5,True,True,lower_wall,0.385,-0.32170663036745,0.93885902278823,-0.32170663036745,0.4161335269778872,150.0,150.0,293.16630762003,1.844063809618803,69,16.389576481
hs000,0.0,265,300,150.0,7.54924714657627e-09,17,1.25,15.0,True,True,lower_wall,0.428,-0.47908163836182,0.89749403348894,-0.47908163836182,0.3529507152813932,150.0,150.0,293.16812666139,0.5606086194129917,73,16.389058336573
hs000,0.0,266,300,150.0,7.54924714657627e-09,17,1.5,-15.0,False,False,upper_or_side_wall,0.19899999999999998,0.28839297553401,0.94220658085011,0.28839297553401,1.0040242532004677,150.0,150.0,293.15843381992,7.335726894457453,54,15.939505706211
hs000,0.0,267,300,150.0,7.54924714657627e-09,17,1.5,-7.5,True,False,upper_or_side_wall,0.258,0.089798201100785,0.98082389543439,0.089798201100785,0.8766434664178238,150.0,150.0,293.16093237144,6.388104565610009,59,16.388544813621
hs000,0.0,268,300,150.0,7.54924714657627e-09,17,1.5,0.0,True,False,upper_or_side_wall,0.327,-0.17493496986018,0.97674026704943,-0.17493496986018,0.5485728383994958,150.0,150.0,293.16385328844,3.492311103511488,65,16.390287877979
hs000,0.0,269,300,150.0,7.54924714657627e-09,17,1.5,7.5,True,True,lower_wall,0.382,-0.38773876810685,0.92143590374446,-0.38773876810685,0.34599221697064825,150.0,150.0,293.16618069272,1.3700607289169782,71,16.389210989561
hs000,0.0,270,300,150.0,7.54924714657627e-09,17,1.5,15.0,True,True,lower_wall,0.417,-0.52176779928507,0.8839571660715,-0.52176779928507,0.34421311064734444,150.0,150.0,293.16766136974,1.378374183445022,74,16.389058336573
hs025,0.25,1,40,20.0,1.7894511754847454e-11,16,1.0,-15.0,False,False,upper_or_side_wall,0.215,0.27573328421405,0.9530956844239,0.27573328421405,1.227234388348499,19.99999999485,19.99999999485,464.19866848625,0.14115279912262702,54,1.0045075993711
hs025,0.25,2,40,20.0,1.7894511754847454e-11,16,1.0,-7.5,False,False,upper_or_side_wall,0.241,0.19141847326076,0.97291671689864,0.19141847326076,1.2217458702253257,19.999918302542998,19.999918302542998,624.51066517895,3.087544499624453,56,1.024599052058
hs025,0.25,3,40,20.0,1.7894511754847454e-11,16,1.0,0.0,False,False,upper_or_side_wall,0.208,0.27015281369756,0.90034850252929,0.27015281369756,1.0287488629034758,3.9225370723758997,3.9225370723758997,1258.137632748,52.50935097693814,54,1.4324396199659
hs025,0.25,4,40,20.0,1.7894511754847454e-11,16,1.0,7.5,False,False,upper_or_side_wall,0.211,0.29032546398402,0.94279881388054,0.29032546398402,1.0275918357349678,4.0896547006426,4.0896547006426,1256.3717443759,6.258174982805842,54,1.4380245702618
hs025,0.25,5,40,20.0,1.7894511754847454e-11,16,1.0,15.0,False,False,evaporated_in_SOL,0.213,0.38223094801324,0.58224489226665,0.38223094801324,1.0150362798344494,4.6252061295557,4.6252061295557,1319.4298028429,181.68296522336834,41,1.4445885104748
hs025,0.25,6,40,20.0,1.7894511754847454e-11,16,1.25,-15.0,False,False,upper_or_side_wall,0.19699999999999998,0.28255578970252,0.94884618328567,0.28255578970252,1.2182020197324146,19.999999993569,19.999999993569,467.89591757669,2.4560869749376146,54,1.00450759937
hs025,0.25,7,40,20.0,1.7894511754847454e-11,16,1.25,-7.5,False,False,upper_or_side_wall,0.22399999999999998,0.19266423361644,0.97079289786611,0.19266423361644,1.2163433543641313,19.999895381658998,19.999895381658998,630.86273132516,4.811098612347025,56,1.0421607506438
hs025,0.25,8,40,20.0,1.7894511754847454e-11,16,1.25,0.0,False,False,upper_or_side_wall,0.192,0.27299207823397,0.93985761507265,0.27299207823397,1.0294375641142541,4.4954372308321,4.4954372308321,1256.3717434118,13.635130836461403,54,1.462245347154
hs025,0.25,9,40,20.0,1.7894511754847454e-11,16,1.25,7.5,False,False,upper_or_side_wall,0.19599999999999998,0.29038679229068,0.93793370026642,0.29038679229068,1.0249142412439571,3.8770342067622003,3.8770342067622003,1256.3717445319,10.937509764948945,54,1.4390066839717
hs025,0.25,10,40,20.0,1.7894511754847454e-11,16,1.25,15.0,False,False,evaporated_in_SOL,0.19999999999999998,0.37545433259025,0.5899642177952,0.37545433259025,1.0144653929191187,3.3614894578046,3.3614894578046,1319.2099639953,185.0174836479916,41,1.4566558078625
hs025,0.25,11,40,20.0,1.7894511754847454e-11,16,1.5,-15.0,False,False,upper_or_side_wall,0.185,0.27505356012802,0.95086993529566,0.27505356012802,1.2090078829898787,19.999999989969,19.999999989969,474.58778641595,2.4672264531008627,54,1.0045075993695
hs025,0.25,12,40,20.0,1.7894511754847454e-11,16,1.5,-7.5,False,False,upper_or_side_wall,0.209,0.19204848853449,0.97026113000348,0.19204848853449,1.2066498634568272,19.962688147036,19.962688147036,801.41175187713,5.485534714360869,56,1.2391740338757
hs025,0.25,13,40,20.0,1.7894511754847454e-11,16,1.5,0.0,False,False,upper_or_side_wall,0.177,0.28970906796891,0.90563507895918,0.28970906796891,1.031361651315388,5.2501468047908,5.2501468047908,1226.7579676874,42.2868281805223,53,1.4628716505266
hs025,0.25,14,40,20.0,1.7894511754847454e-11,16,1.5,7.5,False,False,upper_or_side_wall,0.182,0.29939622219202,0.88534877362951,0.29939622219202,1.023445813524947,3.6561146545606,3.6561146545606,1256.3717445209,59.329071788053334,53,1.4451205983205
hs025,0.25,15,40,20.0,1.7894511754847454e-11,16,1.5,15.0,False,False,evaporated_in_SOL,0.188,0.36996710192052,0.59594054036892,0.36996710192052,1.012118115643878,3.037410180003,3.037410180003,1319.4298039115,188.17258495133896,41,1.4485322596367
hs025,0.25,16,40,20.0,1.7894511754847454e-11,17,1.0,-15.0,False,False,upper_or_side_wall,0.236,0.22100368847877,0.96345031638717,0.22100368847877,1.2123860002911708,19.999975522699998,19.999975522699998,600.18052671002,4.477474736337877,55,1.0245990502467
hs025,0.25,17,40,20.0,1.7894511754847454e-11,17,1.0,-7.5,False,False,upper_or_side_wall,0.215,0.21073201778076,0.96959024323289,0.21073201778076,1.0285397064085997,3.5033241673076003,3.5033241673076003,1258.1398923609,1.2411503570714735,56,1.4210687037391
hs025,0.25,18,40,20.0,1.7894511754847454e-11,17,1.0,0.0,False,False,upper_or_side_wall,0.209,0.30218780882034,0.94388253750076,0.30218780882034,1.0312236274937037,4.860503307247201,4.860503307247201,1256.3717434117,2.1063660695502398,53,1.4636470205918
hs025,0.25,19,40,20.0,1.7894511754847454e-11,17,1.0,7.5,False,False,upper_or_side_wall,0.215,0.29278815978368,0.91149750374842,0.29278815978368,1.0238782866762102,3.2745858216409,3.2745858216409,1256.3717444064,35.82272458266879,53,1.4446850025074
hs025,0.25,20,40,20.0,1.7894511754847454e-11,17,1.0,15.0,False,False,evaporated_in_SOL,0.219,0.37647493492155,0.58830773146116,0.37647493492155,1.0132335122070686,4.1632932458759,4.1632932458759,1319.2099639953,184.66234406497486,41,1.4526477808554
hs025,0.25,21,40,20.0,1.7894511754847454e-11,17,1.25,-15.0,False,False,upper_or_side_wall,0.205,0.27310440474136,0.9518008799988,0.27310440474136,1.2066295737787858,19.999964340785,19.999964340785,609.0735159304,2.079101144903458,54,1.3375189318145
hs025,0.25,22,40,20.0,1.7894511754847454e-11,17,1.25,-7.5,False,False,upper_or_side_wall,0.19899999999999998,0.21459081517805,0.94270601610325,0.21459081517805,1.0292391465544475,3.6859199922481998,3.6859199922481998,1228.6356971475,26.17717042843741,55,1.4422711773982
hs025,0.25,23,40,20.0,1.7894511754847454e-11,17,1.25,0.0,False,False,upper_or_side_wall,0.192,0.31921859452003,0.87415622681954,0.31921859452003,1.0289861795295707,4.7477767230069,4.7477767230069,1256.3717421379,64.94109334411819,52,1.4637223913596
hs025,0.25,24,40,20.0,1.7894511754847454e-11,17,1.25,7.5,False,False,evaporated_in_SOL,0.19499999999999998,0.3810252573997,0.59041195789952,0.3810252573997,1.0190491064672227,3.0591496781716,3.0591496781716,1287.1199304824,179.65811010895325,41,1.4442004430611
hs025,0.25,25,40,20.0,1.7894511754847454e-11,17,1.25,15.0,False,False,evaporated_in_SOL,0.206,0.36658424336964,0.5998049329755,0.36658424336964,1.0115387090594299,2.5507305726358,2.5507305726358,1319.2099647186,190.21105865434504,41,1.4502988697104
hs025,0.25,26,40,20.0,1.7894511754847454e-11,17,1.5,-15.0,False,False,upper_or_side_wall,0.181,0.30669618619722,0.94186299732874,0.30669618619722,1.2009666662275058,19.999917610152,19.999917610152,628.35998920293,2.8750353591318065,53,1.3402588435281
hs025,0.25,27,40,20.0,1.7894511754847454e-11,17,1.5,-7.5,False,False,upper_or_side_wall,0.184,0.22363219475627,0.9394511084508,0.22363219475627,1.031802462049655,4.117494195374,4.117494195374,1228.6356978019,26.95124502174128,55,1.4448836768018
hs025,0.25,28,40,20.0,1.7894511754847454e-11,17,1.5,0.0,False,False,upper_or_side_wall,0.178,0.31878625318124,0.88996612703762,0.31878625318124,1.027767759451898,4.6217341378534,4.6217341378534,1256.3530268869,49.79594778135668,53,1.4637137307775
hs025,0.25,29,40,20.0,1.7894511754847454e-11,17,1.5,7.5,False,False,evaporated_in_SOL,0.181,0.38866295355891,0.57474843514242,0.38866295355891,1.0161398446082985,5.4184772428131005,5.4184772428131005,1287.1199316332,179.08312510510112,41,1.4480117665088
hs025,0.25,30,40,20.0,1.7894511754847454e-11,17,1.5,15.0,False,False,evaporated_in_SOL,0.193,0.36796706444146,0.59806668518083,0.36796706444146,1.0112989286957659,7.3234569466344,7.3234569466344,1319.2099647186,189.411833615106,41,1.4525185530975
hs025,0.25,31,60,30.0,6.039397717261016e-11,16,1.0,-15.0,False,False,upper_or_side_wall,0.243,0.18649372477419,0.97546790306824,0.18649372477419,1.2098699690629868,29.999999894625997,29.999999894625997,506.00545989926,1.914793412777218,56,1.5067613990673
hs025,0.25,32,60,30.0,6.039397717261016e-11,16,1.0,-7.5,False,False,upper_or_side_wall,0.292,0.023428608245136,0.98533979414035,0.023428608245136,1.143746843222669,27.72979073149,27.72979073149,994.40941913583,1.872205859649978,60,2.1088079512824
hs025,0.25,33,60,30.0,6.039397717261016e-11,16,1.0,0.0,False,False,upper_or_side_wall,0.21,0.30684083225871,0.91779366940824,0.30684083225871,1.0300351038154538,10.454451785271,10.454451785271,1256.3717447942,26.066823071614387,53,2.1956046930356
hs025,0.25,34,60,30.0,6.039397717261016e-11,16,1.0,7.5,False,False,upper_or_side_wall,0.215,0.3022261522417,0.92449121992909,0.3022261522417,1.0214207001084565,7.084288723949101,7.084288723949101,1287.1199313999,20.8111706249988,53,2.1969556194574
hs025,0.25,35,60,30.0,6.039397717261016e-11,16,1.0,15.0,False,False,evaporated_in_SOL,0.216,0.37988128056603,0.5828818388715,0.37988128056603,1.009413899908787,7.4862156826273,7.4862156826273,1336.0194517069,183.5805411967961,41,2.2358232398212
hs025,0.25,36,60,30.0,6.039397717261016e-11,16,1.25,-15.0,False,False,upper_or_side_wall,0.19799999999999998,0.28719913982727,0.94759765132318,0.28719913982727,1.2017193697823076,29.999999844254997,29.999999844254997,512.79397750309,2.445305360853673,54,2.0272812988813
hs025,0.25,37,60,30.0,6.039397717261016e-11,16,1.25,-7.5,False,False,upper_or_side_wall,0.257,0.081884411824985,0.98567256562586,0.081884411824985,1.158613799135511,28.373287136877,28.373287136877,982.52367392837,1.5394343741399474,59,2.1088079503817
hs025,0.25,38,60,30.0,6.039397717261016e-11,16,1.25,0.0,False,False,upper_or_side_wall,0.19399999999999998,0.30878164083654,0.93180606052588,0.30878164083654,1.028042684410177,10.218017313625,10.218017313625,1256.2991387573,12.035102058214648,53,2.1964220216349
hs025,0.25,39,60,30.0,6.039397717261016e-11,16,1.25,7.5,False,False,upper_or_side_wall,0.19999999999999998,0.29809503790868,0.92841272971541,0.29809503790868,1.0193311073244475,6.1179088797468,6.1179088797468,1287.1199316968,18.108104724471765,53,2.191147148902
hs025,0.25,40,60,30.0,6.039397717261016e-11,16,1.25,15.0,False,False,evaporated_in_SOL,0.20299999999999999,0.37160628262362,0.59221392187326,0.37160628262362,1.0069674998221463,4.6461775782911,4.6461775782911,1336.0194519195,187.84642003350157,41,2.2468060807899
hs025,0.25,41,60,30.0,6.039397717261016e-11,16,1.5,-15.0,False,False,upper_or_side_wall,0.18,0.29968505685903,0.94547336104022,0.29968505685903,1.1948421559128406,29.999999433483,29.999999433483,533.19464489149,1.2263290165507013,53,2.0272812988813
hs025,0.25,42,60,30.0,6.039397717261016e-11,16,1.5,-7.5,False,False,upper_or_side_wall,0.239,0.089865898629829,0.98686049768697,0.089865898629829,1.1566357211876155,28.340522669657,28.340522669657,982.54493010506,0.35150231302993884,59,2.1634069256587
hs025,0.25,43,60,30.0,6.039397717261016e-11,16,1.5,0.0,False,False,upper_or_side_wall,0.179,0.31804434211661,0.90136295144042,0.31804434211661,1.0264656418471598,9.9469812471212,9.9469812471212,1256.3717436891,38.99095895025256,53,2.2010430532725
hs025,0.25,44,60,30.0,6.039397717261016e-11,16,1.5,7.5,False,False,upper_or_side_wall,0.186,0.29830357046026,0.89785614216382,0.29830357046026,1.0160901597404264,5.2514796807474005,5.2514796807474005,1287.1199322754,47.54411423888154,53,2.2013550739166
hs025,0.25,45,60,30.0,6.039397717261016e-11,16,1.5,15.0,False,False,evaporated_in_SOL,0.191,0.36418899209464,0.6003613406266,0.36418899209464,1.0047127084395482,3.1236620824676002,3.1236620824676002,1335.2611958662,192.34075294192468,41,2.2561166201334
hs025,0.25,46,60,30.0,6.039397717261016e-11,17,1.0,-15.0,False,False,upper_or_side_wall,0.244,0.20223098677503,0.97200066032856,0.20223098677503,1.1876811897336559,29.923809721331,29.923809721331,827.02986488701,1.1406276724679103,56,2.0062783977265
hs025,0.25,47,60,30.0,6.039397717261016e-11,17,1.0,-7.5,False,False,upper_or_side_wall,0.212,0.29823211241629,0.94290089089507,0.29823211241629,1.035055802863482,11.920938567779,11.920938567779,1226.7579670291,4.089478759463359,53,2.1955975225531
hs025,0.25,48,60,30.0,6.039397717261016e-11,17,1.0,0.0,False,False,upper_or_side_wall,0.213,0.31463154085164,0.93257181385614,0.31463154085164,1.024151102754637,8.9102145274204,8.9102145274204,1285.554446815,9.764395996913215,53,2.200869269268
hs025,0.25,49,60,30.0,6.039397717261016e-11,17,1.0,7.5,False,False,upper_or_side_wall,0.219,0.29707750903725,0.89394130563748,0.29707750903725,1.015901519035672,5.1529186811498,5.1529186811498,1287.1199316301,51.64339711317965,53,2.2003760545032
hs025,0.25,50,60,30.0,6.039397717261016e-11,17,1.0,15.0,False,False,evaporated_in_SOL,0.222,0.36952330022455,0.59458857190997,0.36952330022455,1.006557282610443,4.0243866874198,4.0243866874198,1335.2611959647,189.02646588246137,41,2.2497541965305
hs025,0.25,51,60,30.0,6.039397717261016e-11,17,1.25,-15.0,False,False,upper_or_side_wall,0.22,0.22763575576338,0.96554052020127,0.22763575576338,1.1872421931971604,29.987938904371003,29.987938904371003,757.17377210435,0.7237290409731586,55,2.0103882652923
hs025,0.25,52,60,30.0,6.039397717261016e-11,17,1.25,-7.5,False,False,upper_or_side_wall,0.19599999999999998,0.29711902258057,0.94654334566058,0.29711902258057,1.0358294899223182,12.077034353417,12.077034353417,1226.7579577211,0.8655302833145836,53,2.1955955371775
hs025,0.25,53,60,30.0,6.039397717261016e-11,17,1.25,0.0,False,False,upper_or_side_wall,0.19599999999999998,0.32422539005722,0.88354772504677,0.32422539005722,1.0228212631385292,8.0717302865467,8.0717302865467,1285.5560898455,54.566287471911714,52,2.2047916814602
hs025,0.25,54,60,30.0,6.039397717261016e-11,17,1.25,7.5,False,False,evaporated_in_SOL,0.19799999999999998,0.37826090621479,0.59134159642364,0.37826090621479,1.0130685988876205,3.7712418925596,3.7712418925596,1319.4298035716,181.90481486047216,41,2.223615932427
hs025,0.25,55,60,30.0,6.039397717261016e-11,17,1.25,15.0,False,False,evaporated_in_SOL,0.208,0.36664767978193,0.59701682805612,0.36664767978193,1.003521471453796,7.663547855071701,7.663547855071701,1335.2611958662,190.98917373295222,41,2.254262957263
hs025,0.25,56,60,30.0,6.039397717261016e-11,17,1.5,-15.0,False,False,upper_or_side_wall,0.20299999999999999,0.23461041766987,0.9628707761967,0.23461041766987,1.1826240795265326,29.99115242053,29.99115242053,748.39093115134,1.4741777470511268,55,2.0103882652923
hs025,0.25,57,60,30.0,6.039397717261016e-11,17,1.5,-7.5,False,False,upper_or_side_wall,0.181,0.30351377723325,0.92566830306041,0.30351377723325,1.03560954597533,12.27750576769,12.27750576769,1226.75796716,19.33801450296709,53,2.2650914485599
hs025,0.25,58,60,30.0,6.039397717261016e-11,17,1.5,0.0,False,False,upper_or_side_wall,0.182,0.32059857957723,0.90505953983182,0.32059857957723,1.0212056660148734,7.3830189190071,7.3830189190071,1287.119930713,34.754557156777416,53,2.2058006087159
hs025,0.25,59,60,30.0,6.039397717261016e-11,17,1.5,7.5,False,False,evaporated_in_SOL,0.184,0.38221279807991,0.58079275669798,0.38221279807991,1.008995828682788,5.4982689362396,5.4982689362396,1319.429803936,182.2917715354792,41,2.2256412940052
hs025,0.25,60,60,30.0,6.039397717261016e-11,17,1.5,15.0,True,False,evaporated_inside_lcfs,0.19599999999999998,0.35684480717334,0.60684711324539,0.35684480717334,0.9982620284932086,5.5755322174001,5.5755322174001,1353.3875266074,197.6819664088589,41,2.2575484530364
hs025,0.25,61,80,40.0,1.4315609403877963e-10,16,1.0,-15.0,False,False,upper_or_side_wall,0.23099999999999998,0.23656958853915,0.96045147915612,0.23656958853915,1.1972903051756167,39.999997490474996,39.999997490474996,555.73006882166,3.2961113118759355,55,2.6805176870564
hs025,0.25,62,80,40.0,1.4315609403877963e-10,16,1.0,-7.5,False,False,upper_or_side_wall,0.22399999999999998,0.22360617003105,0.96538834833299,0.22360617003105,1.0390158231668285,19.105242589028,19.105242589028,1228.0064681114,1.9256498205628676,55,2.9274382093342
hs025,0.25,63,80,40.0,1.4315609403877963e-10,16,1.0,0.0,False,False,upper_or_side_wall,0.212,0.31512148377495,0.92089345072502,0.31512148377495,1.0233411208474859,14.364245445231,14.364245445231,1285.5561258324,20.907074227511053,53,2.9511205391743
hs025,0.25,64,80,40.0,1.4315609403877963e-10,16,1.0,7.5,False,False,upper_or_side_wall,0.218,0.29543571911005,0.94539533416686,0.29543571911005,1.014264829751437,7.2098397635756,7.2098397635756,1319.429803936,2.4142285607971723,53,2.9702739666095
hs025,0.25,65,80,40.0,1.4315609403877963e-10,16,1.0,15.0,False,False,evaporated_in_SOL,0.218,0.37755131009479,0.58257461447838,0.37755131009479,1.0013465993527384,9.1676028695168,9.1676028695168,1354.4369961717,185.84219985018672,41,3.0095567342023
hs025,0.25,66,80,40.0,1.4315609403877963e-10,16,1.25,-15.0,False,False,upper_or_side_wall,0.21,0.25117498958882,0.95756961322898,0.25117498958882,1.191392248133516,39.99999810088,39.99999810088,551.57523492204,2.2533424963873614,55,2.7030417318417
hs025,0.25,67,80,40.0,1.4315609403877963e-10,16,1.25,-7.5,False,False,upper_or_side_wall,0.209,0.22138081212409,0.95050427955219,0.22138081212409,1.0420243531374842,19.704055366604003,19.704055366604003,1200.2554890948,16.873142602466775,55,2.9955369448884
hs025,0.25,68,80,40.0,1.4315609403877963e-10,16,1.25,0.0,False,False,upper_or_side_wall,0.19599999999999998,0.31594957831772,0.92717606794536,0.31594957831772,1.0217800161004855,13.505388070252,13.505388070252,1287.1197872378,14.62681039286506,53,2.9412487698267
hs025,0.25,69,80,40.0,1.4315609403877963e-10,16,1.25,7.5,False,False,upper_or_side_wall,0.20199999999999999,0.29448514534355,0.91313613754117,0.29448514534355,1.0113493128091828,4.8261050288241,4.8261050288241,1319.4298040272,33.7969372044933,53,2.9965680530296
hs025,0.25,70,80,40.0,1.4315609403877963e-10,16,1.25,15.0,True,False,evaporated_inside_lcfs,0.204,0.37506810960006,0.58492869193615,0.37506810960006,0.99987711476396,12.195290606062,12.195290606062,1386.1852728736,187.22442641818478,41,3.0439303124887
hs025,0.25,71,80,40.0,1.4315609403877963e-10,16,1.5,-15.0,False,False,upper_or_side_wall,0.19599999999999998,0.24870146006514,0.95769124396315,0.24870146006514,1.1842587097897275,39.999993173027995,39.999993173027995,574.73008534456,2.7835936411961786,55,2.7030417318417
hs025,0.25,72,80,40.0,1.4315609403877963e-10,16,1.5,-7.5,False,False,upper_or_side_wall,0.19399999999999998,0.2241511624384,0.95903196488796,0.2241511624384,1.042360243060093,20.167954621283002,20.167954621283002,1200.2554888279,7.917594208810892,55,2.9955369448983
hs025,0.25,73,80,40.0,1.4315609403877963e-10,16,1.5,0.0,False,False,upper_or_side_wall,0.181,0.32320106532095,0.89442988300062,0.32320106532095,1.0198399264759839,12.656747849064,12.656747849064,1286.7415595714,44.3319796395234,52,2.9545371036351
hs025,0.25,74,80,40.0,1.4315609403877963e-10,16,1.5,7.5,False,False,evaporated_in_SOL,0.182,0.37909085003442,0.58970749393098,0.37909085003442,1.007462072931762,5.0135290215409,5.0135290215409,1319.4298042152,181.71626528828799,41,3.0024175545448
hs025,0.25,75,80,40.0,1.4315609403877963e-10,16,1.5,15.0,True,False,evaporated_inside_lcfs,0.192,0.36740043027558,0.59310263109412,0.36740043027558,0.9946276800546294,8.5251836651948,8.5251836651948,1386.1852728666,191.51724324923003,41,3.0553425506297
hs025,0.25,76,80,40.0,1.4315609403877963e-10,17,1.0,-15.0,False,False,upper_or_side_wall,0.32999999999999996,-0.065778458032179,0.98458274609142,-0.065778458032179,1.1206810364804527,33.933614002901,33.933614002901,1027.9250378025,2.6292539085799316,63,2.9955369448885
hs025,0.25,77,80,40.0,1.4315609403877963e-10,17,1.0,-7.5,False,False,upper_or_side_wall,0.212,0.32257171280043,0.90891209416313,0.32257171280043,1.0288533152895734,17.14976419659,17.14976419659,1254.0826019671,30.51977958811615,53,3.0201385632503
hs025,0.25,78,80,40.0,1.4315609403877963e-10,17,1.0,0.0,False,False,upper_or_side_wall,0.215,0.32109305301374,0.89233582959043,0.32109305301374,1.0177109936091244,11.308023086203,11.308023086203,1287.1199311699,46.90492710246676,52,2.97864932841
hs025,0.25,79,80,40.0,1.4315609403877963e-10,17,1.0,7.5,False,False,evaporated_in_SOL,0.215,0.37788119013267,0.5908913612391,0.37788119013267,1.0077552656608537,5.382938648637,5.382938648637,1319.4298042548,182.41955796574092,41,3.0022440966172
hs025,0.25,80,80,40.0,1.4315609403877963e-10,17,1.0,15.0,True,False,evaporated_inside_lcfs,0.223,0.37196133136258,0.58830328441972,0.37196133136258,0.9978257087881109,9.6939191408198,9.6939191408198,1386.185272875,188.87303000624982,41,3.039050172123
hs025,0.25,81,80,40.0,1.4315609403877963e-10,17,1.25,-15.0,False,False,upper_or_side_wall,0.247,0.13445026702213,0.98563592105054,0.13445026702213,1.159556698745073,38.459032185275,38.459032185275,982.52383975986,1.5760789494599914,58,3.1965138531923
hs025,0.25,82,80,40.0,1.4315609403877963e-10,17,1.25,-7.5,False,False,upper_or_side_wall,0.19599999999999998,0.32210018571794,0.91184150851872,0.32210018571794,1.0299062202291909,17.661995380310003,17.661995380310003,1254.0826021727,27.816017878991428,53,3.0201385812697
hs025,0.25,83,80,40.0,1.4315609403877963e-10,17,1.25,0.0,False,False,upper_or_side_wall,0.19899999999999998,0.31740437974301,0.90665968794159,0.31740437974301,1.0158190158243658,8.812365404337,8.812365404337,1319.6734092386,34.04656108617217,53,2.9659511064051
hs025,0.25,84,80,40.0,1.4315609403877963e-10,17,1.25,7.5,False,False,evaporated_in_SOL,0.19899999999999998,0.38471100121779,0.57504643557394,0.38471100121779,1.004484807190139,9.1014582052304,9.1014582052304,1336.0194519905,182.4845999451504,41,3.0087508981455
hs025,0.25,85,80,40.0,1.4315609403877963e-10,17,1.25,15.0,True,False,evaporated_inside_lcfs,0.209,0.36709531479488,0.59435670568611,0.36709531479488,0.997248321874123,14.497710774008999,14.497710774008999,1353.3940751946,191.39973558653926,41,3.1273818803413
hs025,0.25,86,80,40.0,1.4315609403877963e-10,17,1.5,-15.0,False,False,upper_or_side_wall,0.215,0.19670563573897,0.97201081407503,0.19670563573897,1.1646722376894774,39.180972982176996,39.180972982176996,965.08828351926,2.5775185380681473,56,3.2712779339183
hs025,0.25,87,80,40.0,1.4315609403877963e-10,17,1.5,-7.5,False,False,upper_or_side_wall,0.182,0.31939517184617,0.93046865764055,0.31939517184617,1.0301518319757619,17.939560505933,17.939560505933,1253.9873474934,10.546931863907133,53,3.020138579666
hs025,0.25,88,80,40.0,1.4315609403877963e-10,17,1.5,0.0,False,False,upper_or_side_wall,0.185,0.31006834221541,0.93996186601345,0.31006834221541,1.0139672903916872,7.0968328219567,7.0968328219567,1319.6734092857,3.826920846697519,53,2.9762394762698
hs025,0.25,89,80,40.0,1.4315609403877963e-10,17,1.5,7.5,True,False,evaporated_inside_lcfs,0.185,0.38565438739849,0.57178660109017,0.38565438739849,0.9997497964123767,11.939427792166999,11.939427792166999,1354.4339437123,183.11041878106167,41,3.0092101781644
hs025,0.25,90,80,40.0,1.4315609403877963e-10,17,1.5,15.0,True,False,evaporated_inside_lcfs,0.19699999999999998,0.35753447515201,0.60356988380003,0.35753447515201,0.9907410699046678,9.2499285540295,9.2499285540295,1386.1852728666,197.85258112815117,41,3.1188295952611
hs025,0.25,91,100,50.0,2.796017461694915e-10,16,1.0,-15.0,False,False,upper_or_side_wall,0.248,0.180002383875,0.97657873599657,0.180002383875,1.1871334479901898,49.999767241982,49.999767241982,644.94419392842,2.5423256984057185,56,3.3788021648021
hs025,0.25,92,100,50.0,2.796017461694915e-10,16,1.0,-7.5,False,False,upper_or_side_wall,0.217,0.28151459066512,0.92498134930148,0.28151459066512,1.032919360684006,25.90901978347,25.90901978347,1226.757968878,25.7610017909778,54,3.775173109955
hs025,0.25,93,100,50.0,2.796017461694915e-10,16,1.0,0.0,False,False,upper_or_side_wall,0.214,0.31557949859051,0.92368867192752,0.31557949859051,1.0171095743627006,17.42240562428,17.42240562428,1287.1189270195,18.089444399775275,53,3.7416953399067
hs025,0.25,94,100,50.0,2.796017461694915e-10,16,1.0,7.5,False,False,evaporated_in_SOL,0.212,0.38075456715265,0.58897278936392,0.38075456715265,1.0066743556852524,6.2715328831886,6.2715328831886,1336.0194519751,180.43786307954494,41,3.7634943439311
hs025,0.25,95,100,50.0,2.796017461694915e-10,16,1.0,15.0,True,False,evaporated_inside_lcfs,0.219,0.37861294202081,0.57807166574878,0.37861294202081,0.9927060959927462,12.190310012551,12.190310012551,1387.0534851163,186.6947289450045,41,3.9351183855383
hs025,0.25,96,100,50.0,2.796017461694915e-10,16,1.25,-15.0,False,False,upper_or_side_wall,0.22799999999999998,0.19048348030434,0.97358544357327,0.19048348030434,1.1815883351860932,49.99989491653,49.99989491653,627.93508336034,2.686953744670225,56,3.3788021648021
hs025,0.25,97,100,50.0,2.796017461694915e-10,16,1.25,-7.5,False,False,upper_or_side_wall,0.20199999999999999,0.27509561648887,0.94813808105404,0.27509561648887,1.0342826600332908,26.277953574109002,26.277953574109002,1226.7579688909,5.092767375104945,54,3.7751731669338
hs025,0.25,98,100,50.0,2.796017461694915e-10,16,1.25,0.0,False,False,upper_or_side_wall,0.19799999999999998,0.31565187966999,0.92549615812516,0.31565187966999,1.016083396555132,14.719121988804,14.719121988804,1319.6734093746,16.32606168266177,53,3.733684471972
hs025,0.25,99,100,50.0,2.796017461694915e-10,16,1.25,7.5,False,False,evaporated_in_SOL,0.19599999999999998,0.3880957366013,0.57075913899582,0.3880957366013,1.0025199469235275,10.486683448372,10.486683448372,1336.019452026,181.42324740206146,41,3.8502488700379
hs025,0.25,100,100,50.0,2.796017461694915e-10,16,1.25,15.0,True,False,evaporated_inside_lcfs,0.205,0.37478958430688,0.58279553345518,0.37478958430688,0.9932448317552702,15.86576618359,15.86576618359,1386.1852728704,188.29833655445688,41,3.8674775027031
hs025,0.25,101,100,50.0,2.796017461694915e-10,16,1.5,-15.0,False,False,upper_or_side_wall,0.19999999999999998,0.23942851743458,0.9612306290339,0.23942851743458,1.1739309870133918,49.999688037984,49.999688037984,654.36650226288,1.795595374685228,55,4.1368703967408
hs025,0.25,102,100,50.0,2.796017461694915e-10,16,1.5,-7.5,False,False,upper_or_side_wall,0.187,0.27944304892143,0.94236833040383,0.27944304892143,1.0346371277122681,26.634415541006,26.634415541006,1226.7579686152,9.522959451549797,54,3.9956423165069
hs025,0.25,103,100,50.0,2.796017461694915e-10,16,1.5,0.0,False,False,upper_or_side_wall,0.183,0.32106338425051,0.89508301943711,0.32106338425051,1.0137635648782206,12.46349325243,12.46349325243,1319.673409398,44.261343987862595,53,3.748444257613
hs025,0.25,104,100,50.0,2.796017461694915e-10,16,1.5,7.5,True,False,evaporated_inside_lcfs,0.183,0.38394943741442,0.57415120361993,0.38394943741442,0.9980245602207488,5.6622336079235,5.6622336079235,1354.4369961717,183.56411941767033,41,3.8085047268439
hs025,0.25,105,100,50.0,2.796017461694915e-10,16,1.5,15.0,True,False,evaporated_inside_lcfs,0.193,0.36700365812913,0.59087611551419,0.36700365812913,0.9870259422290301,10.565090113112,10.565090113112,1422.7978828452,192.63051339148203,41,4.0860685434018
hs025,0.25,106,100,50.0,2.796017461694915e-10,17,1.0,-15.0,False,False,upper_or_side_wall,0.23299999999999998,0.21547707369468,0.96897713672232,0.21547707369468,1.047690580809728,28.928138085809,28.928138085809,1200.2554488765,0.5904809537232907,56,3.995642316506
hs025,0.25,107,100,50.0,2.796017461694915e-10,17,1.0,-7.5,False,False,upper_or_side_wall,0.214,0.32373215505466,0.92213737260853,0.32373215505466,1.0238188588750874,22.563386776691,22.563386776691,1254.0826033843,17.452034097721793,53,3.7751732347781
hs025,0.25,108,100,50.0,2.796017461694915e-10,17,1.0,0.0,False,False,upper_or_side_wall,0.217,0.31578509884047,0.89505653954917,0.31578509884047,1.0111280709455976,9.4518746447293,9.4518746447293,1319.6734095584,45.66890186497234,53,3.7451143088581
hs025,0.25,109,100,50.0,2.796017461694915e-10,17,1.0,7.5,True,False,evaporated_inside_lcfs,0.216,0.38199324379371,0.57732133039707,0.38199324379371,0.9993231477342062,7.2408059475480995,7.2408059475480995,1354.4369948131,183.9448403073784,41,3.8071111377814
hs025,0.25,110,100,50.0,2.796017461694915e-10,17,1.0,15.0,True,False,evaporated_inside_lcfs,0.22399999999999998,0.37133979834445,0.58626475925364,0.37133979834445,0.9901941658061598,11.927693864789,11.927693864789,1386.1859177437,190.18888638934465,41,4.0645066446815
hs025,0.25,111,100,50.0,2.796017461694915e-10,17,1.25,-15.0,False,False,upper_or_side_wall,0.3,-0.035432539540462,0.98481680816577,-0.035432539540462,1.105573589848868,40.507528429603006,40.507528429603006,1073.7067508863,2.3951918342299816,62,4.0890974174036
hs025,0.25,112,100,50.0,2.796017461694915e-10,17,1.25,-7.5,False,False,upper_or_side_wall,0.19699999999999998,0.3291261731087,0.90059202157357,0.3291261731087,1.0247352344675706,22.833670677038,22.833670677038,1254.0826031494,36.83342495216513,52,3.7751732347164
hs025,0.25,113,100,50.0,2.796017461694915e-10,17,1.25,0.0,False,False,upper_or_side_wall,0.20099999999999998,0.30733128235306,0.92245058483266,0.30733128235306,1.0095206070758178,6.529404644455499,6.529404644455499,1336.0194519199,21.443952490770737,53,3.7613348407331
hs025,0.25,114,100,50.0,2.796017461694915e-10,17,1.25,7.5,True,False,evaporated_inside_lcfs,0.19999999999999998,0.38537674722209,0.56993881702748,0.38537674722209,0.9945062458619163,11.357056978017,11.357056978017,1387.0534851164,184.21056829940804,41,3.8507978621545
hs025,0.25,115,100,50.0,2.796017461694915e-10,17,1.25,15.0,True,False,evaporated_inside_lcfs,0.21,0.36552791564256,0.59370099072148,0.36552791564256,0.9897399395652212,16.347391660709,16.347391660709,1386.1852728666,193.09467100871592,41,4.1707436603867
hs025,0.25,116,100,50.0,2.796017461694915e-10,17,1.5,-15.0,False,False,upper_or_side_wall,0.238,0.11607777205536,0.98163739799522,0.11607777205536,1.1406978638486305,47.065913804172,47.065913804172,1027.8922786915,5.574602004779994,58,4.136870396745
hs025,0.25,117,100,50.0,2.796017461694915e-10,17,1.5,-7.5,False,False,upper_or_side_wall,0.183,0.32598648140985,0.92627777893828,0.32598648140985,1.0242949229529368,22.914135853975,22.914135853975,1254.0826032973,12.865822185903095,53,3.7751732348283
hs025,0.25,118,100,50.0,2.796017461694915e-10,17,1.5,0.0,False,False,evaporated_in_SOL,0.179,0.39300868713688,0.57072698008679,0.39300868713688,1.0073041719991167,6.6716937920267,6.6716937920267,1337.0761035897,177.1129926168659,41,3.7695970801717
hs025,0.25,119,100,50.0,2.796017461694915e-10,17,1.5,7.5,True,False,evaporated_inside_lcfs,0.186,0.38531106557634,0.56879148865658,0.38531106557634,0.9915827327059863,13.804436324346,13.804436324346,1387.0534851163,184.80571342155253,41,4.0120073667139
hs025,0.25,120,100,50.0,2.796017461694915e-10,17,1.5,15.0,True,False,evaporated_inside_lcfs,0.19799999999999998,0.35602062496281,0.60260250679568,0.35602062496281,0.9825133316438323,9.164048992177799,9.164048992177799,1422.7978828452,199.5686497611482,41,4.1340001186093
hs025,0.25,121,125,62.5,5.460971604872881e-10,16,1.0,-15.0,False,False,upper_or_side_wall,0.27299999999999996,0.095795236119739,0.98638824109801,0.095795236119739,1.1588527897598495,61.207791995993,61.207791995993,977.30637111708,0.823758901989935,59,4.9945528956282
hs025,0.25,122,125,62.5,5.460971604872881e-10,16,1.0,-7.5,False,False,upper_or_side_wall,0.216,0.2980657923388,0.94262745162834,0.2980657923388,1.0253871675329196,32.20433180948,32.20433180948,1256.3717453482,4.396926207828419,53,4.7189665433477
hs025,0.25,123,125,62.5,5.460971604872881e-10,16,1.0,0.0,False,False,upper_or_side_wall,0.216,0.31441510870837,0.91207026093672,0.31441510870837,1.0103389343655942,16.087862329838,16.087862329838,1319.6734097488,29.607412229337765,53,4.7086764590632
hs025,0.25,124,125,62.5,5.460971604872881e-10,16,1.0,7.5,True,False,evaporated_inside_lcfs,0.212,0.3918399392674,0.56140632281009,0.3918399392674,0.9951476024097816,12.29656944095,12.29656944095,1387.0534851163,182.66038362405,41,4.8005925826221
hs025,0.25,125,125,62.5,5.460971604872881e-10,16,1.0,15.0,True,False,evaporated_inside_lcfs,0.22,0.37855368623372,0.57498546697807,0.37855368623372,0.9852148322283795,15.661867692342,15.661867692342,1422.9269016588,188.0531035084788,41,4.9680502796874
hs025,0.25,126,125,62.5,5.460971604872881e-10,16,1.25,-15.0,False,False,upper_or_side_wall,0.22699999999999998,0.20058572631246,0.97075226366465,0.20058572631246,1.1694682811252552,62.475806105793,62.475806105793,775.43351964211,2.776248428187397,56,5.171087995932
hs025,0.25,127,125,62.5,5.460971604872881e-10,16,1.25,-7.5,False,False,upper_or_side_wall,0.19899999999999998,0.30407061874414,0.91773379464551,0.30407061874414,1.0260945200226892,32.691957833519,32.691957833519,1256.3710926731,26.849927934236074,53,4.7189665432633
hs025,0.25,128,125,62.5,5.460971604872881e-10,16,1.25,0.0,False,False,upper_or_side_wall,0.19999999999999998,0.31176125663681,0.91430654752767,0.31176125663681,1.0079099951068244,12.061076561357,12.061076561357,1337.0753221296,28.143991560441627,53,4.7072467004637
hs025,0.25,129,125,62.5,5.460971604872881e-10,16,1.25,7.5,True,False,evaporated_inside_lcfs,0.19699999999999998,0.39027526115932,0.56124275324557,0.39027526115932,0.9899484587576883,10.673474434668,10.673474434668,1387.0534851184,184.1073152957909,41,4.8869172117297
hs025,0.25,130,125,62.5,5.460971604872881e-10,16,1.25,15.0,True,False,evaporated_inside_lcfs,0.206,0.37384158895367,0.58116168061598,0.37384158895367,0.9855276394718541,18.933285869236002,18.933285869236002,1422.797882833,189.8086617144566,41,5.2033984067496
hs025,0.25,131,125,62.5,5.460971604872881e-10,16,1.5,-15.0,False,False,upper_or_side_wall,0.204,0.22921508171026,0.96456077318241,0.22921508171026,1.1651856722575915,62.490953052041995,62.490953052041995,744.893862517,1.2557857982981875,55,5.2138024635545
hs025,0.25,132,125,62.5,5.460971604872881e-10,16,1.5,-7.5,False,False,upper_or_side_wall,0.185,0.30186445287592,0.93287420916494,0.30186445287592,1.0263117850433021,33.029357120206,33.029357120206,1256.3716145622,12.815328165758395,53,4.9945528956367
hs025,0.25,133,125,62.5,5.460971604872881e-10,16,1.5,0.0,False,False,upper_or_side_wall,0.185,0.31192786013657,0.898432459198,0.31192786013657,1.0057552575192024,8.286330031515,8.286330031515,1337.076104975,43.42068473020228,53,4.7100036771992
hs025,0.25,134,125,62.5,5.460971604872881e-10,16,1.5,7.5,True,False,evaporated_inside_lcfs,0.183,0.39068864612286,0.55952775236609,0.39068864612286,0.9876603981961648,15.368985719834999,15.368985719834999,1387.0534851174,184.57959958214138,41,5.1421944890901
hs025,0.25,135,125,62.5,5.460971604872881e-10,16,1.5,15.0,True,False,evaporated_inside_lcfs,0.19399999999999998,0.36590121889652,0.58923197756346,0.36590121889652,0.9787319413675384,11.212947863582,11.212947863582,1422.7978828452,194.22576403310174,41,5.48088101391
hs025,0.25,136,125,62.5,5.460971604872881e-10,17,1.0,-15.0,False,False,upper_or_side_wall,0.22399999999999998,0.2716745227249,0.94877426334687,0.2716745227249,1.038449956825018,37.493797331296,37.493797331296,1226.7579689295,5.374515933486602,54,5.1113717717577
hs025,0.25,137,125,62.5,5.460971604872881e-10,17,1.0,-7.5,False,False,upper_or_side_wall,0.216,0.32261882078459,0.93822527571923,0.32261882078459,1.0173057471149232,25.869677173547,25.869677173547,1285.5561445554,2.216865574303094,53,4.7189665435687
hs025,0.25,138,125,62.5,5.460971604872881e-10,17,1.0,0.0,False,False,evaporated_in_SOL,0.211,0.38989299430431,0.57235614087507,0.38989299430431,1.0017453142419244,7.373311101278699,7.373311101278699,1354.0569434664,179.08820126409444,41,4.8584564322662
hs025,0.25,139,125,62.5,5.460971604872881e-10,17,1.0,7.5,True,False,evaporated_inside_lcfs,0.216,0.3885614138594,0.56321611610866,0.3885614138594,0.9887279377004644,16.637261325056997,16.637261325056997,1387.0534851183,184.64597960214783,41,5.1760279754442
hs025,0.25,140,125,62.5,5.460971604872881e-10,17,1.0,15.0,True,False,evaporated_inside_lcfs,0.22499999999999998,0.37011995677342,0.58463430390751,0.37011995677342,0.9815187824842895,12.010782904427,12.010782904427,1422.7978828452,191.92302012362137,41,5.4513840560092
hs025,0.25,141,125,62.5,5.460971604872881e-10,17,1.25,-15.0,False,False,upper_or_side_wall,0.218,0.22531549595516,0.96521054455968,0.22531549595516,1.0484267507976235,40.547585661077,40.547585661077,1199.5454517032,1.649701828442459,55,5.171087995932
hs025,0.25,142,125,62.5,5.460971604872881e-10,17,1.25,-7.5,False,False,upper_or_side_wall,0.19899999999999998,0.32745806708402,0.92105689750634,0.32745806708402,1.0177107465368243,26.19116012223,26.19116012223,1285.5561447069,17.51926913183636,53,4.7189665435664
hs025,0.25,143,125,62.5,5.460971604872881e-10,17,1.25,0.0,True,False,evaporated_inside_lcfs,0.19399999999999998,0.39795826945566,0.55399132319414,0.39795826945566,0.9985901962885885,7.9320816973218,7.9320816973218,1387.0534851248,180.9173236329864,41,4.9151164963124
hs025,0.25,144,125,62.5,5.460971604872881e-10,17,1.25,7.5,True,False,evaporated_inside_lcfs,0.20099999999999998,0.38534050664781,0.56566873765503,0.38534050664781,0.9842737284915946,12.766476161495,12.766476161495,1422.9269016588,186.26953350692847,41,5.196014105595
hs025,0.25,145,125,62.5,5.460971604872881e-10,17,1.25,15.0,True,False,evaporated_inside_lcfs,0.211,0.36378894964438,0.59283568061426,0.36378894964438,0.9809948571517207,17.382186737096,17.382186737096,1422.7978828378,195.01962774110143,41,5.2287999705697
hs025,0.25,146,125,62.5,5.460971604872881e-10,17,1.5,-15.0,False,False,upper_or_side_wall,0.219,0.1660169280256,0.9819845536565,0.1660169280256,1.0635038031752648,44.253654614047,44.253654614047,1166.1256487034,0.07224103676579254,57,5.171087995932
hs025,0.25,147,125,62.5,5.460971604872881e-10,17,1.5,-7.5,False,False,upper_or_side_wall,0.184,0.33081495560728,0.90963170110269,0.33081495560728,1.0168164504510935,26.096371619718,26.096371619718,1285.5561445753,27.66693280985809,52,4.7189665435727
hs025,0.25,148,125,62.5,5.460971604872881e-10,17,1.5,0.0,True,False,evaporated_inside_lcfs,0.179,0.40217162686045,0.54532885205942,0.40217162686045,0.9946155222150784,12.132991146406,12.132991146406,1387.0673420029,181.44540982605466,41,4.8618115853658
hs025,0.25,149,125,62.5,5.460971604872881e-10,17,1.5,7.5,True,False,evaporated_inside_lcfs,0.187,0.38441751614698,0.56617543454519,0.38441751614698,0.9826026073415092,15.451450791942001,15.451450791942001,1422.9269016588,186.83454484168425,41,5.0041301237767
hs025,0.25,150,125,62.5,5.460971604872881e-10,17,1.5,15.0,True,False,evaporated_inside_lcfs,0.19899999999999998,0.35423357881156,0.60162554586767,0.35423357881156,0.9732839301062302,9.393344612756799,9.393344612756799,1422.7978828452,201.55185063782244,41,5.4724766785784
hs025,0.25,151,150,75.0,9.436558933220338e-10,16,1.0,-15.0,False,False,upper_or_side_wall,0.283,0.066853970895916,0.98691461130756,0.066853970895916,1.138001786228774,72.14072700944,72.14072700944,1026.3813641011,0.29738869244000377,59,6.2053055951184
hs025,0.25,152,150,75.0,9.436558933220338e-10,16,1.0,-7.5,False,False,upper_or_side_wall,0.216,0.30720635664653,0.94095391811864,0.30720635664653,1.0190897329408042,36.238728173252,36.238728173252,1287.1195708005,3.6188241918930704,53,5.662759852276
hs025,0.25,153,150,75.0,9.436558933220338e-10,16,1.0,0.0,False,False,upper_or_side_wall,0.218,0.30496533899101,0.91476693017775,0.30496533899101,1.0028323269532762,10.494096436592,10.494096436592,1337.0761050204,29.479029567146608,53,5.9618387145876
hs025,0.25,154,150,75.0,9.436558933220338e-10,16,1.0,7.5,True,False,evaporated_inside_lcfs,0.213,0.39234207076363,0.55528006854715,0.39234207076363,0.983927211458576,10.387382023655,10.387382023655,1422.9269016588,185.19914891675555,41,6.2484648430152
hs025,0.25,155,150,75.0,9.436558933220338e-10,16,1.0,15.0,True,False,evaporated_inside_lcfs,0.221,0.37722345218048,0.57348903988868,0.37722345218048,0.9775294719175521,16.785795525929,16.785795525929,1422.9269016736,189.89864636486428,41,6.3441566564822
hs025,0.25,156,150,75.0,9.436558933220338e-10,16,1.25,-15.0,False,False,upper_or_side_wall,0.241,0.15282382457716,0.9816781284443,0.15282382457716,1.1604575498510656,74.571404705312,74.571404705312,900.45985489617,2.9250276747534407,57,6.2565629562654
hs025,0.25,157,150,75.0,9.436558933220338e-10,16,1.25,-7.5,False,False,upper_or_side_wall,0.19899999999999998,0.31286281447857,0.91463286695286,0.31286281447857,1.0197184504241956,37.042718878127,37.042718878127,1285.5561446376,27.54063747102463,53,5.9934634747641
hs025,0.25,158,150,75.0,9.436558933220338e-10,16,1.25,0.0,False,False,evaporated_in_SOL,0.192,0.39360181876729,0.56455705871889,0.39360181876729,1.0000364606337662,8.2112565662369,8.2112565662369,1355.9194700578,179.5892318236535,41,6.1042128701646
hs025,0.25,159,150,75.0,9.436558933220338e-10,16,1.25,7.5,True,False,evaporated_inside_lcfs,0.19799999999999998,0.3899847350077,0.55676727718188,0.3899847350077,0.9797327099098376,8.0272059944918,8.0272059944918,1422.9269016657,186.53647154935982,41,6.321027247455
hs025,0.25,160,150,75.0,9.436558933220338e-10,16,1.25,15.0,True,False,evaporated_inside_lcfs,0.207,0.37197712037375,0.580419471998,0.37197712037375,0.9769203582447874,20.136432954404,20.136432954404,1422.9269016698,191.81481155721414,41,6.620527430907
hs025,0.25,161,150,75.0,9.436558933220338e-10,16,1.5,-15.0,False,False,upper_or_side_wall,0.22,0.17343258785322,0.97525004967603,0.17343258785322,1.1564324268315058,74.75027375049801,74.75027375049801,872.10856212898,5.245009108352166,57,6.2565629562654
hs025,0.25,162,150,75.0,9.436558933220338e-10,16,1.5,-7.5,False,False,upper_or_side_wall,0.185,0.31039262007049,0.93495019851308,0.31039262007049,1.0196269668245606,37.140598827965,37.140598827965,1285.55614474,8.578849429384155,53,5.9934634747641
hs025,0.25,163,150,75.0,9.436558933220338e-10,16,1.5,0.0,True,False,evaporated_inside_lcfs,0.176,0.40462430877878,0.54190396581893,0.40462430877878,0.9957949980078123,17.069585873238,17.069585873238,1388.0372361533,180.96668775558,40,6.1004482963058
hs025,0.25,164,150,75.0,9.436558933220338e-10,16,1.5,7.5,True,False,evaporated_inside_lcfs,0.184,0.38963178247589,0.55669099773929,0.38963178247589,0.9784814987714666,13.451468260704,13.451468260704,1422.9269016622,186.88200468730318,41,6.6601279145518
hs025,0.25,165,150,75.0,9.436558933220338e-10,16,1.5,15.0,True,False,evaporated_inside_lcfs,0.19499999999999998,0.3639172453302,0.58845144206921,0.3639172453302,0.9695974043573107,9.315035202449,9.315035202449,1461.1267228392,196.3570791729262,41,6.4679204259658
hs025,0.25,166,150,75.0,9.436558933220338e-10,17,1.0,-15.0,False,False,upper_or_side_wall,0.221,0.29509407656002,0.93819896150887,0.29509407656002,1.0301081174727365,44.704287531611,44.704287531611,1256.2000317529,9.449004474565706,53,6.1336461261092
hs025,0.25,167,150,75.0,9.436558933220338e-10,17,1.0,-7.5,False,False,upper_or_side_wall,0.218,0.31990764305137,0.9337183105231,0.31990764305137,1.0107043356277965,24.361434610247002,24.361434610247002,1319.67340975,7.276465186142153,53,5.7630346658023
hs025,0.25,168,150,75.0,9.436558933220338e-10,17,1.0,0.0,True,False,evaporated_inside_lcfs,0.21,0.40236465395356,0.5431426702655,0.40236465395356,0.9911876822225756,19.294950693426,19.294950693426,1388.0372361489,182.33928523498784,41,6.2119825780642
hs025,0.25,169,150,75.0,9.436558933220338e-10,17,1.0,7.5,True,False,evaporated_inside_lcfs,0.217,0.38750520512323,0.56056625098363,0.38750520512323,0.9799435362864197,15.326575820468,15.326575820468,1422.9269016736,186.85697682374504,41,6.153777403423
hs025,0.25,170,150,75.0,9.436558933220338e-10,17,1.0,15.0,True,False,evaporated_inside_lcfs,0.22599999999999998,0.3681353114606,0.58380347747226,0.3681353114606,0.9722482319444795,10.753540246061,10.753540246061,1461.1267228392,194.07424736923429,41,6.4362390200561
hs025,0.25,171,150,75.0,9.436558933220338e-10,17,1.25,-15.0,False,False,upper_or_side_wall,0.21,0.2684084966371,0.95471414340633,0.2684084966371,1.0376785962458877,48.409752825908,48.409752825908,1226.7525389049,0.49698725592876986,54,6.2053055951184
hs025,0.25,172,150,75.0,9.436558933220338e-10,17,1.25,-7.5,False,False,upper_or_side_wall,0.20099999999999998,0.32411279135522,0.92029801337378,0.32411279135522,1.010439894027947,24.534598286481003,24.534598286481003,1319.6734097439,19.127565413818395,53,5.6811983765903
hs025,0.25,173,150,75.0,9.436558933220338e-10,17,1.25,0.0,True,False,evaporated_inside_lcfs,0.19399999999999998,0.40264580063148,0.54108559342566,0.40264580063148,0.988261846795589,16.229264869178998,16.229264869178998,1422.9269016588,183.09339964806412,41,6.2594851446973
hs025,0.25,174,150,75.0,9.436558933220338e-10,17,1.25,7.5,True,False,evaporated_inside_lcfs,0.20199999999999999,0.38393772815709,0.56352395451864,0.38393772815709,0.974989436720259,11.741983046325,11.741983046325,1422.9269016662,188.53716952886197,41,6.642369770593
hs025,0.25,175,150,75.0,9.436558933220338e-10,17,1.25,15.0,True,False,evaporated_inside_lcfs,0.212,0.3614909012866,0.59240803499103,0.3614909012866,0.9715518539036848,16.693628777908,16.693628777908,1460.8832550606,197.33307357306202,41,6.5625483882304
hs025,0.25,176,150,75.0,9.436558933220338e-10,17,1.5,-15.0,False,False,upper_or_side_wall,0.19899999999999998,0.25433219277253,0.94912180402396,0.25433219277253,1.045336310532323,51.041736565556,51.041736565556,1198.6164350756,9.57980309678303,54,6.270753167114
hs025,0.25,177,150,75.0,9.436558933220338e-10,17,1.5,-7.5,False,False,upper_or_side_wall,0.186,0.32687311122551,0.91107957886833,0.32687311122551,1.0101687313447887,23.933254836876,23.933254836876,1319.6734097095,27.30167659324716,52,5.7486819981166
hs025,0.25,178,150,75.0,9.436558933220338e-10,17,1.5,0.0,True,False,evaporated_inside_lcfs,0.18,0.401645285724,0.54016172266912,0.401645285724,0.9835216464653417,9.946560151225299,9.946560151225299,1423.0371973064,184.4170685993051,40,6.3220598948612
hs025,0.25,179,150,75.0,9.436558933220338e-10,17,1.5,7.5,True,False,evaporated_inside_lcfs,0.188,0.38254674080604,0.56480208399408,0.38254674080604,0.9735281974756552,15.139836829052,15.139836829052,1422.9269016736,189.13495916932652,41,6.3499659232366
hs025,0.25,180,150,75.0,9.436558933220338e-10,17,1.5,15.0,True,False,evaporated_inside_lcfs,0.19899999999999998,0.35590940533592,0.59958258259634,0.35590940533592,0.9731075919671218,24.106573541926,24.106573541926,1422.7978828452,200.5006485544127,41,6.8655524533012
hs025,0.25,181,200,100.0,2.236813969355932e-09,16,1.0,-15.0,False,False,upper_or_side_wall,0.24,0.20245567542468,0.96203412225639,0.20245567542468,1.042113147771672,72.436529830602,72.436529830602,1200.2554612313,10.70064946358558,56,8.2737407934912
hs025,0.25,182,200,100.0,2.236813969355932e-09,16,1.0,-7.5,False,False,upper_or_side_wall,0.219,0.3067121402593,0.94222153332817,0.3067121402593,1.0080491281081152,37.333491296782995,37.333491296782995,1335.5253093376,2.524829810611054,53,8.1835284585839
hs025,0.25,183,200,100.0,2.236813969355932e-09,16,1.0,0.0,True,False,evaporated_inside_lcfs,0.208,0.40243840793501,0.53796391731673,0.40243840793501,0.9818913349773104,14.536123642309,14.536123642309,1423.0371973074,184.81028715573726,40,8.5539192062177
hs025,0.25,184,200,100.0,2.236813969355932e-09,16,1.0,7.5,True,False,evaporated_inside_lcfs,0.214,0.39330079898234,0.54780128303745,0.39330079898234,0.9719096780467799,21.365076228625,21.365076228625,1461.1739264664,187.99625985551478,41,9.2459533594159
hs025,0.25,185,200,100.0,2.236813969355932e-09,16,1.0,15.0,True,False,evaporated_inside_lcfs,0.222,0.37674715246297,0.57053282869451,0.37674715246297,0.9690491982630798,28.870016606443,28.870016606443,1461.1739266388,191.62414448348582,41,9.2801526033128
hs025,0.25,186,200,100.0,2.236813969355932e-09,16,1.25,-15.0,False,False,upper_or_side_wall,0.252,0.10498477896896,0.98012382310218,0.10498477896896,1.0677219263078788,81.311802497114,81.311802497114,1166.102321427,7.088176897819931,58,8.3420839416872
hs025,0.25,187,200,100.0,2.236813969355932e-09,16,1.25,-7.5,False,False,upper_or_side_wall,0.20199999999999999,0.31036979132947,0.93076458955229,0.31036979132947,1.008386217006261,39.394061015522,39.394061015522,1319.6734098899,12.624418994840289,53,8.1890055335987
hs025,0.25,188,200,100.0,2.236813969355932e-09,16,1.25,0.0,True,False,evaporated_inside_lcfs,0.192,0.40331667787377,0.53468573020138,0.40331667787377,0.9788516861072979,14.778372130448,14.778372130448,1423.0371973074,185.71137205329742,40,8.655935461835
hs025,0.25,189,200,100.0,2.236813969355932e-09,16,1.25,7.5,True,False,evaporated_inside_lcfs,0.19899999999999998,0.39034140320194,0.55059640628125,0.39034140320194,0.9679901683255991,17.692679109540002,17.692679109540002,1461.1739266388,189.22404805777586,41,9.298663940254
hs025,0.25,190,200,100.0,2.236813969355932e-09,16,1.25,15.0,True,False,evaporated_inside_lcfs,0.209,0.36716085466065,0.57978016255967,0.36716085466065,0.9580840928306571,10.079229495813,10.079229495813,1461.1267258856,196.4995871698951,41,9.5438458061364
hs025,0.25,191,200,100.0,2.236813969355932e-09,16,1.5,-15.0,False,False,upper_or_side_wall,0.252,0.063173776326765,0.98233564239988,0.063173776326765,1.0951935180169838,90.554642426089,90.554642426089,1073.8358599105,4.876357600119952,59,8.5621982360531
hs025,0.25,192,200,100.0,2.236813969355932e-09,16,1.5,-7.5,False,False,upper_or_side_wall,0.188,0.30813035835133,0.94019255139001,0.30813035835133,1.0073188606946772,36.945987012049,36.945987012049,1337.0761048852,4.1117010315999645,53,8.1781948348123
hs025,0.25,193,200,100.0,2.236813969355932e-09,16,1.5,0.0,True,False,evaporated_inside_lcfs,0.177,0.40697646949144,0.5288380562078,0.40697646949144,0.9802373749070987,26.230605576442,26.230605576442,1423.0371973111,185.70226087313523,40,8.6792036793614
hs025,0.25,194,200,100.0,2.236813969355932e-09,16,1.5,7.5,True,False,evaporated_inside_lcfs,0.185,0.38936262067921,0.55204912729933,0.38936262067921,0.9679945075232823,24.018843442033997,24.018843442033997,1461.1739266388,189.37336394282008,41,9.0139778904668
hs025,0.25,195,200,100.0,2.236813969355932e-09,16,1.5,15.0,True,False,evaporated_inside_lcfs,0.19599999999999998,0.36249915148574,0.58666566752133,0.36249915148574,0.959803810773745,17.852242117036997,17.852242117036997,1461.1267228392,198.30484634834383,41,9.2982174952223
hs025,0.25,196,200,100.0,2.236813969355932e-09,17,1.0,-15.0,False,False,upper_or_side_wall,0.22,0.31184148059122,0.93167636791914,0.31184148059122,1.0183568692694498,55.131110377517,55.131110377517,1285.556145042,11.359119238332891,53,8.1781948348123
hs025,0.25,197,200,100.0,2.236813969355932e-09,17,1.0,-7.5,True,False,evaporated_inside_lcfs,0.208,0.40424512114387,0.54395143082888,0.40424512114387,0.9963141454200823,15.733740092371,15.733740092371,1388.03723615,180.30278590971355,41,8.2981393509434
hs025,0.25,198,200,100.0,2.236813969355932e-09,17,1.0,0.0,True,False,evaporated_inside_lcfs,0.212,0.39970467014244,0.53732158255345,0.39970467014244,0.9724349311566318,12.173640561713999,12.173640561713999,1461.1739266388,187.50223998417906,40,8.7719336354663
hs025,0.25,199,200,100.0,2.236813969355932e-09,17,1.0,7.5,True,False,evaporated_inside_lcfs,0.218,0.38725047212975,0.55608557647875,0.38725047212975,0.9698543812212543,26.595696041416,26.595696041416,1461.1739266388,189.25737874566823,41,8.9908788271833
hs025,0.25,200,200,100.0,2.236813969355932e-09,17,1.0,15.0,True,False,evaporated_inside_lcfs,0.22699999999999998,0.36677076018031,0.58181633633784,0.36677076018031,0.9621097535904708,18.52116226541,18.52116226541,1461.1267228392,196.0827380330049,41,9.2321271855483
hs025,0.25,201,200,100.0,2.236813969355932e-09,17,1.25,-15.0,False,False,upper_or_side_wall,0.205,0.30413388810443,0.9279086627966,0.30413388810443,1.0231421586206373,62.21983496635,62.21983496635,1256.096741372,17.013448333464844,53,8.3610042228458
hs025,0.25,202,200,100.0,2.236813969355932e-09,17,1.25,-7.5,True,False,evaporated_inside_lcfs,0.191,0.4073776908372,0.5385734047736,0.4073776908372,0.9958737414920573,20.133872510827,20.133872510827,1388.0372361511,180.23460068370954,40,8.4316086316379
hs025,0.25,203,200,100.0,2.236813969355932e-09,17,1.25,0.0,True,False,evaporated_inside_lcfs,0.19499999999999998,0.4033294775784,0.533270689509,0.4033294775784,0.9766660785836105,28.986081033048002,28.986081033048002,1423.0371973148,186.43108163495685,40,8.8060133558255
hs025,0.25,204,200,100.0,2.236813969355932e-09,17,1.25,7.5,True,False,evaporated_inside_lcfs,0.20299999999999999,0.38329566632557,0.55969614675928,0.38329566632557,0.965081113725252,20.26738502635,20.26738502635,1461.1739266388,190.95875405068782,41,9.0980797137912
hs025,0.25,205,200,100.0,2.236813969355932e-09,17,1.25,15.0,True,False,evaporated_inside_lcfs,0.213,0.35982714356151,0.59088691947831,0.35982714356151,0.9615191444494273,23.728762919203,23.728762919203,1461.1267228392,199.39906538855945,41,9.4255660725113
hs025,0.25,206,200,100.0,2.236813969355932e-09,17,1.5,-15.0,False,False,upper_or_side_wall,0.192,0.29655974236525,0.93796029103345,0.29655974236525,1.027905125958995,64.907796186692,64.907796186692,1254.0826036911,9.295596813982295,53,8.5621982360758
hs025,0.25,207,200,100.0,2.236813969355932e-09,17,1.5,-7.5,True,False,evaporated_inside_lcfs,0.177,0.40635957455025,0.53864541877083,0.40635957455025,0.9936122971877884,11.428438896151,11.428438896151,1388.0372361511,181.0761825132163,40,8.673372511962
hs025,0.25,208,200,100.0,2.236813969355932e-09,17,1.5,0.0,True,False,evaporated_inside_lcfs,0.181,0.40195477847004,0.53271760383272,0.40195477847004,0.9716714678542254,20.573534044262,20.573534044262,1461.2357382864,187.89330030775707,40,9.2517479191279
hs025,0.25,209,200,100.0,2.236813969355932e-09,17,1.5,7.5,True,False,evaporated_inside_lcfs,0.189,0.38143759022245,0.5619058787218,0.38143759022245,0.9638767484994037,23.560575111301002,23.560575111301002,1461.1739266388,191.5085807526685,41,9.2058971830707
hs025,0.25,210,200,100.0,2.236813969355932e-09,17,1.5,15.0,True,False,evaporated_inside_lcfs,0.20099999999999998,0.35005660491874,0.59973662706778,0.35005660491874,0.9528591132189971,11.525549431201,11.525549431201,1461.1267228392,206.08379382011984,41,9.704650625461
hs025,0.25,211,250,125.0,4.368777283898306e-09,16,1.0,-15.0,False,False,upper_or_side_wall,0.22699999999999998,0.26449864331752,0.94104039497078,0.26449864331752,1.0253355860762814,84.048854805108,84.048854805108,1256.3717463744,14.717429881865858,54,10.451255278557
hs025,0.25,212,250,125.0,4.368777283898306e-09,16,1.0,-7.5,True,False,evaporated_inside_lcfs,0.207,0.39610114134606,0.55783473919163,0.39610114134606,0.9954680179601698,14.044591215805001,14.044591215805001,1388.0372361479,180.67228816501657,41,10.80934938079
hs025,0.25,213,250,125.0,4.368777283898306e-09,16,1.0,0.0,True,False,evaporated_inside_lcfs,0.209,0.40312881749586,0.5292883111526,0.40312881749586,0.9698087425773627,21.378875924429,21.378875924429,1461.2357382864,188.69891611901508,40,11.284535814519
hs025,0.25,214,250,125.0,4.368777283898306e-09,16,1.0,7.5,True,False,evaporated_inside_lcfs,0.215,0.39227973323782,0.54450019809207,0.39227973323782,0.9628466479599715,27.952904823072,27.952904823072,1461.1739266388,190.49306234881692,41,11.585715444081
hs025,0.25,215,250,125.0,4.368777283898306e-09,16,1.0,15.0,True,False,evaporated_inside_lcfs,0.22399999999999998,0.37150336042677,0.57030016219487,0.37150336042677,0.9506923676065548,14.985626302899,14.985626302899,1486.4611707925,196.43594452716886,41,12.160762618961
hs025,0.25,216,250,125.0,4.368777283898306e-09,16,1.25,-15.0,False,False,upper_or_side_wall,0.22,0.22494014309814,0.96500675025201,0.22494014309814,1.036819835375395,93.35807294938,93.35807294938,1226.7555067785,1.9446644977691734,55,10.702747795095
hs025,0.25,217,250,125.0,4.368777283898306e-09,16,1.25,-7.5,True,False,evaporated_inside_lcfs,0.19,0.39936804481677,0.55229987519403,0.39936804481677,0.9953718451144149,19.050925194847,19.050925194847,1388.037236149,180.5073775933497,41,11.210560996972
hs025,0.25,218,250,125.0,4.368777283898306e-09,16,1.25,0.0,True,False,evaporated_inside_lcfs,0.193,0.40356737746773,0.52706462218965,0.40356737746773,0.9676166861270464,20.984536835914,20.984536835914,1461.2357382864,189.52742272014711,40,11.420543065047
hs025,0.25,219,250,125.0,4.368777283898306e-09,16,1.25,7.5,True,False,evaporated_inside_lcfs,0.19999999999999998,0.38905138129132,0.54775959040028,0.38905138129132,0.9587823539608076,24.652469610072,24.652469610072,1461.1739266388,191.73024863380851,41,12.18488718007
hs025,0.25,220,250,125.0,4.368777283898306e-09,16,1.25,15.0,True,False,evaporated_inside_lcfs,0.21,0.36521261256793,0.57860199624052,0.36521261256793,0.9480197734577175,15.894706780371997,15.894706780371997,1486.4179523264,198.752094684715,41,12.002831160175
hs025,0.25,221,250,125.0,4.368777283898306e-09,16,1.5,-15.0,False,False,upper_or_side_wall,0.212,0.20047270881758,0.96858013215003,0.20047270881758,1.0482477266144417,98.792686518348,98.792686518348,1198.6162945507,4.902195411227945,56,10.796681673465
hs025,0.25,222,250,125.0,4.368777283898306e-09,16,1.5,-7.5,True,False,evaporated_inside_lcfs,0.175,0.402412755981,0.54566327000002,0.402412755981,0.9938394275542154,22.518074853084002,22.518074853084002,1388.0372361484,181.07213803318172,41,10.981132937296
hs025,0.25,223,250,125.0,4.368777283898306e-09,16,1.5,0.0,True,False,evaporated_inside_lcfs,0.179,0.40284817192982,0.52552122359175,0.40284817192982,0.9630630127685957,14.792961846354,14.792961846354,1461.2357382903,190.9720269207256,40,11.399237456792
hs025,0.25,224,250,125.0,4.368777283898306e-09,16,1.5,7.5,True,False,evaporated_inside_lcfs,0.186,0.38769447214337,0.54989272922102,0.38769447214337,0.9584026657287229,31.359865353350997,31.359865353350997,1461.1739266388,191.87931408159653,41,11.920623871098
hs025,0.25,225,250,125.0,4.368777283898306e-09,16,1.5,15.0,True,False,evaporated_inside_lcfs,0.19699999999999998,0.36023778358101,0.58587048706179,0.36023778358101,0.9496434490628193,24.26268578974,24.26268578974,1486.4179523264,200.70157917773582,41,12.158173387309
hs025,0.25,226,250,125.0,4.368777283898306e-09,17,1.0,-15.0,False,False,upper_or_side_wall,0.222,0.31263204100766,0.92204263259077,0.31263204100766,1.008128121222778,57.328385059149,57.328385059149,1319.6734099537,20.44978729021829,53,10.752045124
hs025,0.25,227,250,125.0,4.368777283898306e-09,17,1.0,-7.5,True,False,evaporated_inside_lcfs,0.209,0.40620719527622,0.52761123564446,0.40620719527622,0.9763129171065353,14.412707546899,14.412707546899,1423.0371973222,187.01690549715644,40,11.067022266474
hs025,0.25,228,250,125.0,4.368777283898306e-09,17,1.0,0.0,True,False,evaporated_inside_lcfs,0.213,0.39901447525598,0.532458616351,0.39901447525598,0.9624480677247297,19.220528346911,19.220528346911,1461.2357382933,190.54688622437848,40,11.683974242961
hs025,0.25,229,250,125.0,4.368777283898306e-09,17,1.0,7.5,True,False,evaporated_inside_lcfs,0.219,0.38565328629923,0.55395755424601,0.38565328629923,0.9605037366184035,33.411699420454,33.411699420454,1461.1739266426,191.6875201712924,41,11.864442265241
hs025,0.25,230,250,125.0,4.368777283898306e-09,17,1.0,15.0,True,False,evaporated_inside_lcfs,0.22799999999999998,0.36460959046045,0.58085349620082,0.36460959046045,0.9518602605672112,25.272815381192,25.272815381192,1486.4179523234,198.4474479621593,41,12.077074129134
hs025,0.25,231,250,125.0,4.368777283898306e-09,17,1.25,-15.0,False,False,upper_or_side_wall,0.206,0.30911061407829,0.93404554665198,0.30911061407829,1.0130069351642244,65.331865116434,65.331865116434,1319.6734099041,9.787606941720465,53,10.451255278563
hs025,0.25,232,250,125.0,4.368777283898306e-09,17,1.25,-7.5,True,False,evaporated_inside_lcfs,0.192,0.40910371644207,0.52291561950748,0.40910371644207,0.976149145910753,19.715465926516,19.715465926516,1423.0371973148,187.2471064723411,40,11.327003635406
hs025,0.25,233,250,125.0,4.368777283898306e-09,17,1.25,0.0,True,False,evaporated_inside_lcfs,0.19699999999999998,0.39853828805109,0.53144976869208,0.39853828805109,0.9594648098416183,16.309880389662,16.309880389662,1461.2357382941,191.47361600520424,40,11.70811367682
hs025,0.25,234,250,125.0,4.368777283898306e-09,17,1.25,7.5,True,False,evaporated_inside_lcfs,0.204,0.38147234326384,0.55783329136406,0.38147234326384,0.9555827581841861,27.50662729242,27.50662729242,1461.1739266465,193.45764388529005,41,11.823331702505
hs025,0.25,235,250,125.0,4.368777283898306e-09,17,1.25,15.0,True,False,evaporated_inside_lcfs,0.214,0.35744249485541,0.59019440314291,0.35744249485541,0.951192955726867,30.394464816943998,30.394464816943998,1486.0685155487,201.87933410392438,41,12.260545606731
hs025,0.25,236,250,125.0,4.368777283898306e-09,17,1.5,-15.0,False,False,upper_or_side_wall,0.191,0.30916346245711,0.92558198736091,0.30916346245711,1.0165628723751245,74.942454670155,74.942454670155,1285.5561451266,17.942074506739566,53,10.702747795099
hs025,0.25,237,250,125.0,4.368777283898306e-09,17,1.5,-7.5,True,False,evaporated_inside_lcfs,0.177,0.41154922397179,0.51767966290689,0.41154922397179,0.974968801035558,22.959465979654002,22.959465979654002,1423.0371973148,188.32359150164095,40,11.542283356689
hs025,0.25,238,250,125.0,4.368777283898306e-09,17,1.5,0.0,True,False,evaporated_inside_lcfs,0.182,0.400623975505,0.52917687084115,0.400623975505,0.9621732972958232,28.308418250973,28.308418250973,1461.2357382941,190.88024542864756,40,11.569372226457
hs025,0.25,239,250,125.0,4.368777283898306e-09,17,1.5,7.5,True,False,evaporated_inside_lcfs,0.19,0.37932399394421,0.56049089807542,0.37932399394421,0.9543986230549103,31.074828287819997,31.074828287819997,1461.1739266465,194.043466707088,41,12.056715607422
hs025,0.25,240,250,125.0,4.368777283898306e-09,17,1.5,15.0,True,False,evaporated_inside_lcfs,0.20199999999999999,0.34754809317294,0.59912457718748,0.34754809317294,0.9421432828495714,14.101407255987999,14.101407255987999,1486.4179523264,208.66425003843275,41,12.099186682412
hs025,0.25,241,300,150.0,7.54924714657627e-09,16,1.0,-15.0,False,False,upper_or_side_wall,0.22599999999999998,0.27601508345446,0.95207537141907,0.27601508345446,1.0149153251131293,88.601517567488,88.601517567488,1319.6721778603,1.052088919100348,54,12.541506334276
hs025,0.25,242,300,150.0,7.54924714657627e-09,16,1.0,-7.5,True,False,evaporated_inside_lcfs,0.206,0.40547835569953,0.52942635547828,0.40547835569953,0.9770271298383554,27.356880879158002,27.356880879158002,1423.0371973148,186.6422035726488,40,13.61255804049
hs025,0.25,243,300,150.0,7.54924714657627e-09,16,1.0,0.0,True,False,evaporated_inside_lcfs,0.21,0.40239796447671,0.52451973496533,0.40239796447671,0.9601643118162547,28.003974087652,28.003974087652,1461.2357382941,191.89791471812526,40,14.19497462995
hs025,0.25,244,300,150.0,7.54924714657627e-09,16,1.0,7.5,True,False,evaporated_inside_lcfs,0.216,0.39048895203061,0.54265354558965,0.39048895203061,0.95406968670851,35.710461176282,35.710461176282,1461.1739266426,192.95563741042548,41,14.470654663512
hs025,0.25,245,300,150.0,7.54924714657627e-09,16,1.0,15.0,True,False,evaporated_inside_lcfs,0.22499999999999998,0.3693607625364,0.56932936694703,0.3693607625364,0.9408318638655812,18.57225296483,18.57225296483,1486.4611707927,198.78751244491812,41,15.002084872161
hs025,0.25,246,300,150.0,7.54924714657627e-09,16,1.25,-15.0,False,False,upper_or_side_wall,0.212,0.26401262179567,0.95199430833837,0.26401262179567,1.0227966895580143,102.65023882966,102.65023882966,1287.1193144586,4.2729019716477685,54,12.843297354119
hs025,0.25,247,300,150.0,7.54924714657627e-09,16,1.25,-7.5,True,False,evaporated_inside_lcfs,0.19,0.40498011235115,0.52943116612727,0.40498011235115,0.9755499850517867,21.061775019598002,21.061775019598002,1451.3194336176,187.0594280072681,40,13.977900314933
hs025,0.25,248,300,150.0,7.54924714657627e-09,16,1.25,0.0,True,False,evaporated_inside_lcfs,0.19399999999999998,0.40253377315247,0.52280946585995,0.40253377315247,0.957885201803476,28.022862547886,28.022862547886,1461.2357382941,192.73094895020267,40,14.321076090974
hs025,0.25,249,300,150.0,7.54924714657627e-09,16,1.25,7.5,True,False,evaporated_inside_lcfs,0.20099999999999998,0.3870483970837,0.54614407353207,0.3870483970837,0.9497656244051744,30.654783750272,30.654783750272,1486.4611707925,194.26593494281894,41,14.749848764817
hs025,0.25,250,300,150.0,7.54924714657627e-09,16,1.25,15.0,True,False,evaporated_inside_lcfs,0.211,0.36279589058609,0.57797817687396,0.36279589058609,0.9378102601532552,18.970820636383003,18.970820636383003,1486.4179523264,201.2218145950726,41,14.897720467143
hs025,0.25,251,300,150.0,7.54924714657627e-09,16,1.5,-15.0,False,False,upper_or_side_wall,0.19999999999999998,0.25302842449634,0.95519496143084,0.25302842449634,1.0294083241423615,110.44042589378,110.44042589378,1256.3707698219,4.059872897509089,55,12.956018008158
hs025,0.25,252,300,150.0,7.54924714657627e-09,16,1.5,-7.5,True,False,evaporated_inside_lcfs,0.175,0.40773665693408,0.52386774895698,0.40773665693408,0.9742317365257597,26.676471628508,26.676471628508,1461.2335324335,187.8299509683943,40,13.735524214803
hs025,0.25,253,300,150.0,7.54924714657627e-09,16,1.5,0.0,True,False,evaporated_inside_lcfs,0.18,0.40153045906042,0.52158956318619,0.40153045906042,0.9531144059891624,22.083064611534,22.083064611534,1484.3988313748,194.2439416941653,40,14.292324726577
hs025,0.25,254,300,150.0,7.54924714657627e-09,16,1.5,7.5,True,False,evaporated_inside_lcfs,0.187,0.38542037212821,0.5486725175038,0.38542037212821,0.949241921325515,37.338127150364,37.338127150364,1486.4611707911,194.45980499611204,41,14.781826020445
hs025,0.25,255,300,150.0,7.54924714657627e-09,16,1.5,15.0,True,False,evaporated_inside_lcfs,0.19799999999999998,0.35756549008252,0.58552247879983,0.35756549008252,0.9392098664933942,26.841885951336,26.841885951336,1486.4179523264,203.32876247261132,41,14.994006448943
hs025,0.25,256,300,150.0,7.54924714657627e-09,17,1.0,-15.0,True,False,upper_or_side_wall,0.22699999999999998,0.28706720162335,0.92994118228513,0.28706720162335,0.9961928614179172,21.295632197855003,21.295632197855003,1388.0372361474,19.52036670733385,54,13.29894835615
hs025,0.25,257,300,150.0,7.54924714657627e-09,17,1.0,-7.5,True,False,evaporated_inside_lcfs,0.209,0.40946435223263,0.51644557395491,0.40946435223263,0.9681391287210029,33.690840262078,33.690840262078,1461.2357382864,190.73316712381043,40,13.971704499196
hs025,0.25,258,300,150.0,7.54924714657627e-09,17,1.0,0.0,True,False,evaporated_inside_lcfs,0.214,0.39743332110034,0.52967478458085,0.39743332110034,0.9534342630195775,26.441981756468003,26.441981756468003,1486.5129561754,193.33724175378416,40,14.557787388066
hs025,0.25,259,300,150.0,7.54924714657627e-09,17,1.0,7.5,True,False,evaporated_inside_lcfs,0.22,0.38348439684381,0.55272698875318,0.38348439684381,0.9512591110168751,40.070146686509005,40.070146686509005,1486.4326276984,194.18109599105293,41,14.710609598614
hs025,0.25,260,300,150.0,7.54924714657627e-09,17,1.0,15.0,True,False,evaporated_inside_lcfs,0.22899999999999998,0.36207662876447,0.58033025084613,0.36207662876447,0.9414567107877294,27.582261699205,27.582261699205,1486.4179523264,200.99114273988707,41,14.902641005655
hs025,0.25,261,300,150.0,7.54924714657627e-09,17,1.25,-15.0,False,False,upper_or_side_wall,0.21,0.29893674118449,0.94087207297361,0.29893674118449,1.002786365752095,61.830102989299,61.830102989299,1337.0761051029,5.863029193923927,53,12.98440820479
hs025,0.25,262,300,150.0,7.54924714657627e-09,17,1.25,-7.5,True,False,evaporated_inside_lcfs,0.193,0.40870592961594,0.51481739795783,0.40870592961594,0.964093305810561,19.216584140429,19.216584140429,1461.2357382864,192.31410628445337,40,14.208314898284
hs025,0.25,263,300,150.0,7.54924714657627e-09,17,1.25,0.0,True,False,evaporated_inside_lcfs,0.19799999999999998,0.39675923143796,0.52887077878666,0.39675923143796,0.9501941708735262,21.832017055069,21.832017055069,1486.5129583544,194.33109175489636,40,14.57615002856
hs025,0.25,264,300,150.0,7.54924714657627e-09,17,1.25,7.5,True,False,evaporated_inside_lcfs,0.205,0.37913063682058,0.5567549294835,0.37913063682058,0.9461096076881749,31.315365651712,31.315365651712,1486.4611707976,196.02827406594423,41,14.660767030798
hs025,0.25,265,300,150.0,7.54924714657627e-09,17,1.25,15.0,True,False,evaporated_inside_lcfs,0.215,0.35472979419153,0.589859555991,0.35472979419153,0.9406504271693941,32.08453723805,32.08453723805,1486.4179523264,204.55456885521733,41,15.079392876615
hs025,0.25,266,300,150.0,7.54924714657627e-09,17,1.5,-15.0,False,False,upper_or_side_wall,0.19399999999999998,0.30413418830623,0.93132480524395,0.30413418830623,1.0068250080693795,72.328911235355,72.328911235355,1337.0761050737,13.716400740742866,53,13.298727639486
hs025,0.25,267,300,150.0,7.54924714657627e-09,17,1.5,-7.5,True,False,evaporated_inside_lcfs,0.178,0.41091660948238,0.5100142017246,0.41091660948238,0.9630998718161501,22.812496896801,22.812496896801,1461.2357382864,193.49159679018652,40,13.839592124559
hs025,0.25,268,300,150.0,7.54924714657627e-09,17,1.5,0.0,True,False,evaporated_inside_lcfs,0.183,0.39856878584734,0.52710754218901,0.39856878584734,0.9528619809622441,35.45752858483,35.45752858483,1486.5128750753,193.7197688647521,40,14.432277073051
hs025,0.25,269,300,150.0,7.54924714657627e-09,17,1.5,7.5,True,False,evaporated_inside_lcfs,0.191,0.37676172147073,0.55967748070553,0.37676172147073,0.9447771897270871,34.313406658888,34.313406658888,1486.4611707976,196.67808447593086,41,14.886252148554
hs025,0.25,270,300,150.0,7.54924714657627e-09,17,1.5,15.0,True,False,evaporated_inside_lcfs,0.20299999999999999,0.34472261273456,0.59884986066814,0.34472261273456,0.9313135820893159,16.025280584797002,16.025280584797002,1486.4179523264,211.4588752922338,41,14.951623761469
hs050,0.5,1,40,20.0,1.7894511754847454e-11,16,1.0,-15.0,False,False,upper_or_side_wall,0.215,0.27573327489231,0.95309572013947,0.27573327489231,1.2272343883484043,19.999438828376,19.999438828376,663.83040563367,0.14112077019463135,54,1.004507572964
hs050,0.5,2,40,20.0,1.7894511754847454e-11,16,1.0,-7.5,False,False,upper_or_side_wall,0.241,0.19138152527165,0.97302767664393,0.19138152527165,1.2217458702433428,19.702042247833003,19.702042247833003,909.97154001676,2.990129638094505,56,1.0239885408166
hs050,0.5,3,40,20.0,1.7894511754847454e-11,16,1.0,0.0,False,False,evaporated_in_SOL,0.19799999999999998,0.39762278492885,0.57048904713563,0.39762278492885,1.0339332254967066,4.1380626625861,4.1380626625861,1288.1580312889,173.1919835838194,41,1.4034217858483
hs050,0.5,4,40,20.0,1.7894511754847454e-11,16,1.0,7.5,False,False,evaporated_in_SOL,0.20099999999999998,0.41351835823834,0.55122645203503,0.41351835823834,1.0374439590304758,6.230591287708201,6.230591287708201,1288.158032737,168.66261636555151,41,1.405858414078
hs050,0.5,5,40,20.0,1.7894511754847454e-11,16,1.0,15.0,False,False,evaporated_in_SOL,0.211,0.39464391887762,0.57004350375792,0.39464391887762,1.023602399732425,3.1417650547469997,3.1417650547469997,1320.9042948464,176.01187701018665,41,1.4239106415333
hs050,0.5,6,40,20.0,1.7894511754847454e-11,16,1.25,-15.0,False,False,upper_or_side_wall,0.19699999999999998,0.28255576710072,0.94884627195874,0.28255576710072,1.2182020197325536,19.998552849691002,19.998552849691002,689.72570505635,2.4560073130412388,54,1.0045075588146
hs050,0.5,7,40,20.0,1.7894511754847454e-11,16,1.25,-7.5,False,False,upper_or_side_wall,0.22399999999999998,0.19262567641443,0.97090567563854,0.19262567641443,1.2163433543764781,19.687658121655,19.687658121655,914.24790540938,4.712350482900619,56,1.0373575770267
hs050,0.5,8,40,20.0,1.7894511754847454e-11,16,1.25,0.0,False,False,evaporated_in_SOL,0.181,0.40684679734186,0.56070234005859,0.40684679734186,1.0399862472391284,5.318495061618799,5.318495061618799,1257.1193707494,169.88749375169115,41,1.4050654304922
hs050,0.5,9,40,20.0,1.7894511754847454e-11,16,1.25,7.5,False,False,evaporated_in_SOL,0.187,0.40797235951798,0.55545490848678,0.40797235951798,1.031845234337182,3.6746880401078004,3.6746880401078004,1320.9042068197,171.45427788285093,41,1.4075298916847
hs050,0.5,10,40,20.0,1.7894511754847454e-11,16,1.25,15.0,False,False,evaporated_in_SOL,0.19799999999999998,0.38857742263931,0.57704038069791,0.38857742263931,1.0213077688919323,2.9143339120725003,2.9143339120725003,1354.9961439848,178.1350382720559,41,1.434675246816
hs050,0.5,11,40,20.0,1.7894511754847454e-11,16,1.5,-15.0,False,False,upper_or_side_wall,0.185,0.27505346574684,0.95087029051557,0.27505346574684,1.209007882989996,19.994120649023,19.994120649023,731.2666581005,2.466908336790147,54,1.0045075517314
hs050,0.5,12,40,20.0,1.7894511754847454e-11,16,1.5,-7.5,False,False,upper_or_side_wall,0.209,0.19177741423397,0.97123530574436,0.19177741423397,1.2066498499014304,19.217775226614002,19.217775226614002,970.07556513884,4.616318254764348,56,1.239173393413
hs050,0.5,13,40,20.0,1.7894511754847454e-11,16,1.5,0.0,False,False,evaporated_in_SOL,0.16699999999999998,0.40547972112676,0.55994782113874,0.40547972112676,1.0344188953349922,2.3860225062077,2.3860225062077,1288.15802547,171.44895802548768,41,1.4061203833244
hs050,0.5,14,40,20.0,1.7894511754847454e-11,16,1.5,7.5,False,False,evaporated_in_SOL,0.174,0.4065698136782,0.55652544145456,0.4065698136782,1.030412639877869,3.0684761162739003,3.0684761162739003,1320.9042948464,172.15969451643045,41,1.4199871748106
hs050,0.5,15,40,20.0,1.7894511754847454e-11,16,1.5,15.0,False,False,evaporated_in_SOL,0.186,0.38374112056214,0.58299901806859,0.38374112056214,1.0217367822444954,3.2813155247769,3.2813155247769,1354.9961439848,179.99682632950586,41,1.4309630988794
hs050,0.5,16,40,20.0,1.7894511754847454e-11,17,1.0,-15.0,False,False,upper_or_side_wall,0.236,0.22098252301612,0.96351727270082,0.22098252301612,1.2123860002921567,19.765991477664997,19.765991477664997,894.80919657618,4.418395925784677,55,1.023613502155
hs050,0.5,17,40,20.0,1.7894511754847454e-11,17,1.0,-7.5,False,False,evaporated_in_SOL,0.20199999999999999,0.38548452920393,0.58766149910621,0.38548452920393,1.0395210717755197,5.0316177087816,5.0316177087816,1257.1193707494,176.55380389424357,41,1.4000000762017
hs050,0.5,18,40,20.0,1.7894511754847454e-11,17,1.0,0.0,False,False,evaporated_in_SOL,0.19899999999999998,0.41698703582117,0.54484070366346,0.41698703582117,1.0341605786654953,3.8136208021433,3.8136208021433,1285.6900373763,168.77479349412104,40,1.4239285752314
hs050,0.5,19,40,20.0,1.7894511754847454e-11,17,1.0,7.5,False,False,evaporated_in_SOL,0.207,0.40398069607768,0.55947865264122,0.40398069607768,1.0287784854734083,2.1423942396644997,2.1423942396644997,1320.9042948464,172.98704595293586,41,1.4202126523195
hs050,0.5,20,40,20.0,1.7894511754847454e-11,17,1.0,15.0,False,False,evaporated_in_SOL,0.217,0.38932704458343,0.57672233284728,0.38932704458343,1.0228889451841197,4.1257047158744005,4.1257047158744005,1320.9042973027,177.60412411753737,41,1.4268753769845
hs050,0.5,21,40,20.0,1.7894511754847454e-11,17,1.25,-15.0,False,False,upper_or_side_wall,0.205,0.27307839820117,0.95190996102919,0.27307839820117,1.2066295737819317,19.745741439068002,19.745741439068002,904.22630758286,1.980634683295537,54,1.3375189314364
hs050,0.5,22,40,20.0,1.7894511754847454e-11,17,1.25,-7.5,False,False,evaporated_in_SOL,0.186,0.38570429544627,0.58790329350364,0.38570429544627,1.0408450666900932,5.1599183174003,5.1599183174003,1257.1193707494,176.2578519736675,41,1.4354468046442
hs050,0.5,23,40,20.0,1.7894511754847454e-11,17,1.25,0.0,False,False,evaporated_in_SOL,0.183,0.42098368619445,0.53994094017469,0.42098368619445,1.0352300907473615,4.8293513058548,4.8293513058548,1285.6900373763,167.91524424574462,40,1.4355760604987
hs050,0.5,24,40,20.0,1.7894511754847454e-11,17,1.25,7.5,False,False,evaporated_in_SOL,0.192,0.4056705838526,0.55773948965231,0.4056705838526,1.0303420461699473,4.3090209577913,4.3090209577913,1320.9042973027,172.3554905636717,41,1.4229310600225
hs050,0.5,25,40,20.0,1.7894511754847454e-11,17,1.25,15.0,False,False,evaporated_in_SOL,0.204,0.38043638855592,0.5868005020112,0.38043638855592,1.0215440145597827,2.7672450886695,2.7672450886695,1354.9961439848,181.54721278208135,41,1.4330107977783
hs050,0.5,26,40,20.0,1.7894511754847454e-11,17,1.5,-15.0,False,False,upper_or_side_wall,0.181,0.30665818722935,0.94204761383213,0.30665818722935,1.200966666231803,19.699016977998998,19.699016977998998,913.87514879145,2.7068084595452624,53,1.3402588435085
hs050,0.5,27,40,20.0,1.7894511754847454e-11,17,1.5,-7.5,False,False,evaporated_in_SOL,0.17099999999999999,0.38856972332834,0.5839092299867,0.38856972332834,1.0391738353514302,4.7505417039109,4.7505417039109,1257.1193707494,175.21581600512786,41,1.4405029207789
hs050,0.5,28,40,20.0,1.7894511754847454e-11,17,1.5,0.0,False,False,evaporated_in_SOL,0.16899999999999998,0.42273246048117,0.5372113194062,0.42273246048117,1.034534996720176,4.9586753846232,4.9586753846232,1285.6900373763,167.93588454440916,40,1.4326035934342
hs050,0.5,29,40,20.0,1.7894511754847454e-11,17,1.5,7.5,False,False,evaporated_in_SOL,0.179,0.40175615269564,0.56135922160627,0.40175615269564,1.0258402836944815,3.2284136443737004,3.2284136443737004,1320.9042948464,174.01712803133177,41,1.430607016222
hs050,0.5,30,40,20.0,1.7894511754847454e-11,17,1.5,15.0,False,False,evaporated_in_SOL,0.191,0.38058756766569,0.59043949820945,0.38058756766569,1.0316737725872311,8.3593190736719,8.3593190736719,1321.0862236492,180.05591862553413,41,1.4342141115306
hs050,0.5,31,60,30.0,6.039397717261016e-11,16,1.0,-15.0,False,False,upper_or_side_wall,0.243,0.18649329164039,0.97546919945698,0.18649329164039,1.2098699690633472,29.962977436581998,29.962977436581998,789.09923563321,1.9136556555230506,56,1.5067613988538
hs050,0.5,32,60,30.0,6.039397717261016e-11,16,1.0,-7.5,False,False,upper_or_side_wall,0.299,-0.00038898969283109,0.98676740074474,-0.00038898969283109,1.1431075656054457,23.88588837551,23.88588837551,1066.2633777596,0.4445992552599698,61,2.1016288870633
hs050,0.5,33,60,30.0,6.039397717261016e-11,16,1.0,0.0,False,False,evaporated_in_SOL,0.19799999999999998,0.41045708345716,0.55337563543372,0.41045708345716,1.033975559066846,5.6767038166799,5.6767038166799,1288.1580312889,170.29339219465504,41,2.1758096734149
hs050,0.5,34,60,30.0,6.039397717261016e-11,16,1.0,7.5,False,False,evaporated_in_SOL,0.204,0.4116707582184,0.54904894389874,0.4116707582184,1.0281988141893827,8.3130299614676,8.3130299614676,1320.9042979106,171.3356561517872,41,2.1546522394308
hs050,0.5,35,60,30.0,6.039397717261016e-11,16,1.0,15.0,False,False,evaporated_in_SOL,0.214,0.3907913628137,0.5723570419127,0.3907913628137,1.0170969820969056,4.2795870477101,4.2795870477101,1354.9961450023,178.29321967196503,41,2.1570901152025
hs050,0.5,36,60,30.0,6.039397717261016e-11,16,1.25,-15.0,False,False,upper_or_side_wall,0.19799999999999998,0.28719850359621,0.94760053240492,0.28719850359621,1.2017193697825508,29.953186367448,29.953186367448,800.86213183688,2.442691369734699,54,2.0272812988766
hs050,0.5,37,60,30.0,6.039397717261016e-11,16,1.25,-7.5,False,False,upper_or_side_wall,0.258,0.077689432419386,0.98610973047245,0.077689432419386,1.158460103820925,25.529546427012,25.529546427012,1021.9976637157,1.1022695275499927,59,2.1015780276398
hs050,0.5,38,60,30.0,6.039397717261016e-11,16,1.25,0.0,False,False,evaporated_in_SOL,0.182,0.41423157555044,0.54757839527948,0.41423157555044,1.0321378376066284,6.2367385917876,6.2367385917876,1285.690040288,169.8124059713775,41,2.17563128333
hs050,0.5,39,60,30.0,6.039397717261016e-11,16,1.25,7.5,False,False,evaporated_in_SOL,0.19,0.40511682903105,0.55646987968822,0.40511682903105,1.025944054440006,4.7979921959271,4.7979921959271,1320.9042973027,173.4565171375818,41,2.156202268098
hs050,0.5,40,60,30.0,6.039397717261016e-11,16,1.25,15.0,False,False,evaporated_in_SOL,0.19999999999999998,0.39026916852382,0.57482392912721,0.39026916852382,1.0213215854419047,10.594586435639,10.594586435639,1354.9932600514,177.61764182899776,41,2.1570903747331
hs050,0.5,41,60,30.0,6.039397717261016e-11,16,1.5,-15.0,False,False,upper_or_side_wall,0.18,0.29968341656176,0.94548118008828,0.29968341656176,1.1948421559127922,29.907239315292,29.907239315292,832.90940117462,1.2192122144110076,53,2.0272812988805
hs050,0.5,42,60,30.0,6.039397717261016e-11,16,1.5,-7.5,False,False,upper_or_side_wall,0.239,0.090082648028425,0.98250154068753,0.090082648028425,1.1564832679459705,25.4673285286,25.4673285286,1022.0974741135,4.710459312469939,59,2.1604387925311
hs050,0.5,43,60,30.0,6.039397717261016e-11,16,1.5,0.0,False,False,evaporated_in_SOL,0.16799999999999998,0.41613268016343,0.54433559187125,0.41613268016343,1.0309810140571944,5.4982341799996,5.4982341799996,1318.3699431039,169.76728546748288,40,2.1855629764594
hs050,0.5,44,60,30.0,6.039397717261016e-11,16,1.5,7.5,False,False,evaporated_in_SOL,0.177,0.40195300673941,0.55978389170829,0.40195300673941,1.0231333089640475,3.2956958442312,3.2956958442312,1354.9961439848,174.61076125709695,41,2.1569808132236
hs050,0.5,45,60,30.0,6.039397717261016e-11,16,1.5,15.0,False,False,evaporated_in_SOL,0.188,0.3835603134636,0.58242217462921,0.3835603134636,1.0196442124130212,9.648161730347999,9.648161730347999,1354.9961465301,180.3959001998776,41,2.1605909409448
hs050,0.5,46,60,30.0,6.039397717261016e-11,17,1.0,-15.0,False,False,upper_or_side_wall,0.244,0.20202274030904,0.97280428809087,0.20202274030904,1.187681191984462,28.738893457234,28.738893457234,972.06607009691,0.4195594865554675,56,2.0062783977171
hs050,0.5,47,60,30.0,6.039397717261016e-11,17,1.0,-7.5,False,False,evaporated_in_SOL,0.19799999999999998,0.41168518196744,0.55378378123146,0.41168518196744,1.0380762841401023,5.5854612227769,5.5854612227769,1288.1580312889,169.02173646423466,41,2.1634053398812
hs050,0.5,48,60,30.0,6.039397717261016e-11,17,1.0,0.0,False,False,evaporated_in_SOL,0.20199999999999999,0.41482535405299,0.54528714507655,0.41482535405299,1.029371680115378,4.3644143642808,4.3644143642808,1318.3699418723,170.4216705852444,40,2.1906399193979
hs050,0.5,49,60,30.0,6.039397717261016e-11,17,1.0,7.5,False,False,evaporated_in_SOL,0.21,0.40013944471789,0.56225699959256,0.40013944471789,1.0227078436637913,3.9406487459605,3.9406487459605,1320.9042985312,174.99367455003684,41,2.1570367685129
hs050,0.5,50,60,30.0,6.039397717261016e-11,17,1.0,15.0,False,False,evaporated_in_SOL,0.219,0.38808301888022,0.57726372350459,0.38808301888022,1.020297024523598,10.111353675258,10.111353675258,1354.9961467633,178.48039422723812,41,2.1515977928544
hs050,0.5,51,60,30.0,6.039397717261016e-11,17,1.25,-15.0,False,False,upper_or_side_wall,0.22,0.22750906423622,0.96608248833885,0.22750906423622,1.1872421933170914,29.056915373725,29.056915373725,970.50880876949,0.23383903360698632,55,2.0103882652886
hs050,0.5,52,60,30.0,6.039397717261016e-11,17,1.25,-7.5,False,False,evaporated_in_SOL,0.182,0.41109132059463,0.555056646854,0.41109132059463,1.0386693074391051,5.1112193861235005,5.1112193861235005,1288.1580312889,168.92207209079817,41,2.1634065692262
hs050,0.5,53,60,30.0,6.039397717261016e-11,17,1.25,0.0,False,False,evaporated_in_SOL,0.186,0.41784363046808,0.54028832528711,0.41784363046808,1.027763642542449,5.7472633049594,5.7472633049594,1318.3699431039,170.38982513159695,40,2.1944744083001
hs050,0.5,54,60,30.0,6.039397717261016e-11,17,1.25,7.5,False,False,evaporated_in_SOL,0.19499999999999998,0.39941213481724,0.56221663966494,0.39941213481724,1.020363292682284,4.4241773982938,4.4241773982938,1354.99614473,175.64891427425275,41,2.1570723413176
hs050,0.5,55,60,30.0,6.039397717261016e-11,17,1.25,15.0,False,False,evaporated_in_SOL,0.206,0.37802902080922,0.5881538048094,0.37802902080922,1.0176544825989922,7.0587700554402,7.0587700554402,1356.2290689432,183.27316613839392,41,2.1608872120491
hs050,0.5,56,60,30.0,6.039397717261016e-11,17,1.5,-15.0,False,False,upper_or_side_wall,0.20299999999999999,0.23450148856242,0.96334404876749,0.23450148856242,1.1826240796494627,29.096478249755002,29.096478249755002,970.24174025004,1.045936140034769,55,2.0103882652912
hs050,0.5,57,60,30.0,6.039397717261016e-11,17,1.5,-7.5,False,False,evaporated_in_SOL,0.16799999999999998,0.40821680465414,0.56070628230509,0.40821680465414,1.038113477048107,3.8942536875425002,3.8942536875425002,1285.6900388321,168.68827720186155,41,2.2266818775712
hs050,0.5,58,60,30.0,6.039397717261016e-11,17,1.5,0.0,False,False,evaporated_in_SOL,0.172,0.41850787917319,0.53867817850612,0.41850787917319,1.0264277673969717,5.7138500611107,5.7138500611107,1318.3699431039,170.68219653219202,40,2.1941966944898
hs050,0.5,59,60,30.0,6.039397717261016e-11,17,1.5,7.5,False,False,evaporated_in_SOL,0.181,0.40198404101996,0.55966744275415,0.40198404101996,1.0229842780581344,9.3357286165954,9.3357286165954,1354.8268656194,174.6402379419413,41,2.1571064521098
hs050,0.5,60,60,30.0,6.039397717261016e-11,17,1.5,15.0,False,False,evaporated_in_SOL,0.19399999999999998,0.36860156060346,0.59788551000897,0.36860156060346,1.0130120853543618,3.9696167328588,3.9696167328588,1390.6752184133,188.86298497421768,41,2.1698090192733
hs050,0.5,61,80,40.0,1.4315609403877963e-10,16,1.0,-15.0,False,False,upper_or_side_wall,0.23099999999999998,0.23656620492318,0.9604655133497,0.23656620492318,1.1972903051760413,39.797166621075995,39.797166621075995,864.22676433385,3.2834526312458934,55,2.6805176870538
hs050,0.5,62,80,40.0,1.4315609403877963e-10,16,1.0,-7.5,False,False,evaporated_in_SOL,0.205,0.35634731780087,0.62489686028265,0.35634731780087,1.0391408635322839,4.4773671312124,4.4773671312124,1286.9578793868,194.49876773912487,41,2.884540655175
hs050,0.5,63,80,40.0,1.4315609403877963e-10,16,1.0,0.0,False,False,evaporated_in_SOL,0.19999999999999998,0.40773045686782,0.55827328632684,0.40773045686782,1.0281984456827868,4.1764369176364,4.1764369176364,1318.3699443355,170.295844893781,41,2.9251342648115
hs050,0.5,64,80,40.0,1.4315609403877963e-10,16,1.0,7.5,False,False,evaporated_in_SOL,0.206,0.40956613697481,0.54855106499674,0.40956613697481,1.0217569478508348,10.328069151822,10.328069151822,1354.9961460198,173.41695153883435,41,2.9274561271405
hs050,0.5,65,80,40.0,1.4315609403877963e-10,16,1.0,15.0,False,False,evaporated_in_SOL,0.215,0.39382361131732,0.56801087158633,0.39382361131732,1.0162256116891544,13.545647937402,13.545647937402,1354.9961467834,177.71671229028507,41,2.8969703157831
hs050,0.5,66,80,40.0,1.4315609403877963e-10,16,1.25,-15.0,False,False,upper_or_side_wall,0.21,0.25117231996943,0.95758118429338,0.25117231996943,1.1913922481334702,39.817785424233,39.817785424233,860.25835241762,2.2428740735800283,55,2.7030417318417
hs050,0.5,67,80,40.0,1.4315609403877963e-10,16,1.25,-7.5,False,False,evaporated_in_SOL,0.19,0.34926227074357,0.63379111624688,0.34926227074357,1.0414643443766203,4.272245326201,4.272245326201,1258.9250370483,200.3287667923344,41,2.9955363015418
hs050,0.5,68,80,40.0,1.4315609403877963e-10,16,1.25,0.0,False,False,evaporated_in_SOL,0.184,0.41187844610585,0.55017999503906,0.41187844610585,1.0265710782889832,5.1824490324107995,5.1824490324107995,1320.9042948459,170.60441532545076,41,2.9270623293888
hs050,0.5,69,80,40.0,1.4315609403877963e-10,16,1.25,7.5,False,False,evaporated_in_SOL,0.192,0.40212953366066,0.55733054394058,0.40212953366066,1.0185122817820855,4.4913885612803,4.4913885612803,1354.9961462745,175.64890978697244,41,2.8790235052738
hs050,0.5,70,80,40.0,1.4315609403877963e-10,16,1.25,15.0,False,False,evaporated_in_SOL,0.20199999999999999,0.38502356452297,0.57758890735038,0.38502356452297,1.011535998562657,9.8107985500933,9.8107985500933,1390.9199969599,181.0926610424766,41,2.9042759249014
hs050,0.5,71,80,40.0,1.4315609403877963e-10,16,1.5,-15.0,False,False,upper_or_side_wall,0.19599999999999998,0.24869584796341,0.95771571643507,0.24869584796341,1.1842587097898885,39.715641594545,39.715641594545,887.78440596144,2.7614443050982325,55,2.7030417318417
hs050,0.5,72,80,40.0,1.4315609403877963e-10,16,1.5,-7.5,False,False,evaporated_in_SOL,0.175,0.35243124478889,0.63244571113039,0.35243124478889,1.041794869734109,4.5970831554673,4.5970831554673,1258.9250361972,197.33346922221904,41,2.9955368981783
hs050,0.5,73,80,40.0,1.4315609403877963e-10,16,1.5,0.0,False,False,evaporated_in_SOL,0.16999999999999998,0.41356606374773,0.54668982063972,0.41356606374773,1.0253533055686472,5.4268004716112,5.4268004716112,1318.3699449522,170.82634669167336,40,2.9271387036414
hs050,0.5,74,80,40.0,1.4315609403877963e-10,16,1.5,7.5,False,False,evaporated_in_SOL,0.178,0.40579542957126,0.55222211183864,0.40579542957126,1.0190622678433578,10.588151573078,10.588151573078,1354.9961460305,174.92804243822025,41,2.8916024158131
hs050,0.5,75,80,40.0,1.4315609403877963e-10,16,1.5,15.0,False,False,evaporated_in_SOL,0.19,0.37731843030476,0.58613983591366,0.37731843030476,1.010094770856942,6.6434534487567,6.6434534487567,1408.5572291736,184.68338882569233,41,2.899942093838
hs050,0.5,76,80,40.0,1.4315609403877963e-10,17,1.0,-15.0,False,False,upper_or_side_wall,0.33599999999999997,-0.023137891402774,0.98674143731681,-0.023137891402774,1.1188209184476239,24.656394617334,24.656394617334,1070.6076069744,0.47056268319001227,62,2.9955363751765
hs050,0.5,77,80,40.0,1.4315609403877963e-10,17,1.0,-7.5,False,False,evaporated_in_SOL,0.19999999999999998,0.40601685954591,0.56949561029868,0.40601685954591,1.03318865802487,4.8652781170305,4.8652781170305,1285.6900406565,166.33893759663152,41,3.0165491211935
hs050,0.5,78,80,40.0,1.4315609403877963e-10,17,1.0,0.0,False,False,evaporated_in_SOL,0.204,0.4132368097326,0.54459831932025,0.4132368097326,1.0237866358982606,5.3570521596841,5.3570521596841,1353.2600564912,172.14249227490782,40,2.9274206690692
hs050,0.5,79,80,40.0,1.4315609403877963e-10,17,1.0,7.5,False,False,evaporated_in_SOL,0.211,0.40372819687371,0.55541105029093,0.40372819687371,1.0194123049041024,10.89430769214,10.89430769214,1354.9961462742,175.18472662522666,41,2.8927836861981
hs050,0.5,80,80,40.0,1.4315609403877963e-10,17,1.0,15.0,False,False,evaporated_in_SOL,0.221,0.38158537606515,0.58126021601215,0.38158537606515,1.0104138257801818,7.2447102736351,7.2447102736351,1390.919996555,182.67280248489152,41,2.9049803329208
hs050,0.5,81,80,40.0,1.4315609403877963e-10,17,1.25,-15.0,False,False,upper_or_side_wall,0.247,0.13416366624578,0.98531996254435,0.13416366624578,1.1595596045799201,35.306995103756,35.306995103756,1022.1070643185,1.8920374556500308,58,3.1965136850497
hs050,0.5,82,80,40.0,1.4315609403877963e-10,17,1.25,-7.5,False,False,evaporated_in_SOL,0.184,0.40418011490249,0.57572388188618,0.40418011490249,1.0346494526344134,4.5931345077615,4.5931345077615,1285.690040289,164.91703382001162,41,3.018641818761
hs050,0.5,83,80,40.0,1.4315609403877963e-10,17,1.25,0.0,False,False,evaporated_in_SOL,0.188,0.41528002147339,0.54058435233959,0.41528002147339,1.0216856392771057,6.5077823810746995,6.5077823810746995,1353.260057515,172.42027096550925,40,2.9274149302441
hs050,0.5,84,80,40.0,1.4315609403877963e-10,17,1.25,7.5,False,False,evaporated_in_SOL,0.19599999999999998,0.40150353562639,0.55786939326202,0.40150353562639,1.0177083301825796,11.940854148383,11.940854148383,1354.9961465286,175.93409117715134,41,2.8904512657917
hs050,0.5,85,80,40.0,1.4315609403877963e-10,17,1.25,15.0,False,False,evaporated_in_SOL,0.207,0.37724790383235,0.58779724460416,0.37724790383235,1.0142793722415395,12.505837490624,12.505837490624,1390.675218816,184.13072447441905,41,2.9393149494064
hs050,0.5,86,80,40.0,1.4315609403877963e-10,17,1.5,-15.0,False,False,upper_or_side_wall,0.215,0.19633213254868,0.97334542425402,0.19633213254868,1.1646723228281974,36.748352049594,36.748352049594,1022.10647494,1.387260264496615,56,3.2712779273248
hs050,0.5,87,80,40.0,1.4315609403877963e-10,17,1.5,-7.5,False,False,evaporated_in_SOL,0.16999999999999998,0.4008342667674,0.5868786776097,0.4008342667674,1.0348515369654154,4.2625726618473,4.2625726618473,1285.6900395605,162.8284391585779,41,3.0184640542829
hs050,0.5,88,80,40.0,1.4315609403877963e-10,17,1.5,0.0,False,False,evaporated_in_SOL,0.174,0.41508257615995,0.54002932477449,0.41508257615995,1.0201277316928385,5.7210499752658,5.7210499752658,1353.260057515,172.877470171528,40,2.927464916891
hs050,0.5,89,80,40.0,1.4315609403877963e-10,17,1.5,7.5,False,False,evaporated_in_SOL,0.183,0.39582916247449,0.56325422514461,0.39582916247449,1.0114033864615257,6.9830380254033,6.9830380254033,1390.9199965542,178.27590067188382,41,2.8955391065447
hs050,0.5,90,80,40.0,1.4315609403877963e-10,17,1.5,15.0,False,False,evaporated_in_SOL,0.19499999999999998,0.36774401289802,0.5973907696366,0.36774401289802,1.008512696962158,8.596172963682301,8.596172963682301,1390.675218816,189.8309745673209,41,2.9487640965651
hs050,0.5,91,100,50.0,2.796017461694915e-10,16,1.0,-15.0,False,False,upper_or_side_wall,0.248,0.17997822009178,0.97666656741366,0.17997822009178,1.1871334479909186,49.216168908187996,49.216168908187996,947.17294903219,2.4638850641200687,56,3.3788021648021
hs050,0.5,92,100,50.0,2.796017461694915e-10,16,1.0,-7.5,False,False,upper_or_side_wall,0.212,0.2835135936588,0.94428130753466,0.2835135936588,1.036886312011484,7.4852882321636,7.4852882321636,1288.1580334915,6.610935579378179,54,3.7647216474259
hs050,0.5,93,100,50.0,2.796017461694915e-10,16,1.0,0.0,False,False,evaporated_in_SOL,0.20099999999999998,0.4116397553617,0.54812965074423,0.4116397553617,1.0221388234972533,6.5155904184157,6.5155904184157,1353.2600590509,171.80956276422344,41,3.6593245734659
hs050,0.5,94,100,50.0,2.796017461694915e-10,16,1.0,7.5,False,False,evaporated_in_SOL,0.208,0.40412866343124,0.55266639664688,0.40412866343124,1.0148568705117027,5.5631495378822,5.5631495378822,1390.9199961485,176.1687518910054,41,3.6593428430048
hs050,0.5,95,100,50.0,2.796017461694915e-10,16,1.0,15.0,False,False,evaporated_in_SOL,0.217,0.38719585275199,0.5721660901899,0.38719585275199,1.0054488190856747,7.0300584399797,7.0300584399797,1409.4054390233,181.56690114524562,41,3.6553060164135
hs050,0.5,96,100,50.0,2.796017461694915e-10,16,1.25,-15.0,False,False,upper_or_side_wall,0.22799999999999998,0.19046638042093,0.97364872033725,0.19046638042093,1.1815883351865542,49.330454777522,49.330454777522,932.04813265938,2.630361639681744,56,3.3788021648021
hs050,0.5,97,100,50.0,2.796017461694915e-10,16,1.25,-7.5,False,False,upper_or_side_wall,0.19599999999999998,0.28540211251618,0.92880371941788,0.28540211251618,1.037863401883987,7.9580876306946005,7.9580876306946005,1288.1580335874,21.054115324959625,54,3.767710646097
hs050,0.5,98,100,50.0,2.796017461694915e-10,16,1.25,0.0,False,False,evaporated_in_SOL,0.185,0.41492927551665,0.54154643350438,0.41492927551665,1.0216390414076713,7.6919632467782995,7.6919632467782995,1353.2600593106,172.22377337486176,40,3.6593326238984
hs050,0.5,99,100,50.0,2.796017461694915e-10,16,1.25,7.5,False,False,evaporated_in_SOL,0.193,0.4032983933275,0.55283198208775,0.4032983933275,1.012643316533824,7.5449298355583,7.5449298355583,1390.9199965542,176.81387495365465,41,3.639336833249
hs050,0.5,100,100,50.0,2.796017461694915e-10,16,1.25,15.0,False,False,evaporated_in_SOL,0.20299999999999999,0.38380637646024,0.5772487391386,0.38380637646024,1.006937758834892,13.814373501561,13.814373501561,1409.4054356062,182.33760269855034,41,3.6848205691725
hs050,0.5,101,100,50.0,2.796017461694915e-10,16,1.5,-15.0,False,False,upper_or_side_wall,0.19999999999999998,0.23940178231474,0.96135812188672,0.23940178231474,1.173930987013662,49.169389724641,49.169389724641,957.72210123828,1.6795501566144426,55,4.1368703957721
hs050,0.5,102,100,50.0,2.796017461694915e-10,16,1.5,-7.5,False,False,upper_or_side_wall,0.182,0.28401197581085,0.95015719799702,0.28401197581085,1.0376652075988313,8.4668094535906,8.4668094535906,1288.1580331075,0.8095375450761719,54,3.995642316373
hs050,0.5,103,100,50.0,2.796017461694915e-10,16,1.5,0.0,False,False,evaporated_in_SOL,0.17099999999999999,0.41613467048257,0.5386385069767,0.41613467048257,1.0202226500925504,7.7047202684496,7.7047202684496,1353.2600593575,172.71230519016558,40,3.6593354095706
hs050,0.5,104,100,50.0,2.796017461694915e-10,16,1.5,7.5,False,False,evaporated_in_SOL,0.179,0.40527222603299,0.55052672257359,0.40527222603299,1.0138647579185953,14.839907186781,14.839907186781,1390.9199968819,176.20931432943812,41,3.6571461652298
hs050,0.5,105,100,50.0,2.796017461694915e-10,16,1.5,15.0,False,False,evaporated_in_SOL,0.191,0.3757818936163,0.58597701940284,0.3757818936163,1.0048840387124787,8.9460967168358,8.9460967168358,1408.5599365535,186.16848765326154,41,3.7060192055093
hs050,0.5,106,100,50.0,2.796017461694915e-10,17,1.0,-15.0,False,False,upper_or_side_wall,0.22499999999999998,0.2272771193922,0.95521639950398,0.2272771193922,1.047321739400808,9.725969180265901,9.725969180265901,1258.9250374733,10.781589743617234,55,3.9956423161433
hs050,0.5,107,100,50.0,2.796017461694915e-10,17,1.0,-7.5,False,False,evaporated_in_SOL,0.20199999999999999,0.39980365042593,0.59108449182352,0.39980365042593,1.0289649093273705,5.1339320084426,5.1339320084426,1318.3699452661,162.03935379657273,41,3.7751281023707
hs050,0.5,108,100,50.0,2.796017461694915e-10,17,1.0,0.0,False,False,evaporated_in_SOL,0.205,0.41502107410588,0.53838006184371,0.41502107410588,1.0168590296749966,10.649700222487,10.649700222487,1353.2600599471,173.79430103018993,40,3.6593423201651
hs050,0.5,109,100,50.0,2.796017461694915e-10,17,1.0,7.5,False,False,evaporated_in_SOL,0.212,0.40301352140059,0.55410081988696,0.40301352140059,1.0144393854608038,15.576196165939999,15.576196165939999,1390.9199969599,176.44613086207667,41,3.6563214015272
hs050,0.5,110,100,50.0,2.796017461694915e-10,17,1.0,15.0,False,False,evaporated_in_SOL,0.222,0.37983207062337,0.58132698004043,0.37983207062337,1.0051324588705468,9.334043546859501,9.334043546859501,1409.4054390234,184.2481683516734,41,3.6751831114557
hs050,0.5,111,100,50.0,2.796017461694915e-10,17,1.25,-15.0,False,False,upper_or_side_wall,0.313,0.0032077573887074,0.98476783773396,0.0032077573887074,1.1035339507322741,24.50780030893,24.50780030893,1120.2912112545,2.44416226603994,61,4.0890974172673
hs050,0.5,112,100,50.0,2.796017461694915e-10,17,1.25,-7.5,False,False,upper_or_side_wall,0.192,0.33550088016309,0.89547017189056,0.33550088016309,1.029768436532161,5.2105241906565,5.2105241906565,1318.3699461446,40.10747243160564,52,3.7751018780112
hs050,0.5,113,100,50.0,2.796017461694915e-10,17,1.25,0.0,False,False,evaporated_in_SOL,0.189,0.41630362966343,0.53580352188029,0.41630362966343,1.0153352977781864,11.60571310691,11.60571310691,1391.191221532,174.08743650717446,40,3.6675300906727
hs050,0.5,114,100,50.0,2.796017461694915e-10,17,1.25,7.5,False,False,evaporated_in_SOL,0.19699999999999998,0.40021272977939,0.55724576277726,0.40021272977939,1.0123984700662136,15.84457802793,15.84457802793,1390.9199970158,177.36528308651225,41,3.6321181340689
hs050,0.5,115,100,50.0,2.796017461694915e-10,17,1.25,15.0,False,False,evaporated_in_SOL,0.208,0.37467572744122,0.58861454034646,0.37467572744122,1.008311567732223,14.707411048376,14.707411048376,1408.559936632,186.22765290525342,41,3.6797071865903
hs050,0.5,116,100,50.0,2.796017461694915e-10,17,1.5,-15.0,False,False,upper_or_side_wall,0.239,0.11194019555225,0.98296610013994,0.11194019555225,1.14067468834974,42.041673455828004,42.041673455828004,1071.328310301,4.245899860059965,58,4.136870396711
hs050,0.5,117,100,50.0,2.796017461694915e-10,17,1.5,-7.5,False,False,upper_or_side_wall,0.178,0.33150015678259,0.93093922799387,0.33150015678259,1.0294213591783063,5.2319754946917,5.2319754946917,1318.369945418,6.923354784112872,52,3.7751568933188
hs050,0.5,118,100,50.0,2.796017461694915e-10,17,1.5,0.0,False,False,evaporated_in_SOL,0.175,0.41576808241367,0.53555657283045,0.41576808241367,1.0135540813261439,9.2582162465077,9.2582162465077,1391.1912422837,174.67142160053626,40,3.6600666598157
hs050,0.5,119,100,50.0,2.796017461694915e-10,17,1.5,7.5,False,False,evaporated_in_SOL,0.184,0.39444539693505,0.562558066018,0.39444539693505,1.0056457889787689,9.4345605757435,9.4345605757435,1409.4054390233,179.82358524971582,41,3.6940275249748
hs050,0.5,120,100,50.0,2.796017461694915e-10,17,1.5,15.0,False,False,evaporated_in_SOL,0.19599999999999998,0.36499800402428,0.59822414539991,0.36499800402428,1.0012468492690934,9.389795089132301,9.389795089132301,1408.5599365536,192.1948589930996,41,3.7499338363376
hs050,0.5,121,125,62.5,5.460971604872881e-10,16,1.0,-15.0,False,False,upper_or_side_wall,0.27299999999999996,0.095851045425059,0.98565146708975,0.095851045425059,1.1588501117022965,57.348061574188996,57.348061574188996,1021.9951795316,1.5605329102499343,59,4.9945528880465
hs050,0.5,122,125,62.5,5.460971604872881e-10,16,1.0,-7.5,False,False,upper_or_side_wall,0.21,0.31522411518878,0.90452835279026,0.31522411518878,1.0291549254067887,10.174486502232,10.174486502232,1320.9040632046,36.67439761085562,53,4.7188512102106
hs050,0.5,123,125,62.5,5.460971604872881e-10,16,1.0,0.0,False,False,evaporated_in_SOL,0.20199999999999999,0.41434657565696,0.53926444747697,0.41434657565696,1.0166202516289935,11.932936132155,11.932936132155,1353.260060327,173.90432455491248,40,4.5833861159876
hs050,0.5,124,125,62.5,5.460971604872881e-10,16,1.0,7.5,False,False,evaporated_in_SOL,0.209,0.40482769211358,0.54833817541437,0.40482769211358,1.0083096913535692,10.781901877546,10.781901877546,1409.4054390233,177.66152773521617,41,4.5975596042602
hs050,0.5,125,125,62.5,5.460971604872881e-10,16,1.0,15.0,True,False,evaporated_inside_lcfs,0.218,0.38646048996053,0.57073762072651,0.38646048996053,0.9997732289756953,11.714090026141,11.714090026141,1428.7880385314,182.87960912490124,41,4.6641135750037
hs050,0.5,126,125,62.5,5.460971604872881e-10,16,1.25,-15.0,False,False,upper_or_side_wall,0.22699999999999998,0.20049849442528,0.97116723884019,0.20049849442528,1.1694682811731367,60.485961470175,60.485961470175,1005.6621548337,2.3985895541379847,56,5.1710879958688
hs050,0.5,127,125,62.5,5.460971604872881e-10,16,1.25,-7.5,False,False,upper_or_side_wall,0.19499999999999998,0.30852909516526,0.94397242321661,0.30852909516526,1.0298478779086138,10.962564566361,10.962564566361,1318.3699465905,0.3592911266966888,53,4.7188222395765
hs050,0.5,128,125,62.5,5.460971604872881e-10,16,1.25,0.0,False,False,evaporated_in_SOL,0.186,0.4169321358059,0.53411580828772,0.4169321358059,1.0141871971074579,11.574120975118,11.574120975118,1391.1912423864,174.48165021846003,40,4.58326696796
hs050,0.5,129,125,62.5,5.460971604872881e-10,16,1.25,7.5,False,False,evaporated_in_SOL,0.19399999999999998,0.4031528807624,0.54996690642657,0.4031528807624,1.0061607724346797,12.128508664424,12.128508664424,1409.4054390233,178.3335814913593,41,4.585995460805
hs050,0.5,130,125,62.5,5.460971604872881e-10,16,1.25,15.0,False,False,evaporated_in_SOL,0.204,0.38210290864627,0.57705494057656,0.38210290864627,1.0011715963614134,18.129768225109,18.129768225109,1409.4054392209,183.95943161860575,41,4.6919398910739
hs050,0.5,131,125,62.5,5.460971604872881e-10,16,1.5,-15.0,False,False,upper_or_side_wall,0.204,0.22914760510661,0.96491306441934,0.22914760510661,1.1651856724037903,60.753631871998,60.753631871998,1002.7473252315,0.9334516272924908,55,5.2138024635401
hs050,0.5,132,125,62.5,5.460971604872881e-10,16,1.5,-7.5,False,False,upper_or_side_wall,0.18,0.3163902701114,0.91181892865801,0.3163902701114,1.030364744564084,11.570110125750999,11.570110125750999,1318.3699462887,29.332824558902775,53,4.9945528956178
hs050,0.5,133,125,62.5,5.460971604872881e-10,16,1.5,0.0,False,False,evaporated_in_SOL,0.172,0.41768267183053,0.53176512920368,0.41768267183053,1.0122532070362174,10.69515615675,10.69515615675,1391.1912424886,175.16344890927147,40,4.5923680173916
hs050,0.5,134,125,62.5,5.460971604872881e-10,16,1.5,7.5,False,False,evaporated_in_SOL,0.181,0.39860209374283,0.55449787845616,0.39860209374283,1.0016427066220517,6.4345311525094,6.4345311525094,1409.4054390233,180.10845611925828,41,4.6017601591328
hs050,0.5,135,125,62.5,5.460971604872881e-10,16,1.5,15.0,True,False,evaporated_inside_lcfs,0.192,0.37388277332823,0.58577465765444,0.37388277332823,0.9979393206846325,9.584296234318,9.584296234318,1465.470844248,188.0057877910603,41,4.704374186346
hs050,0.5,136,125,62.5,5.460971604872881e-10,17,1.0,-15.0,False,False,upper_or_side_wall,0.22,0.27792190113221,0.94707239105188,0.27792190113221,1.0407128091025948,16.947852322255997,16.947852322255997,1257.1193713875,5.381280534322033,54,5.1113717717293
hs050,0.5,137,125,62.5,5.460971604872881e-10,17,1.0,-7.5,False,False,evaporated_in_SOL,0.20199999999999999,0.41315152943961,0.55165840262426,0.41315152943961,1.022532175051765,8.806176641311401,8.806176641311401,1353.2600593771,168.77325702075382,41,4.718965639107
hs050,0.5,138,125,62.5,5.460971604872881e-10,17,1.0,0.0,False,False,evaporated_in_SOL,0.206,0.41556213469002,0.53410467475853,0.41556213469002,1.0106545691757323,15.082806364482,15.082806364482,1391.1912427959,175.63364208913194,40,4.5950171239619
hs050,0.5,139,125,62.5,5.460971604872881e-10,17,1.0,7.5,False,False,evaporated_in_SOL,0.214,0.39631635422826,0.5581770746613,0.39631635422826,1.0022842996201522,7.2234990742999,7.2234990742999,1409.4054390233,180.31781731339447,41,4.5979180035941
hs050,0.5,140,125,62.5,5.460971604872881e-10,17,1.0,15.0,True,False,evaporated_inside_lcfs,0.223,0.37782612474261,0.58123321566164,0.37782612474261,0.9986382769060917,10.49404181149,10.49404181149,1466.4433766806,186.12251567585477,41,4.6816972641151
hs050,0.5,141,125,62.5,5.460971604872881e-10,17,1.25,-15.0,False,False,upper_or_side_wall,0.213,0.23607669650257,0.95712821584707,0.23607669650257,1.0496563789464144,19.917675552484003,19.917675552484003,1257.1193719817,6.632494117577629,55,5.1710879959163
hs050,0.5,142,125,62.5,5.460971604872881e-10,17,1.25,-7.5,False,False,evaporated_in_SOL,0.187,0.40166721681972,0.58811280717306,0.40166721681972,1.0233786613756486,6.433727221920599,6.433727221920599,1318.3707958585,161.55353636175155,41,4.7189645952055
hs050,0.5,143,125,62.5,5.460971604872881e-10,17,1.25,0.0,False,False,evaporated_in_SOL,0.19,0.41630377748165,0.53238010365587,0.41630377748165,1.0097363752297785,16.078981784838998,16.078981784838998,1391.1912427991,175.96436306143264,40,4.5938690350415
hs050,0.5,144,125,62.5,5.460971604872881e-10,17,1.25,7.5,True,False,evaporated_inside_lcfs,0.19899999999999998,0.393054474696,0.56142247236124,0.393054474696,0.9989526966842469,6.6423689534317,6.6423689534317,1429.9597215123,181.5911065268922,41,4.6381011036368
hs050,0.5,145,125,62.5,5.460971604872881e-10,17,1.25,15.0,False,False,evaporated_in_SOL,0.209,0.37201455492869,0.58917483029411,0.37201455492869,1.0003323593662135,17.049042393662003,17.049042393662003,1428.7948995842,188.51380775058868,41,4.6845878136524
hs050,0.5,146,125,62.5,5.460971604872881e-10,17,1.5,-15.0,False,False,upper_or_side_wall,0.213,0.18038405818749,0.97162560545847,0.18038405818749,1.0632292176858902,24.534304431393,24.534304431393,1221.3802181699,7.222731416466473,56,5.1710879959234
hs050,0.5,147,125,62.5,5.460971604872881e-10,17,1.5,-7.5,False,False,evaporated_in_SOL,0.17099999999999999,0.41612993336212,0.54782157449477,0.41612993336212,1.0226155293267973,8.4656591052784,8.4656591052784,1353.2600592726,168.03640871503114,40,4.7189662362224
hs050,0.5,148,125,62.5,5.460971604872881e-10,17,1.5,0.0,False,False,evaporated_in_SOL,0.176,0.41544415522065,0.53235905445183,0.41544415522065,1.007503562331844,13.565473305300001,13.565473305300001,1410.5837679137,176.69166486520646,40,4.6030002739105
hs050,0.5,149,125,62.5,5.460971604872881e-10,17,1.5,7.5,True,False,evaporated_inside_lcfs,0.185,0.39267438896415,0.56190179325269,0.39267438896415,0.9987726591740921,12.222672845857,12.222672845857,1429.9592376673,181.6903091095335,41,4.6350424676162
hs050,0.5,150,125,62.5,5.460971604872881e-10,17,1.5,15.0,True,False,evaporated_inside_lcfs,0.19699999999999998,0.36233245282265,0.5985786341251,0.36233245282265,0.9928568915777015,7.7082468236816,7.7082468236816,1465.470844248,194.6354850993627,41,4.6876974271157
hs050,0.5,151,150,75.0,9.436558933220338e-10,16,1.0,-15.0,False,False,upper_or_side_wall,0.283,0.067600491872855,0.98335244086144,0.067600491872855,1.1379717786140977,66.14331328062701,66.14331328062701,1070.47022538,3.8595591385599537,59,6.2053055950817
hs050,0.5,152,150,75.0,9.436558933220338e-10,16,1.0,-7.5,False,False,upper_or_side_wall,0.211,0.31998263134152,0.92450976478965,0.31998263134152,1.0236870984411672,13.058078102849999,13.058078102849999,1320.9041504222,16.14413320838315,53,5.6627570379491
hs050,0.5,153,150,75.0,9.436558933220338e-10,16,1.0,0.0,False,False,evaporated_in_SOL,0.20299999999999999,0.41488442040741,0.53443018305311,0.41488442040741,1.0094463845988053,11.764098838958,11.764098838958,1391.1912429495,176.02461694668526,40,5.5209569923542
hs050,0.5,154,150,75.0,9.436558933220338e-10,16,1.0,7.5,False,False,evaporated_in_SOL,0.21,0.40378958450569,0.54666052878951,0.40378958450569,1.0020244467927168,13.690167375715001,13.690167375715001,1409.4054392976,179.3841698790315,41,5.6002070898033
hs050,0.5,155,150,75.0,9.436558933220338e-10,16,1.0,15.0,True,False,evaporated_inside_lcfs,0.219,0.38465212495807,0.57029685602535,0.38465212495807,0.993099007816426,9.3933682163453,9.3933682163453,1466.4433766806,184.68618037570934,41,5.642277516727
hs050,0.5,156,150,75.0,9.436558933220338e-10,16,1.25,-15.0,False,False,upper_or_side_wall,0.241,0.15274535830523,0.98185892303845,0.15274535830523,1.160457552759825,71.089325447354,71.089325447354,1021.9909726892,2.7628270788203455,57,6.2565629562539
hs050,0.5,157,150,75.0,9.436558933220338e-10,16,1.25,-7.5,False,False,upper_or_side_wall,0.19499999999999998,0.32003215262295,0.92839908200504,0.32003215262295,1.0243133720039619,13.6958556659,13.6958556659,1318.369947284,12.377530287141402,53,5.9934634747533
hs050,0.5,158,150,75.0,9.436558933220338e-10,16,1.25,0.0,False,False,evaporated_in_SOL,0.187,0.41685751179269,0.53035865111379,0.41685751179269,1.0078412361650078,14.021308661286001,14.021308661286001,1410.5837679135,176.63708172291655,40,5.5147187066452
hs050,0.5,159,150,75.0,9.436558933220338e-10,16,1.25,7.5,True,False,evaporated_inside_lcfs,0.19499999999999998,0.40160612798351,0.54897516694722,0.40160612798351,0.9995754652134933,14.288703992177,14.288703992177,1429.9597215593,180.16737018781035,41,5.5928576251092
hs050,0.5,160,150,75.0,9.436558933220338e-10,16,1.25,15.0,True,False,evaporated_inside_lcfs,0.205,0.37969143791684,0.57730770607472,0.37969143791684,0.9942574313842151,16.089277680393,16.089277680393,1466.4433766758,186.03532626543395,41,5.6595879566827
hs050,0.5,161,150,75.0,9.436558933220338e-10,16,1.5,-15.0,False,False,upper_or_side_wall,0.22,0.17335524984564,0.97550228665944,0.17335524984564,1.1564324271371635,71.52844033196,71.52844033196,1021.9760056444,5.01249734213071,57,6.2565629562609
hs050,0.5,162,150,75.0,9.436558933220338e-10,16,1.5,-7.5,False,False,upper_or_side_wall,0.18,0.32551931495164,0.90870254379331,0.32551931495164,1.0243493561124082,13.873214597129,13.873214597129,1318.3699472495,29.950253831889942,52,5.9934634747566
hs050,0.5,163,150,75.0,9.436558933220338e-10,16,1.5,0.0,False,False,evaporated_in_SOL,0.173,0.41726049340504,0.52844858989346,0.41726049340504,1.0057358856828167,12.669128040168,12.669128040168,1410.5837679137,177.39169990831687,40,5.5437217317607
hs050,0.5,164,150,75.0,9.436558933220338e-10,16,1.5,7.5,False,False,evaporated_in_SOL,0.181,0.40190885460755,0.54919956106328,0.40190885460755,1.0009189259534024,22.411152627149,22.411152627149,1409.4054392012,179.7937418781166,41,5.605360699676
hs050,0.5,165,150,75.0,9.436558933220338e-10,16,1.5,15.0,True,False,evaporated_inside_lcfs,0.192,0.37597613381284,0.583453890182,0.37597613381284,0.9987813503476235,26.116308466350997,26.116308466350997,1465.4708442337,186.94945523472916,41,5.6613839145718
hs050,0.5,166,150,75.0,9.436558933220338e-10,17,1.0,-15.0,False,False,upper_or_side_wall,0.217,0.30538789023614,0.92743134339594,0.30538789023614,1.033404968292812,21.139395129321,21.139395129321,1285.6900419617,17.145783667407795,53,6.1336461261002
hs050,0.5,167,150,75.0,9.436558933220338e-10,17,1.0,-7.5,False,False,evaporated_in_SOL,0.20299999999999999,0.41395905383055,0.54499113972322,0.41395905383055,1.0163707922594478,9.1051510976861,9.1051510976861,1353.2600601766,171.32052237889533,40,5.6627598249349
hs050,0.5,168,150,75.0,9.436558933220338e-10,17,1.0,0.0,False,False,evaporated_in_SOL,0.207,0.41443800001628,0.53241950931654,0.41443800001628,1.005028807595098,18.031160866566,18.031160866566,1410.583768033,177.49762747179952,40,5.5569952059859
hs050,0.5,169,150,75.0,9.436558933220338e-10,17,1.0,7.5,False,False,evaporated_in_SOL,0.214,0.39946619907251,0.55319654370932,0.39946619907251,1.0015790565746256,22.813780551445,22.813780551445,1409.405439206,179.98578132031295,41,5.6014619317738
hs050,0.5,170,150,75.0,9.436558933220338e-10,17,1.0,15.0,True,False,evaporated_inside_lcfs,0.223,0.37982720367152,0.57883420198797,0.37982720367152,0.9984987378378968,26.967336260933997,26.967336260933997,1465.7501190385,185.27339925359092,41,5.6568101590231
hs050,0.5,171,150,75.0,9.436558933220338e-10,17,1.25,-15.0,False,False,upper_or_side_wall,0.206,0.28017068572964,0.93575810429374,0.28017068572964,1.0402149480099026,25.515805463825,25.515805463825,1257.1193715342,15.712069726937637,54,6.205305595112
hs050,0.5,172,150,75.0,9.436558933220338e-10,17,1.25,-7.5,False,False,evaporated_in_SOL,0.186,0.41909715157163,0.53467248782373,0.41909715157163,1.0163872097693334,12.673861729641,12.673861729641,1353.26006036,172.36874557636986,40,5.6627598421346
hs050,0.5,173,150,75.0,9.436558933220338e-10,17,1.25,0.0,False,False,evaporated_in_SOL,0.191,0.4148589551585,0.53107347233904,0.4148589551585,1.003912659369155,18.684442179657,18.684442179657,1410.5837680727,177.8916817988404,40,5.5879322192464
hs050,0.5,174,150,75.0,9.436558933220338e-10,17,1.25,7.5,True,False,evaporated_inside_lcfs,0.19899999999999998,0.39597286516274,0.55699352871656,0.39597286516274,0.9987420279324222,21.912566331247,21.912566331247,1429.9597018957,181.19325435913933,41,5.6281634772475
hs050,0.5,175,150,75.0,9.436558933220338e-10,17,1.25,15.0,True,False,evaporated_inside_lcfs,0.21,0.36912525656417,0.5896743033827,0.36912525656417,0.9913796935479497,11.739788503450999,11.739788503450999,1465.470844248,191.0464129111267,41,5.7146606552782
hs050,0.5,176,150,75.0,9.436558933220338e-10,17,1.5,-15.0,False,False,upper_or_side_wall,0.19499999999999998,0.26450476030941,0.94785663060425,0.26450476030941,1.0471150796088708,28.161491361482,28.161491361482,1257.1193718437,8.137379676877565,54,6.2707514282482
hs050,0.5,177,150,75.0,9.436558933220338e-10,17,1.5,-7.5,False,False,evaporated_in_SOL,0.172,0.41637648650062,0.54170040927469,0.41637648650062,1.0162651440481614,8.7574175530057,8.7574175530057,1353.260060049,170.9042736759987,40,5.6627598433627
hs050,0.5,178,150,75.0,9.436558933220338e-10,17,1.5,0.0,False,False,evaporated_in_SOL,0.177,0.41380604857278,0.53110712306764,0.41380604857278,1.0012807259757834,15.606681569882001,15.606681569882001,1410.5837680727,178.7488646912283,40,5.6042654638326
hs050,0.5,179,150,75.0,9.436558933220338e-10,17,1.5,7.5,True,False,evaporated_inside_lcfs,0.186,0.39029502060612,0.5616667697346,0.39029502060612,0.990892488443705,7.592142836182,7.592142836182,1466.4433766806,183.88395835067155,41,5.6435618154522
hs050,0.5,180,150,75.0,9.436558933220338e-10,17,1.5,15.0,True,False,evaporated_inside_lcfs,0.19699999999999998,0.36406675810312,0.59670298631065,0.36406675810312,0.9934412028792334,23.036757747489,23.036757747489,1465.470844248,193.54220025956425,41,5.7004697058613
hs050,0.5,181,200,100.0,2.236813969355932e-09,16,1.0,-15.0,False,False,upper_or_side_wall,0.236,0.21294850105974,0.96181906118528,0.21294850105974,1.043414135963305,44.319637136661,44.319637136661,1258.9250325666,8.16089480530381,56,8.2737407934861
hs050,0.5,182,200,100.0,2.236813969355932e-09,16,1.0,-7.5,False,False,evaporated_in_SOL,0.19999999999999998,0.41580481522667,0.53695900751039,0.41580481522667,1.013495257427025,17.776865941428998,17.776865941428998,1391.1912430524,173.88564473338707,40,7.9912846330166
hs050,0.5,183,200,100.0,2.236813969355932e-09,16,1.0,0.0,True,False,evaporated_inside_lcfs,0.204,0.41759220522379,0.5243689647109,0.41759220522379,0.9998821102885678,26.679073681611,26.679073681611,1431.5569734298,179.49138812291142,40,7.465568724745
hs050,0.5,184,200,100.0,2.236813969355932e-09,16,1.0,7.5,True,False,evaporated_inside_lcfs,0.211,0.40415043566681,0.54219794872081,0.40415043566681,0.9948939221623307,23.902380940676,23.902380940676,1466.4433766758,181.2377952622241,41,7.5181911238568
hs050,0.5,185,200,100.0,2.236813969355932e-09,16,1.0,15.0,True,False,evaporated_inside_lcfs,0.22,0.38399468449288,0.5680300338222,0.38399468449288,0.9856812926877819,17.984458940614,17.984458940614,1506.6934964992,186.3255591684654,41,7.7814497262188
hs050,0.5,186,200,100.0,2.236813969355932e-09,16,1.25,-15.0,False,False,upper_or_side_wall,0.25,0.10889428393649,0.98365669799771,0.10889428393649,1.0675333934008362,58.654852728062004,58.654852728062004,1221.3802171194,3.5553020022899284,58,8.3420839416872
hs050,0.5,187,200,100.0,2.236813969355932e-09,16,1.25,-7.5,False,False,evaporated_in_SOL,0.184,0.41532061060065,0.53875950458,0.41532061060065,1.0137580598038316,16.442154421291,16.442154421291,1391.1912429919,173.33974855398696,40,7.9912846330175
hs050,0.5,188,200,100.0,2.236813969355932e-09,16,1.25,0.0,True,False,evaporated_inside_lcfs,0.188,0.41877270702385,0.52195145978364,0.41877270702385,0.9988777315836144,29.175601133728,29.175601133728,1431.6156217791,179.98021940825467,40,7.5052048250654
hs050,0.5,189,200,100.0,2.236813969355932e-09,16,1.25,7.5,True,False,evaporated_inside_lcfs,0.19599999999999998,0.40141250889489,0.54538116258583,0.40141250889489,0.9923876512821156,23.572567548264,23.572567548264,1466.4433766758,182.08340637597644,41,7.640552725993
hs050,0.5,190,200,100.0,2.236813969355932e-09,16,1.25,15.0,True,False,evaporated_inside_lcfs,0.206,0.37832100153315,0.57602447322807,0.37832100153315,0.9869498789905676,24.053586561217003,24.053586561217003,1506.6934964992,187.81993712878045,41,7.9560234593194
hs050,0.5,191,200,100.0,2.236813969355932e-09,16,1.5,-15.0,False,False,upper_or_side_wall,0.254,0.056198889632796,0.9846760998701,0.056198889632796,1.0949584254705784,76.712802110415,76.712802110415,1120.913823404,2.535900129900015,60,8.562197091558
hs050,0.5,192,200,100.0,2.236813969355932e-09,16,1.5,-7.5,False,False,evaporated_in_SOL,0.16999999999999998,0.41412470064899,0.54184802078144,0.41412470064899,1.0128873823418647,12.210957693786,12.210957693786,1391.1912429013,172.7602738358056,40,8.1781948348123
hs050,0.5,193,200,100.0,2.236813969355932e-09,16,1.5,0.0,True,False,evaporated_inside_lcfs,0.174,0.41864649024532,0.52074264805263,0.41864649024532,0.9968630007397168,26.951036640202002,26.951036640202002,1467.5405544931,180.80940640186486,40,7.5228417198695
hs050,0.5,194,200,100.0,2.236813969355932e-09,16,1.5,7.5,True,False,evaporated_inside_lcfs,0.182,0.40086976265425,0.54705530501207,0.40086976265425,0.9937929086601294,33.358188344134,33.358188344134,1466.4433766746,181.74403452235885,41,7.5925576090708
hs050,0.5,195,200,100.0,2.236813969355932e-09,16,1.5,15.0,True,False,evaporated_inside_lcfs,0.193,0.37396892948814,0.58293386843519,0.37396892948814,0.9906926820725568,35.459932507886,35.459932507886,1506.1886385632,189.0018477323186,41,7.962174352853
hs050,0.5,196,200,100.0,2.236813969355932e-09,17,1.0,-15.0,False,False,upper_or_side_wall,0.215,0.32763005692267,0.90788659420235,0.32763005692267,1.0223963243391154,23.537074523,23.537074523,1353.260044498,30.18507307452369,52,8.1781948348123
hs050,0.5,197,200,100.0,2.236813969355932e-09,17,1.0,-7.5,False,False,evaporated_in_SOL,0.204,0.41915188419585,0.52466119333624,0.41915188419585,1.004296420071486,11.440220946311,11.440220946311,1410.583768033,178.0599964911496,40,7.5503464696397
hs050,0.5,198,200,100.0,2.236813969355932e-09,17,1.0,0.0,True,False,evaporated_inside_lcfs,0.209,0.41053614255755,0.53104214648729,0.41053614255755,0.9928321589990499,11.94547398496,11.94547398496,1467.5454219335,181.51650419656158,40,7.5281680496233
hs050,0.5,199,200,100.0,2.236813969355932e-09,17,1.0,7.5,True,False,evaporated_inside_lcfs,0.216,0.39436765795543,0.55338891202543,0.39436765795543,0.9862376945339899,11.029286991107,11.029286991107,1506.6934964826,184.3480880326927,41,7.5805644327717
hs050,0.5,200,200,100.0,2.236813969355932e-09,17,1.0,15.0,True,False,evaporated_inside_lcfs,0.22399999999999998,0.37782538135019,0.57823534368296,0.37782538135019,0.9906716527042242,35.65239996887,35.65239996887,1466.4433766711,187.34341532274652,41,7.8484719470534
hs050,0.5,201,200,100.0,2.236813969355932e-09,17,1.25,-15.0,False,False,upper_or_side_wall,0.20099999999999998,0.31654680929632,0.92599741208365,0.31654680929632,1.0270016996071127,30.09874335139,30.09874335139,1318.3699475474,15.607976725968664,53,8.3610042188632
hs050,0.5,202,200,100.0,2.236813969355932e-09,17,1.25,-7.5,False,False,evaporated_in_SOL,0.187,0.42303890619987,0.51818129601435,0.42303890619987,1.0042384513265,17.248328803444,17.248328803444,1410.5837680529,178.920878407575,40,7.5503464695127
hs050,0.5,203,200,100.0,2.236813969355932e-09,17,1.25,0.0,True,False,evaporated_inside_lcfs,0.193,0.4105641871709,0.52996074065756,0.4105641871709,0.9911629213155257,10.991098920873,10.991098920873,1467.5454219335,182.08523060648702,40,7.5342239399542
hs050,0.5,204,200,100.0,2.236813969355932e-09,17,1.25,7.5,True,False,evaporated_inside_lcfs,0.19999999999999998,0.3945971515403,0.5552897172681,0.3945971515403,0.990920650150204,31.229398787012002,31.229398787012002,1466.4433766734,183.22366010249866,41,7.6251758641158
hs050,0.5,205,200,100.0,2.236813969355932e-09,17,1.25,15.0,True,False,evaporated_inside_lcfs,0.211,0.36720876026894,0.58874615792522,0.36720876026894,0.9820927458696195,13.366753713638,13.366753713638,1506.5485041991,193.16574416554062,41,8.0907673501659
hs050,0.5,206,200,100.0,2.236813969355932e-09,17,1.5,-15.0,False,False,upper_or_side_wall,0.189,0.30581169206274,0.92361476812395,0.30581169206274,1.0311049337263076,37.157353783819005,37.157353783819005,1288.1486510638,20.71825313766271,53,8.5621982349338
hs050,0.5,207,200,100.0,2.236813969355932e-09,17,1.5,-7.5,False,False,evaporated_in_SOL,0.172,0.42642111604155,0.51206126000794,0.42642111604155,1.0038822640138594,22.011621272960003,22.011621272960003,1410.583768072,180.2399623755541,40,7.5503464696934
hs050,0.5,208,200,100.0,2.236813969355932e-09,17,1.5,0.0,True,False,evaporated_inside_lcfs,0.178,0.41351248130999,0.52690542910323,0.41351248130999,0.9937121733967897,25.978008234016,25.978008234016,1467.5454219384,181.34999762420472,40,7.5227575030365
hs050,0.5,209,200,100.0,2.236813969355932e-09,17,1.5,7.5,True,False,evaporated_inside_lcfs,0.187,0.38900360704728,0.55950602376937,0.38900360704728,0.982389529157026,11.284706631874,11.284706631874,1506.6934965159,186.06277898935284,41,7.7735961975846
hs050,0.5,210,200,100.0,2.236813969355932e-09,17,1.5,15.0,True,False,evaporated_inside_lcfs,0.19799999999999998,0.36163681095478,0.59638966921465,0.36163681095478,0.9838937058192986,27.791485312181003,27.791485312181003,1506.5485041991,195.95241227400007,41,8.3000458656061
hs050,0.5,211,250,125.0,4.368777283898306e-09,16,1.0,-15.0,False,False,upper_or_side_wall,0.223,0.2768401239696,0.9332917343359,0.2768401239696,1.0281236808058043,46.862339134089005,46.862339134089005,1320.9042999564,18.964433002377334,54,10.451255260058
hs050,0.5,212,250,125.0,4.368777283898306e-09,16,1.0,-7.5,False,False,evaporated_in_SOL,0.20099999999999998,0.41836257593627,0.52493919877795,0.41836257593627,1.00276248754289,22.379203676048,22.379203676048,1410.5837681285,178.53295993898098,40,9.9891057912734
hs050,0.5,213,250,125.0,4.368777283898306e-09,16,1.0,0.0,True,False,evaporated_inside_lcfs,0.205,0.41757002993261,0.51982838438503,0.41757002993261,0.9929044876475719,35.258537625755,35.258537625755,1467.5454219384,182.2196177043,40,9.4243599961429
hs050,0.5,214,250,125.0,4.368777283898306e-09,16,1.0,7.5,True,False,evaporated_inside_lcfs,0.212,0.40283744848153,0.54028679975858,0.40283744848153,0.9873750775819063,29.497074015215,29.497074015215,1506.6934964992,183.31577562087614,40,9.5897747448913
hs050,0.5,215,250,125.0,4.368777283898306e-09,16,1.0,15.0,True,False,evaporated_inside_lcfs,0.221,0.38214659785462,0.56709097232029,0.38214659785462,0.9777052042149537,19.215900403041,19.215900403041,1506.6934964993,188.39813283683853,41,10.453229475947
hs050,0.5,216,250,125.0,4.368777283898306e-09,16,1.25,-15.0,False,False,upper_or_side_wall,0.218,0.22923312991666,0.96569182704312,0.22923312991666,1.0389980656875393,62.56480283699399,62.56480283699399,1258.5737062184,0.15946366890677047,55,10.702747784536
hs050,0.5,217,250,125.0,4.368777283898306e-09,16,1.25,-7.5,False,False,evaporated_in_SOL,0.185,0.41798164554489,0.52573329754241,0.41798164554489,1.0029816181047853,17.924295216927,17.924295216927,1410.5837681125,178.37540387725656,40,9.9891057912734
hs050,0.5,218,250,125.0,4.368777283898306e-09,16,1.25,0.0,True,False,evaporated_inside_lcfs,0.19,0.41440847340815,0.52093823485281,0.41440847340815,0.9865194401766869,13.254280918251,13.254280918251,1506.8174488716,184.08696415286272,40,9.4376477911252
hs050,0.5,219,250,125.0,4.368777283898306e-09,16,1.25,7.5,True,False,evaporated_inside_lcfs,0.19699999999999998,0.39980730982271,0.54380499475101,0.39980730982271,0.9845932080487307,26.506347408091,26.506347408091,1506.6934964992,184.25232827182407,41,10.448684894868
hs050,0.5,220,250,125.0,4.368777283898306e-09,16,1.25,15.0,True,False,evaporated_inside_lcfs,0.207,0.37607980013187,0.57554150822614,0.37607980013187,0.978825447148133,24.952559945875002,24.952559945875002,1506.6934965076,190.0549393843741,41,10.085110498516
hs050,0.5,221,250,125.0,4.368777283898306e-09,16,1.5,-15.0,False,False,upper_or_side_wall,0.21,0.2064320261289,0.96573903397159,0.2064320261289,1.0495928904630984,70.543476077127,70.543476077127,1257.1193723901,6.083865955421368,56,10.796681673009
hs050,0.5,222,250,125.0,4.368777283898306e-09,16,1.5,-7.5,False,False,evaporated_in_SOL,0.16999999999999998,0.42191180313299,0.51846987327016,0.42191180313299,1.0018395755623604,25.464051767991997,25.464051767991997,1410.5837681231,179.62242895456927,40,10.222743543515
hs050,0.5,223,250,125.0,4.368777283898306e-09,16,1.5,0.0,True,False,evaporated_inside_lcfs,0.175,0.41790397361448,0.5172009606619,0.41790397361448,0.9901025968665323,34.248727488323,34.248727488323,1467.545421936,183.5574424083888,40,9.6306088749217
hs050,0.5,224,250,125.0,4.368777283898306e-09,16,1.5,7.5,True,False,evaporated_inside_lcfs,0.183,0.39881814888233,0.54609180082803,0.39881814888233,0.9857408029834492,38.101538868374,38.101538868374,1506.6934964992,184.00531661578654,41,10.037413846255
hs050,0.5,225,250,125.0,4.368777283898306e-09,16,1.5,15.0,True,False,evaporated_inside_lcfs,0.19399999999999998,0.37136278380459,0.58282828639389,0.37136278380459,0.9811390671041713,35.286538075475,35.286538075475,1506.5485041991,191.44968792796163,41,10.572247410338
hs050,0.5,226,250,125.0,4.368777283898306e-09,17,1.0,-15.0,False,False,upper_or_side_wall,0.215,0.32791734408089,0.92946890600005,0.32791734408089,1.0132850677977698,13.087302598571,13.087302598571,1391.1912431003,9.280465344470247,53,10.222743543515
hs050,0.5,227,250,125.0,4.368777283898306e-09,17,1.0,-7.5,True,False,evaporated_inside_lcfs,0.205,0.4202898935467,0.51530084392917,0.4202898935467,0.9933706902849719,14.051764420350999,14.051764420350999,1467.5454219432,182.8680673783481,40,9.4379330871532
hs050,0.5,228,250,125.0,4.368777283898306e-09,17,1.0,0.0,True,False,evaporated_inside_lcfs,0.21,0.40962357349208,0.52777532511276,0.40962357349208,0.9852588488258818,14.936454819038,14.936454819038,1506.8174488881,184.07700037545953,40,9.5296073108649
hs050,0.5,229,250,125.0,4.368777283898306e-09,17,1.0,7.5,True,False,evaporated_inside_lcfs,0.216,0.39632979639249,0.55034703842436,0.39632979639249,0.9859261318082359,40.054526835535995,40.054526835535995,1506.6934964018,184.11177042717756,41,10.049703084538
hs050,0.5,230,250,125.0,4.368777283898306e-09,17,1.0,15.0,True,False,evaporated_inside_lcfs,0.22499999999999998,0.37530309778885,0.57801034522376,0.37530309778885,0.9822483178967246,35.911235656041995,35.911235656041995,1506.6934965055,189.73466764053302,41,10.423478232679
hs050,0.5,231,250,125.0,4.368777283898306e-09,17,1.25,-15.0,False,False,upper_or_side_wall,0.20099999999999998,0.32207201789764,0.93952525798854,0.32207201789764,1.017236225128464,29.051740157504998,29.051740157504998,1353.2600606398,1.1054018771617684,53,10.451255278521
hs050,0.5,232,250,125.0,4.368777283898306e-09,17,1.25,-7.5,True,False,evaporated_inside_lcfs,0.188,0.42366303413757,0.51011670149483,0.42366303413757,0.9943602791023105,22.1677879092,22.1677879092,1467.5454219432,183.5981906815032,40,9.4379330871507
hs050,0.5,233,250,125.0,4.368777283898306e-09,17,1.25,0.0,True,False,evaporated_inside_lcfs,0.193,0.41321204140769,0.52507232474669,0.41321204140769,0.9899785194629118,41.098012727081,41.098012727081,1467.5454219335,182.64467024016807,40,9.5949395802518
hs050,0.5,234,250,125.0,4.368777283898306e-09,17,1.25,7.5,True,False,evaporated_inside_lcfs,0.20099999999999998,0.39239249024397,0.55447846416854,0.39239249024397,0.9824108565291698,33.587061463944,33.587061463944,1506.6934965033,185.5446962123717,41,10.015962617904
hs050,0.5,235,250,125.0,4.368777283898306e-09,17,1.25,15.0,True,False,evaporated_inside_lcfs,0.211,0.36839031148338,0.58732100468184,0.36839031148338,0.982507781697973,41.899296764727005,41.899296764727005,1506.5485041991,192.55972272139746,41,10.725611060353
hs050,0.5,236,250,125.0,4.368777283898306e-09,17,1.5,-15.0,False,False,upper_or_side_wall,0.187,0.32153840091676,0.92797526293863,0.32153840091676,1.0205412922660495,34.825241193896,34.825241193896,1353.2600605265,12.39218661417035,53,10.702747795071
hs050,0.5,237,250,125.0,4.368777283898306e-09,17,1.5,-7.5,True,False,evaporated_inside_lcfs,0.173,0.42659480688102,0.5050196094341,0.42659480688102,0.9948919483248374,27.882213081367997,27.882213081367997,1467.5454219432,184.79857413114902,40,9.437933087157
hs050,0.5,238,250,125.0,4.368777283898306e-09,17,1.5,0.0,True,False,evaporated_inside_lcfs,0.179,0.41183655695845,0.524927139858,0.41183655695845,0.9862714547525806,31.063097319575004,31.063097319575004,1506.817448884,183.85489377276062,40,9.5737777328047
hs050,0.5,239,250,125.0,4.368777283898306e-09,17,1.5,7.5,True,False,evaporated_inside_lcfs,0.187,0.39059135411333,0.55731815325334,0.39059135411333,0.982757543444306,40.755930945673,40.755930945673,1506.6934965034,185.73857740172016,41,10.357285176954
hs050,0.5,240,250,125.0,4.368777283898306e-09,17,1.5,15.0,True,False,evaporated_inside_lcfs,0.19899999999999998,0.35879936747742,0.59634864349993,0.35879936747742,0.9737069825259665,26.098122375192002,26.098122375192002,1506.5485042028,198.67069558922162,41,10.409763315104
hs050,0.5,241,300,150.0,7.54924714657627e-09,16,1.0,-15.0,False,False,upper_or_side_wall,0.221,0.29080721100568,0.94643622905639,0.29080721100568,1.0177904093051573,45.497220406217004,45.497220406217004,1354.9961469451,2.621517694678663,54,12.54150633411
hs050,0.5,242,300,150.0,7.54924714657627e-09,16,1.0,-7.5,True,False,evaporated_inside_lcfs,0.20199999999999999,0.41953345716186,0.51563812474339,0.41953345716186,0.9919708408352678,16.838127264406,16.838127264406,1467.545421942,183.2468422844484,40,11.986926949528
hs050,0.5,243,300,150.0,7.54924714657627e-09,16,1.0,0.0,True,False,evaporated_inside_lcfs,0.206,0.41644625342416,0.51724717974815,0.41644625342416,0.9865467133440224,40.791807137409,40.791807137409,1506.8174488783,184.6810232199951,40,11.653652347
hs050,0.5,244,300,150.0,7.54924714657627e-09,16,1.0,7.5,True,False,evaporated_inside_lcfs,0.213,0.40084749366444,0.53925445082525,0.40084749366444,0.9794350401003279,29.714807097082,29.714807097082,1506.6934974778,185.55635481822827,40,12.203068142029
hs050,0.5,245,300,150.0,7.54924714657627e-09,16,1.0,15.0,True,False,evaporated_inside_lcfs,0.221,0.38338634721867,0.56557847036357,0.38338634721867,0.9779797150039923,49.304510823341,49.304510823341,1506.6934965055,188.02568134708287,41,13.319167650059
hs050,0.5,246,300,150.0,7.54924714657627e-09,16,1.25,-15.0,False,False,upper_or_side_wall,0.208,0.27837971986767,0.93323095063935,0.27837971986767,1.0253514797162264,62.973831025496,62.973831025496,1320.9042998828,18.61998726020721,54,12.84329735402
hs050,0.5,247,300,150.0,7.54924714657627e-09,16,1.25,-7.5,True,False,evaporated_inside_lcfs,0.185,0.42325790881381,0.51023083162366,0.42325790881381,0.9935325995645191,30.100646032205997,30.100646032205997,1467.5454219408,183.83069331761095,40,11.986926949528
hs050,0.5,248,300,150.0,7.54924714657627e-09,16,1.25,0.0,True,False,evaporated_inside_lcfs,0.19,0.4168990066252,0.51594557594132,0.4168990066252,0.9858772940056677,42.510172881946,42.510172881946,1506.8174488819,185.12224273179734,40,11.907296694443
hs050,0.5,249,300,150.0,7.54924714657627e-09,16,1.25,7.5,True,False,evaporated_inside_lcfs,0.19799999999999998,0.39761161813582,0.54294185502237,0.39761161813582,0.9763167576110187,25.885358277802,25.885358277802,1506.6934965049,186.5907444159448,41,12.461289884573
hs050,0.5,250,300,150.0,7.54924714657627e-09,16,1.25,15.0,True,False,evaporated_inside_lcfs,0.208,0.37348033376695,0.57534077136127,0.37348033376695,0.969591446854385,17.832597872771,17.832597872771,1549.7502073388,192.49851489244637,41,12.827432610343
hs050,0.5,251,300,150.0,7.54924714657627e-09,16,1.5,-15.0,False,False,upper_or_side_wall,0.19699999999999998,0.26353812037189,0.94464222654884,0.26353812037189,1.031205601109414,72.960789936032,72.960789936032,1320.3121795538,11.492741187386908,54,12.956018008123
hs050,0.5,252,300,150.0,7.54924714657627e-09,16,1.5,-7.5,True,False,evaporated_inside_lcfs,0.17099999999999999,0.42264889474607,0.50932092043079,0.42264889474607,0.9907607685730823,17.951479131061998,17.951479131061998,1467.545421942,184.88588972393987,40,12.267292252218
hs050,0.5,253,300,150.0,7.54924714657627e-09,16,1.5,0.0,True,False,evaporated_inside_lcfs,0.176,0.41622968388281,0.515177590124,0.41622968388281,0.9831649432914249,35.905233032381,35.905233032381,1506.817448884,186.12277937027432,40,11.846676751561
hs050,0.5,254,300,150.0,7.54924714657627e-09,16,1.5,7.5,True,False,evaporated_inside_lcfs,0.184,0.39631607356901,0.5455770837442,0.39631607356901,0.9771403749501703,37.236733610743,37.236733610743,1506.6934965034,186.44214594004694,41,12.828410832155
hs050,0.5,255,300,150.0,7.54924714657627e-09,16,1.5,15.0,True,False,evaporated_inside_lcfs,0.19499999999999998,0.36850454498067,0.58287204095916,0.36850454498067,0.971085541139972,30.232496094046,30.232496094046,1549.6969758313,194.079152803022,41,13.280221227792
hs050,0.5,256,300,150.0,7.54924714657627e-09,17,1.0,-15.0,False,False,evaporated_in_SOL,0.204,0.41535900617434,0.53211167766396,0.41535900617434,1.0033596416989872,16.202860457503,16.202860457503,1410.5837681292,176.8994678371978,40,12.267292252218
hs050,0.5,257,300,150.0,7.54924714657627e-09,17,1.0,-7.5,True,False,evaporated_inside_lcfs,0.205,0.42348862782737,0.50705522581359,0.42348862782737,0.9897871333470533,40.08874560249,40.08874560249,1467.545421936,185.743317769228,40,11.381250766057
hs050,0.5,258,300,150.0,7.54924714657627e-09,17,1.0,0.0,True,False,evaporated_inside_lcfs,0.21,0.41145769723664,0.5244629517155,0.41145769723664,0.9845661466165442,44.980820089083,44.980820089083,1506.8174488858,184.43120637243817,40,12.387407526429
hs050,0.5,259,300,150.0,7.54924714657627e-09,17,1.0,7.5,True,False,evaporated_inside_lcfs,0.217,0.39391484704729,0.54982202904608,0.39391484704729,0.9774378617398527,38.644692431242,38.644692431242,1506.6934965034,186.477459573287,41,12.710387679873
hs050,0.5,260,300,150.0,7.54924714657627e-09,17,1.0,15.0,True,False,evaporated_inside_lcfs,0.22599999999999998,0.37255919206951,0.57792414216646,0.37255919206951,0.9724168582991918,31.005939190144,31.005939190144,1549.7502073475,192.27590193463993,41,13.096335619704
hs050,0.5,261,300,150.0,7.54924714657627e-09,17,1.25,-15.0,False,False,evaporated_in_SOL,0.19,0.39782335046612,0.58354382277027,0.39782335046612,1.008228850139582,15.017416879921,15.017416879921,1391.2438849804,166.9763405903648,41,12.541506334261
hs050,0.5,262,300,150.0,7.54924714657627e-09,17,1.25,-7.5,True,False,evaporated_inside_lcfs,0.189,0.42296874797306,0.50523454126333,0.42296874797306,0.9864103487150685,22.210377679084,22.210377679084,1506.8174488799,187.34133785118448,40,11.675395955116
hs050,0.5,263,300,150.0,7.54924714657627e-09,17,1.25,0.0,True,False,evaporated_inside_lcfs,0.19399999999999998,0.41108198027494,0.52395034876651,0.41108198027494,0.9827922923095815,42.106920493672995,42.106920493672995,1506.8174488861,185.03284850635097,40,12.41989262319
hs050,0.5,264,300,150.0,7.54924714657627e-09,17,1.25,7.5,True,False,evaporated_inside_lcfs,0.20199999999999999,0.38982474622191,0.55401855585747,0.38982474622191,0.9735181753482501,32.119922046457006,32.119922046457006,1506.6934965076,188.01227668411238,41,12.667658079519
hs050,0.5,265,300,150.0,7.54924714657627e-09,17,1.25,15.0,True,False,evaporated_inside_lcfs,0.212,0.36545657914677,0.58740453856591,0.36545657914677,0.9722912049053304,38.618587354064005,38.618587354064005,1549.6967989406,195.27555516568486,41,13.452654726183
hs050,0.5,266,300,150.0,7.54924714657627e-09,17,1.5,-15.0,False,False,upper_or_side_wall,0.187,0.32351774243545,0.93404174258368,0.32351774243545,1.0117664297414506,22.328519945061,22.328519945061,1391.1912525527,6.019091871803979,53,12.843297354109
hs050,0.5,267,300,150.0,7.54924714657627e-09,17,1.5,-7.5,True,False,evaporated_inside_lcfs,0.174,0.42561051183123,0.50066048233594,0.42561051183123,0.987369083051425,28.90862796599,28.90862796599,1506.8174488757,188.48998021314887,40,11.68272724909
hs050,0.5,268,300,150.0,7.54924714657627e-09,17,1.5,0.0,True,False,evaporated_inside_lcfs,0.18,0.40955794186529,0.52377705898283,0.40955794186529,0.9786742638398953,30.558561094222004,30.558561094222004,1506.8174488881,186.38221032466976,40,12.126149110295
hs050,0.5,269,300,150.0,7.54924714657627e-09,17,1.5,7.5,True,False,evaporated_inside_lcfs,0.188,0.38779091125911,0.55706945711051,0.38779091125911,0.9735694156656486,39.272129801405,39.272129801405,1506.6934965076,188.3068647680588,41,13.065305733977
hs050,0.5,270,300,150.0,7.54924714657627e-09,17,1.5,15.0,True,False,evaporated_inside_lcfs,0.19899999999999998,0.3595340233351,0.59552433923709,0.3595340233351,0.9738607048663527,54.120038634308,54.120038634308,1506.5485042033,198.21860959153273,41,13.03065614617
hs075,0.75,1,40,20.0,1.7894511754847454e-11,16,1.0,-15.0,False,False,upper_or_side_wall,0.215,0.27572591279372,0.95312822187019,0.27572591279372,1.2272343883486236,19.875461865438,19.875461865438,845.69291157304,0.11168047690041451,54,1.0044581818147
hs075,0.75,2,40,20.0,1.7894511754847454e-11,16,1.0,-7.5,False,False,upper_or_side_wall,0.241,0.19111414986379,0.97412513000228,0.19111414986379,1.2217459070344205,19.169939990125,19.169939990125,942.67431576126,2.0009676757302834,56,1.0079958157492
hs075,0.75,3,40,20.0,1.7894511754847454e-11,16,1.0,0.0,False,False,evaporated_in_SOL,0.19599999999999998,0.40702447356997,0.56258156584914,0.40702447356997,1.0444363353128816,2.3160089018278,2.3160089018278,1294.1125766097,168.81883939047125,41,1.3745476284429
hs075,0.75,4,40,20.0,1.7894511754847454e-11,16,1.0,7.5,False,False,evaporated_in_SOL,0.19999999999999998,0.41644005406189,0.54886311943442,0.41644005406189,1.0403397803866627,2.4358410835653,2.4358410835653,1292.079928762,167.25790859329427,41,1.4008730909061
hs075,0.75,5,40,20.0,1.7894511754847454e-11,16,1.0,15.0,False,False,evaporated_in_SOL,0.209,0.40672865230851,0.56343346750698,0.40672865230851,1.0454540956871345,5.5970711995924,5.5970711995924,1294.1125802155,168.66331143541532,41,1.3849231307389
hs075,0.75,6,40,20.0,1.7894511754847454e-11,16,1.25,-15.0,False,False,upper_or_side_wall,0.19699999999999998,0.28254316196491,0.9489033929291,0.28254316196491,1.2182020197327552,19.83034684912,19.83034684912,868.01116463918,2.4041794046368516,54,1.0044360929069
hs075,0.75,7,40,20.0,1.7894511754847454e-11,16,1.25,-7.5,False,False,upper_or_side_wall,0.22399999999999998,0.19235781709015,0.97199314270617,0.19235781709015,1.2163433786066846,19.147204048125,19.147204048125,942.79702811933,3.732953138388834,56,1.0131170294562
hs075,0.75,8,40,20.0,1.7894511754847454e-11,16,1.25,0.0,False,False,evaporated_in_SOL,0.179,0.41697126514481,0.55347459006023,0.41697126514481,1.051328802637617,3.9904595859015,3.9904595859015,1294.102409756,164.5523101835711,41,1.3825518546987
hs075,0.75,9,40,20.0,1.7894511754847454e-11,16,1.25,7.5,False,False,evaporated_in_SOL,0.185,0.41980496459296,0.54718289732732,0.41980496459296,1.0459553221544102,4.4975816624346,4.4975816624346,1292.079928762,165.16092010133752,40,1.4043891284321
hs075,0.75,10,40,20.0,1.7894511754847454e-11,16,1.25,15.0,False,False,evaporated_in_SOL,0.19599999999999998,0.40097294194096,0.57038550265047,0.40097294194096,1.0441165934408876,6.1658126512445,6.1658126512445,1294.1125803174,170.3144831019215,41,1.4020340653372
hs075,0.75,11,40,20.0,1.7894511754847454e-11,16,1.5,-15.0,False,False,upper_or_side_wall,0.185,0.27502727513422,0.95099007435661,0.27502727513422,1.2090078829919073,19.751543219342,19.751543219342,890.09810433055,2.3581606315134342,54,1.0044255922423
hs075,0.75,12,40,20.0,1.7894511754847454e-11,16,1.5,-7.5,False,False,upper_or_side_wall,0.209,0.19120010038448,0.97371368948291,0.19120010038448,1.2066506071311176,18.440915748022,18.440915748022,993.25585800375,2.3755506988059083,56,1.238483701195
hs075,0.75,13,40,20.0,1.7894511754847454e-11,16,1.5,0.0,False,False,evaporated_in_SOL,0.16399999999999998,0.42543926252178,0.54444574458344,0.42543926252178,1.0554162283798012,5.1387763120512,5.1387763120512,1253.8976512763,161.74419515820816,40,1.3836302228606
hs075,0.75,14,40,20.0,1.7894511754847454e-11,16,1.5,7.5,False,False,evaporated_in_SOL,0.172,0.41900511245035,0.54771501454085,0.41900511245035,1.0448761495079757,4.6365474065279,4.6365474065279,1292.079928762,165.58802044057762,40,1.4051434334256
hs075,0.75,15,40,20.0,1.7894511754847454e-11,16,1.5,15.0,False,False,evaporated_in_SOL,0.184,0.39602693884575,0.57694573553234,0.39602693884575,1.044291289654399,7.0933999320401,7.0933999320401,1294.1125820185,171.52700927749464,41,1.3977199801197
hs075,0.75,16,40,20.0,1.7894511754847454e-11,17,1.0,-15.0,False,False,upper_or_side_wall,0.236,0.22076997586479,0.96443846098188,0.22076997586479,1.2123860020930124,19.266524873686,19.266524873686,942.2577490764,3.584994404363168,55,1.0058716603164
hs075,0.75,17,40,20.0,1.7894511754847454e-11,17,1.0,-7.5,False,False,evaporated_in_SOL,0.19899999999999998,0.40019069666353,0.57738785749715,0.40019069666353,1.0583129982574484,4.448068426293901,4.448068426293901,1254.9658929922,167.63236494236006,41,1.3662128342428
hs075,0.75,18,40,20.0,1.7894511754847454e-11,17,1.0,0.0,False,False,evaporated_in_SOL,0.19699999999999998,0.42780465835243,0.53656221403678,0.42780465835243,1.0463580195118138,3.3284725174668,3.3284725174668,1292.079928762,164.10235498989476,40,1.3959003347376
hs075,0.75,19,40,20.0,1.7894511754847454e-11,17,1.0,7.5,False,False,evaporated_in_SOL,0.205,0.4166837654984,0.54970690013954,0.4166837654984,1.0425737568299722,3.9263684921924997,3.9263684921924997,1292.079928762,166.6348099965676,41,1.3846261126
hs075,0.75,20,40,20.0,1.7894511754847454e-11,17,1.0,15.0,False,False,evaporated_in_SOL,0.215,0.40080888491325,0.57166042102839,0.40080888491325,1.0466342629806193,7.1053974212968,7.1053974212968,1294.1125820185,169.83819896919402,41,1.3878382894312
hs075,0.75,21,40,20.0,1.7894511754847454e-11,17,1.25,-15.0,False,False,upper_or_side_wall,0.205,0.27283741666957,0.95322207853094,0.27283741666957,1.2066295800180011,19.233389411473002,19.233389411473002,964.95548264965,0.7773865695072777,54,1.3375178327074
hs075,0.75,22,40,20.0,1.7894511754847454e-11,17,1.25,-7.5,False,False,evaporated_in_SOL,0.183,0.4004748670043,0.577190926963,0.4004748670043,1.0587305782719005,4.373703242406401,4.373703242406401,1254.9658929544,167.47347347498834,41,1.3994489306662
hs075,0.75,23,40,20.0,1.7894511754847454e-11,17,1.25,0.0,False,False,evaporated_in_SOL,0.181,0.43176596232016,0.53318427923101,0.43176596232016,1.0506518779230385,4.6645900086065994,4.6645900086065994,1292.0799232653,162.84919786220158,40,1.3976737429911
hs075,0.75,24,40,20.0,1.7894511754847454e-11,17,1.25,7.5,False,False,evaporated_in_SOL,0.19,0.41731034915931,0.55152486541131,0.41731034915931,1.0480407936499336,6.0838316421522,6.0838316421522,1293.243427739,165.20361367771645,41,1.3849106154899
hs075,0.75,25,40,20.0,1.7894511754847454e-11,17,1.25,15.0,False,False,evaporated_in_SOL,0.20199999999999999,0.39278532036049,0.58060749200708,0.39278532036049,1.0435565650654646,7.0762203958133005,7.0762203958133005,1294.1125820185,172.78933433873846,41,1.4058399302491
hs075,0.75,26,40,20.0,1.7894511754847454e-11,17,1.5,-15.0,False,False,upper_or_side_wall,0.181,0.30636120900696,0.94388115121511,0.30636120900696,1.2009666737637616,19.161047304603997,19.161047304603997,980.89480703248,1.014991888784959,53,1.340258839565
hs075,0.75,27,40,20.0,1.7894511754847454e-11,17,1.5,-7.5,False,False,evaporated_in_SOL,0.16799999999999998,0.40406951123931,0.57226136940811,0.40406951123931,1.0582143779487965,3.9952758196959004,3.9952758196959004,1254.965892952,166.69653188744226,41,1.4130865695475
hs075,0.75,28,40,20.0,1.7894511754847454e-11,17,1.5,0.0,False,False,evaporated_in_SOL,0.16699999999999998,0.43380469853934,0.53064014716532,0.43380469853934,1.0515116875517896,5.0726295267792,5.0726295267792,1292.0790320332,162.7564435762806,40,1.4035651309917
hs075,0.75,29,40,20.0,1.7894511754847454e-11,17,1.5,7.5,False,False,evaporated_in_SOL,0.177,0.41428761814756,0.5542333811165,0.41428761814756,1.0458874398105165,5.7418796806268,5.7418796806268,1294.1125802155,166.52884751631106,41,1.391896404255
hs075,0.75,30,40,20.0,1.7894511754847454e-11,17,1.5,15.0,False,False,evaporated_in_SOL,0.19,0.38544276673807,0.58875899020655,0.38544276673807,1.042300411774492,7.0224801939737995,7.0224801939737995,1294.1125820185,176.17215175315155,41,1.4188652414354
hs075,0.75,31,60,30.0,6.039397717261016e-11,16,1.0,-15.0,False,False,upper_or_side_wall,0.243,0.18644740433249,0.97564761223418,0.18644740433249,1.2098699690651884,29.465424955282998,29.465424955282998,929.9357979138,1.7534814492861204,56,1.5067607803577
hs075,0.75,32,60,30.0,6.039397717261016e-11,16,1.0,-7.5,False,False,upper_or_side_wall,0.308,-0.02916335827515,0.98453878163749,-0.02916335827515,1.1425662573025401,19.672923347992,19.672923347992,1095.8923476987,2.6732183625099992,62,2.0527410304885
hs075,0.75,33,60,30.0,6.039397717261016e-11,16,1.0,0.0,False,False,evaporated_in_SOL,0.19499999999999998,0.42740491333843,0.53645157664333,0.42740491333843,1.045115020571429,7.5965507817328,7.5965507817328,1292.079928762,164.49396677946436,40,2.1619638279216
hs075,0.75,34,60,30.0,6.039397717261016e-11,16,1.0,7.5,False,False,evaporated_in_SOL,0.20299999999999999,0.41489535086132,0.54692820969103,0.41489535086132,1.032647472557317,3.2645950710414002,3.2645950710414002,1324.4404781127,169.55034022459742,40,2.1124080932654
hs075,0.75,35,60,30.0,6.039397717261016e-11,16,1.0,15.0,False,False,evaporated_in_SOL,0.212,0.40224289371259,0.56424310801009,0.40224289371259,1.0334765299940272,8.214738921936899,8.214738921936899,1327.0623349657,172.19006647911135,41,2.1490044901357
hs075,0.75,36,60,30.0,6.039397717261016e-11,16,1.25,-15.0,False,False,upper_or_side_wall,0.19799999999999998,0.28713385882534,0.9479635330241,0.28713385882534,1.2017193697936956,29.430285665375997,29.430285665375997,932.35577219257,2.1092799649477976,54,2.0272812988464
hs075,0.75,37,60,30.0,6.039397717261016e-11,16,1.25,-7.5,False,False,upper_or_side_wall,0.259,0.073198280875456,0.98666335122514,0.073198280875456,1.1584930646296983,22.66768885308,22.66768885308,1046.3318402148,0.5486487748599389,59,2.0526541883033
hs075,0.75,38,60,30.0,6.039397717261016e-11,16,1.25,0.0,False,False,evaporated_in_SOL,0.18,0.42430113711141,0.5366540997959,0.42430113711141,1.0375103010009648,3.9800623071132,3.9800623071132,1324.4404781125,166.94213763746808,40,2.1625683896412
hs075,0.75,39,60,30.0,6.039397717261016e-11,16,1.25,7.5,False,False,evaporated_in_SOL,0.188,0.41654036453962,0.54577281348471,0.41654036453962,1.0347595408267034,6.2029302269744,6.2029302269744,1324.4404812057,168.69285257875902,40,2.1232500969733
hs075,0.75,40,60,30.0,6.039397717261016e-11,16,1.25,15.0,False,False,evaporated_in_SOL,0.19899999999999998,0.39478384180329,0.57250558485177,0.39478384180329,1.0298810691805516,7.913822384917,7.913822384917,1327.0623349657,174.703416292981,41,2.1492629849242
hs075,0.75,41,60,30.0,6.039397717261016e-11,16,1.5,-15.0,False,False,upper_or_side_wall,0.18,0.29958765161311,0.94604817704673,0.29958765161311,1.1948421559582487,29.315095079088,29.315095079088,956.93495238347,0.6970690889199167,53,2.0272812988729
hs075,0.75,42,60,30.0,6.039397717261016e-11,16,1.5,-7.5,False,False,upper_or_side_wall,0.24,0.08539520501496,0.98386655761004,0.08539520501496,1.156467805684606,22.576628832569998,22.576628832569998,1046.3351564826,3.3454423899599295,59,2.1182081328929
hs075,0.75,43,60,30.0,6.039397717261016e-11,16,1.5,0.0,False,False,evaporated_in_SOL,0.16599999999999998,0.42668231108446,0.53290762906802,0.42668231108446,1.0371667267314881,4.0184578637141,4.0184578637141,1324.4404781127,167.12361341849723,40,2.1632901684871
hs075,0.75,44,60,30.0,6.039397717261016e-11,16,1.5,7.5,False,False,evaporated_in_SOL,0.175,0.41423830162698,0.54800745456703,0.41423830162698,1.0329632026846782,5.94279507277,5.94279507277,1324.4404812057,169.59798837913092,41,2.139392266012
hs075,0.75,45,60,30.0,6.039397717261016e-11,16,1.5,15.0,False,False,evaporated_in_SOL,0.187,0.38834171525613,0.57991301996758,0.38834171525613,1.0278805744771513,7.6418102895464,7.6418102895464,1361.8812309613,177.09766766517416,41,2.1419213108648
hs075,0.75,46,60,30.0,6.039397717261016e-11,17,1.0,-15.0,False,False,upper_or_side_wall,0.243,0.20595137360542,0.96760518534483,0.20595137360542,1.1876823553888014,27.520053069399,27.520053069399,994.05321641365,4.408664180586122,56,2.0062783975916
hs075,0.75,47,60,30.0,6.039397717261016e-11,17,1.0,-7.5,False,False,evaporated_in_SOL,0.19499999999999998,0.42833861743016,0.53584095755334,0.42833861743016,1.0463632743532414,6.034336138607101,6.034336138607101,1292.079928762,164.07691522267888,40,2.1620292574791
hs075,0.75,48,60,30.0,6.039397717261016e-11,17,1.0,0.0,False,False,evaporated_in_SOL,0.19999999999999998,0.4254134741858,0.533715314283,0.4254134741858,1.03527285311568,3.8228047482368996,3.8228047482368996,1324.4404781127,167.69233121298515,40,2.1406127401055
hs075,0.75,49,60,30.0,6.039397717261016e-11,17,1.0,7.5,False,False,evaporated_in_SOL,0.208,0.41207783085705,0.5510533626021,0.41207783085705,1.0332926470884454,5.7384913989660005,5.7384913989660005,1327.06233342,170.00567511326324,41,2.1429568093804
hs075,0.75,50,60,30.0,6.039397717261016e-11,17,1.0,15.0,False,False,evaporated_in_SOL,0.218,0.39256030246045,0.57499211560843,0.39256030246045,1.0288565962276357,7.6207648002981,7.6207648002981,1361.8810302916,175.50372416848194,41,2.1477075655202
hs075,0.75,51,60,30.0,6.039397717261016e-11,17,1.25,-15.0,False,False,upper_or_side_wall,0.219,0.23161864945835,0.95999600682231,0.23161864945835,1.187242329116162,27.994416410252,27.994416410252,993.23905364784,5.031987704171156,55,2.0103882652651
hs075,0.75,52,60,30.0,6.039397717261016e-11,17,1.25,-7.5,False,False,evaporated_in_SOL,0.179,0.42833161501616,0.53538799098343,0.42833161501616,1.0455798626506199,5.395024985142999,5.395024985142999,1292.079928762,164.3431621264599,40,2.162961417562
hs075,0.75,53,60,30.0,6.039397717261016e-11,17,1.25,0.0,False,False,evaporated_in_SOL,0.184,0.4284337477902,0.53038314599713,0.4284337477902,1.0373832785608026,5.715463281131,5.715463281131,1324.4404812057,167.19423132039466,40,2.1594331917706
hs075,0.75,54,60,30.0,6.039397717261016e-11,17,1.25,7.5,False,False,evaporated_in_SOL,0.193,0.41103491976712,0.5531385229671,0.41103491976712,1.0349915183660023,7.715779289094301,7.715779289094301,1327.0623349657,169.90364533879062,41,2.1464986777694
hs075,0.75,55,60,30.0,6.039397717261016e-11,17,1.25,15.0,False,False,evaporated_in_SOL,0.205,0.38286629392482,0.58538586810898,0.38286629392482,1.025346012767427,5.1428111829604,5.1428111829604,1361.8812296543,179.8503431604757,41,2.1509801828114
hs075,0.75,56,60,30.0,6.039397717261016e-11,17,1.5,-15.0,False,False,upper_or_side_wall,0.20199999999999999,0.23875986629976,0.95680399852793,0.23875986629976,1.182624223395638,28.052382112542002,28.052382112542002,993.21921449984,6.242872598674937,55,2.0103882652824
hs075,0.75,57,60,30.0,6.039397717261016e-11,17,1.5,-7.5,False,False,evaporated_in_SOL,0.16499999999999998,0.42678909638787,0.53574796305751,0.42678909638787,1.042219773129441,3.4299660169671,3.4299660169671,1292.079928762,165.40090542354451,40,2.1631769238901
hs075,0.75,58,60,30.0,6.039397717261016e-11,17,1.5,0.0,False,False,evaporated_in_SOL,0.16999999999999998,0.42944521240738,0.5287242344434,0.42944521240738,1.037149545948615,6.1234578291856,6.1234578291856,1324.4404812057,167.38232635445212,40,2.1567495423729
hs075,0.75,59,60,30.0,6.039397717261016e-11,17,1.5,7.5,False,False,evaporated_in_SOL,0.18,0.40652890213229,0.55710638755547,0.40652890213229,1.0315340402870012,6.0129366159168,6.0129366159168,1361.8812278823,171.91308634738746,41,2.1527363295535
hs075,0.75,60,60,30.0,6.039397717261016e-11,17,1.5,15.0,False,False,evaporated_in_SOL,0.192,0.3804928821042,0.59115662486343,0.3804928821042,1.0332833303630575,11.276116905940999,11.276116905940999,1329.2656737284,179.88545131713164,41,2.1498083418752
hs075,0.75,61,80,40.0,1.4315609403877963e-10,16,1.0,-15.0,False,False,upper_or_side_wall,0.23099999999999998,0.23646822445071,0.96099530264662,0.23646822445071,1.1972903052470507,38.929030880928,38.929030880928,972.45832792047,2.7977992492472628,55,2.6805176870382
hs075,0.75,62,80,40.0,1.4315609403877963e-10,16,1.0,-7.5,False,False,evaporated_in_SOL,0.19999999999999998,0.39138901854719,0.58121990193674,0.39138901854719,1.0408291987141733,6.4723980858174,6.4723980858174,1294.1125811182,173.7843008090459,41,2.8828104562721
hs075,0.75,63,80,40.0,1.4315609403877963e-10,16,1.0,0.0,False,False,evaporated_in_SOL,0.19699999999999998,0.42587185123849,0.53237118264107,0.42587185123849,1.0341915547266103,7.0679864020923,7.0679864020923,1324.4404802454,168.09491545462677,40,2.8845365837158
hs075,0.75,64,80,40.0,1.4315609403877963e-10,16,1.0,7.5,False,False,evaporated_in_SOL,0.205,0.41314633450735,0.54633935985871,0.41314633450735,1.0269728537539244,4.365730249645701,4.365730249645701,1359.1843958177,171.363762676952,40,2.9199487244381
hs075,0.75,65,80,40.0,1.4315609403877963e-10,16,1.0,15.0,False,False,evaporated_in_SOL,0.214,0.39811578571822,0.56571715974915,0.39811578571822,1.0241375657300498,9.5386171193814,9.5386171193814,1361.8812309614,175.0804538103539,41,2.8752920816578
hs075,0.75,66,80,40.0,1.4315609403877963e-10,16,1.25,-15.0,False,False,upper_or_side_wall,0.21,0.25108276972583,0.95808362926669,0.25108276972583,1.1913922482729828,38.964536377947,38.964536377947,976.20943348929,1.7814038297356936,55,2.7030417318368
hs075,0.75,67,80,40.0,1.4315609403877963e-10,16,1.25,-7.5,False,False,evaporated_in_SOL,0.184,0.39302904399126,0.58072937507645,0.39302904399126,1.0446378427291512,8.3561105487159,8.3561105487159,1294.1125802155,172.51685981031267,41,2.9948036226975
hs075,0.75,68,80,40.0,1.4315609403877963e-10,16,1.25,0.0,False,False,evaporated_in_SOL,0.181,0.42943585837227,0.52778114353817,0.42943585837227,1.0355275139007585,9.0977588087749,9.0977588087749,1324.4404812057,167.9623735555832,40,2.8950931214314
hs075,0.75,69,80,40.0,1.4315609403877963e-10,16,1.25,7.5,False,False,evaporated_in_SOL,0.19,0.41343951582164,0.54611544562872,0.41343951582164,1.0273170753965706,7.5755309984345,7.5755309984345,1359.1843971283,171.21767702123023,40,2.8731466454166
hs075,0.75,70,80,40.0,1.4315609403877963e-10,16,1.25,15.0,False,False,evaporated_in_SOL,0.20099999999999998,0.38951577061484,0.57507312385782,0.38951577061484,1.0195659778158528,6.7815449590594,6.7815449590594,1398.1925905362,178.17569124875706,41,2.8760804245167
hs075,0.75,71,80,40.0,1.4315609403877963e-10,16,1.5,-15.0,False,False,upper_or_side_wall,0.19599999999999998,0.24858376557051,0.95835138543606,0.24858376557051,1.1842587101142792,38.788505250556994,38.788505250556994,986.78981834715,2.177297148138185,55,2.7030417318395
hs075,0.75,72,80,40.0,1.4315609403877963e-10,16,1.5,-7.5,False,False,evaporated_in_SOL,0.16899999999999998,0.39690898936328,0.57621479725095,0.39690898936328,1.04530395905229,8.2697059301017,8.2697059301017,1294.1125802155,171.08255221001707,41,2.9954558365511
hs075,0.75,73,80,40.0,1.4315609403877963e-10,16,1.5,0.0,False,False,evaporated_in_SOL,0.16699999999999998,0.431388914925,0.52474365125021,0.431388914925,1.0353076123727103,9.826320074227201,9.826320074227201,1324.4404812403,168.30124845265252,40,2.8972789094681
hs075,0.75,74,80,40.0,1.4315609403877963e-10,16,1.5,7.5,False,False,evaporated_in_SOL,0.177,0.41006459790697,0.54956214229238,0.41006459790697,1.0249504945158971,6.0743901694605995,6.0743901694605995,1361.8812285553,172.48990524128197,41,2.8727127373804
hs075,0.75,75,80,40.0,1.4315609403877963e-10,16,1.5,15.0,False,False,evaporated_in_SOL,0.189,0.38193877940984,0.58347507772422,0.38193877940984,1.0173911262049995,4.425173017543,4.425173017543,1398.1925899938,181.45678091565696,41,2.8687017846019
hs075,0.75,76,80,40.0,1.4315609403877963e-10,17,1.0,-15.0,False,False,evaporated_in_SOL,0.24,0.28525200858577,0.68670649668043,0.28525200858577,1.06544797092257,6.1091549021704,6.1091549021704,1257.8009590925,254.74485586243645,52,2.9948761883562
hs075,0.75,77,80,40.0,1.4315609403877963e-10,17,1.0,-7.5,False,False,evaporated_in_SOL,0.19599999999999998,0.43168467026728,0.52683471868287,0.43168467026728,1.0396187505148173,7.5947115180839,7.5947115180839,1292.0799296629,166.76833774354708,40,2.9571853575482
hs075,0.75,78,80,40.0,1.4315609403877963e-10,17,1.0,0.0,False,False,evaporated_in_SOL,0.20199999999999999,0.42368850828664,0.53270835059355,0.42368850828664,1.029170464226654,5.5778454482535995,5.5778454482535995,1359.1843958177,169.68280218237382,40,2.9137463806931
hs075,0.75,79,80,40.0,1.4315609403877963e-10,17,1.0,7.5,False,False,evaporated_in_SOL,0.21,0.40778263783746,0.5529819952753,0.40778263783746,1.0261038364406043,5.9563719437294,5.9563719437294,1361.8812296543,172.82201428299774,41,2.8735930777202
hs075,0.75,80,80,40.0,1.4315609403877963e-10,17,1.0,15.0,False,False,evaporated_in_SOL,0.22,0.38592782266159,0.57881301281186,0.38592782266159,1.0174473757145917,4.293069966489099,4.293069966489099,1398.1925899938,179.75009270264047,41,2.876119041352
hs075,0.75,81,80,40.0,1.4315609403877963e-10,17,1.25,-15.0,False,False,upper_or_side_wall,0.247,0.13356526750677,0.98639227836886,0.13356526750677,1.1596285559064776,32.181475762634,32.181475762634,1046.3351441375,0.8197216311399691,58,3.1962718503969
hs075,0.75,82,80,40.0,1.4315609403877963e-10,17,1.25,-7.5,False,False,evaporated_in_SOL,0.18,0.43107958255279,0.5275088620403,0.43107958255279,1.0392338211669296,6.3938445433561,6.3938445433561,1302.901221898,166.82876641196737,40,2.9709150250247
hs075,0.75,83,80,40.0,1.4315609403877963e-10,17,1.25,0.0,False,False,evaporated_in_SOL,0.186,0.42577239926965,0.52986153205467,0.42577239926965,1.029725479009601,7.5843887771188,7.5843887771188,1359.1843971282,169.6459185717208,40,2.9132170927781
hs075,0.75,84,80,40.0,1.4315609403877963e-10,17,1.25,7.5,False,False,evaporated_in_SOL,0.19499999999999998,0.40584008966295,0.55539016713259,0.40584008966295,1.0258992232000128,7.6536072997287,7.6536072997287,1361.8812296545,173.34921480663834,41,2.8759777220704
hs075,0.75,85,80,40.0,1.4315609403877963e-10,17,1.25,15.0,False,False,evaporated_in_SOL,0.206,0.38188109372448,0.58546376117758,0.38188109372448,1.0224886024076085,10.95155271712,10.95155271712,1398.1925910787,180.72714391599553,41,2.8701721697638
hs075,0.75,86,80,40.0,1.4315609403877963e-10,17,1.5,-15.0,False,False,upper_or_side_wall,0.214,0.20027470165421,0.9686781574468,0.20027470165421,1.1646809654406565,34.348166773396,34.348166773396,1046.3351309834,4.859433540980244,56,3.2712632092343
hs075,0.75,87,80,40.0,1.4315609403877963e-10,17,1.5,-7.5,False,False,evaporated_in_SOL,0.16599999999999998,0.42950259535123,0.52946275995134,0.42950259535123,1.0385471638510855,4.0895310266028,4.0895310266028,1324.4404781127,166.89046502337447,40,2.9955363732811
hs075,0.75,88,80,40.0,1.4315609403877963e-10,17,1.5,0.0,False,False,evaporated_in_SOL,0.172,0.42600421085263,0.52888220627264,0.42600421085263,1.0286711628274072,7.4139821518663,7.4139821518663,1359.1843971283,170.03979681379911,40,2.9225721294669
hs075,0.75,89,80,40.0,1.4315609403877963e-10,17,1.5,7.5,False,False,evaporated_in_SOL,0.181,0.40666319944504,0.55593481572046,0.40666319944504,1.0294090566251608,13.090901758854999,13.090901758854999,1361.8812312881,172.3651481839538,41,2.8755466567116
hs075,0.75,90,80,40.0,1.4315609403877963e-10,17,1.5,15.0,False,False,evaporated_in_SOL,0.19399999999999998,0.37261566995484,0.59492896078191,0.37261566995484,1.0185417100999736,6.6754485872125,6.6754485872125,1399.5069641447,185.99150484715278,41,2.8834951720625
hs075,0.75,91,100,50.0,2.796017461694915e-10,16,1.0,-15.0,False,False,upper_or_side_wall,0.248,0.179818867039,0.97743485623477,0.179818867039,1.1871334497552424,47.816065987116,47.816065987116,993.42913229616,1.7641213528911273,56,3.3788021647975
hs075,0.75,92,100,50.0,2.796017461694915e-10,16,1.0,-7.5,False,False,evaporated_in_SOL,0.19699999999999998,0.40945817877122,0.55708161806692,0.40945817877122,1.0392176913858855,8.1834534644884,8.1834534644884,1327.06233342,169.36512121660851,41,3.7444123627889
hs075,0.75,93,100,50.0,2.796017461694915e-10,16,1.0,0.0,False,False,evaporated_in_SOL,0.19799999999999998,0.4280479131634,0.52682745302333,0.4280479131634,1.0303963407118346,12.091039329480001,12.091039329480001,1359.1839509007,169.64407920406825,40,3.6510361939164
hs075,0.75,94,100,50.0,2.796017461694915e-10,16,1.0,7.5,False,False,evaporated_in_SOL,0.206,0.41425896707097,0.5428135320156,0.41425896707097,1.0232383796400937,10.242042729015001,10.242042729015001,1396.3419524527,172.1535310378817,40,3.6590711804254
hs075,0.75,95,100,50.0,2.796017461694915e-10,16,1.0,15.0,False,False,evaporated_in_SOL,0.215,0.39724266710141,0.56526454533673,0.39724266710141,1.0203463864312199,14.864839494116,14.864839494116,1398.1925913424,176.06349284604502,41,3.599780592871
hs075,0.75,96,100,50.0,2.796017461694915e-10,16,1.25,-15.0,False,False,upper_or_side_wall,0.22799999999999998,0.19032740097351,0.9743338037256,0.19032740097351,1.1815883353847598,47.986772247057004,47.986772247057004,993.07666526485,2.0055663315224477,56,3.3788021648006
hs075,0.75,97,100,50.0,2.796017461694915e-10,16,1.25,-7.5,False,False,evaporated_in_SOL,0.181,0.40996447906765,0.55684669576281,0.40996447906765,1.0400555783539216,9.1396926258124,9.1396926258124,1294.1125802155,169.036827846137,41,3.7444184346501
hs075,0.75,98,100,50.0,2.796017461694915e-10,16,1.25,0.0,False,False,evaporated_in_SOL,0.183,0.42499026344256,0.52942128267612,0.42499026344256,1.026996767625052,6.4585076479047006,6.4585076479047006,1359.1843958177,170.53711624542723,40,3.6536528304187
hs075,0.75,99,100,50.0,2.796017461694915e-10,16,1.25,7.5,False,False,evaporated_in_SOL,0.191,0.41338121073812,0.54424238326794,0.41338121073812,1.0236441834559764,13.316354210217,13.316354210217,1396.3418888317,172.19426681287842,40,3.5945510328176
hs075,0.75,100,100,50.0,2.796017461694915e-10,16,1.25,15.0,False,False,evaporated_in_SOL,0.20199999999999999,0.38816423487596,0.5749952448002,0.38816423487596,1.0151717041609059,10.62149066149,10.62149066149,1398.1925910786,179.41685837514936,41,3.5951917482479
hs075,0.75,101,100,50.0,2.796017461694915e-10,16,1.5,-15.0,False,False,upper_or_side_wall,0.19999999999999998,0.23920024474839,0.96263543738776,0.23920024474839,1.1739309877002047,47.738235381336,47.738235381336,1010.9545157226,0.4995624363773952,55,4.1368676895023
hs075,0.75,102,100,50.0,2.796017461694915e-10,16,1.5,-7.5,False,False,evaporated_in_SOL,0.16699999999999998,0.40817524614811,0.55962594742042,0.40817524614811,1.0399799267914338,6.4718610490751995,6.4718610490751995,1294.1125784126,169.24968130476898,41,3.9956419422995
hs075,0.75,103,100,50.0,2.796017461694915e-10,16,1.5,0.0,False,False,evaporated_in_SOL,0.16899999999999998,0.42653116660589,0.5265363978994,0.42653116660589,1.0260657595737077,7.253742296970801,7.253742296970801,1359.1843959217,171.02619538553327,40,3.6548307508695
hs075,0.75,104,100,50.0,2.796017461694915e-10,16,1.5,7.5,False,False,evaporated_in_SOL,0.178,0.40956415791251,0.54803132217724,0.40956415791251,1.0207817454156844,9.7923387496297,9.7923387496297,1398.1925905362,173.67129624537054,41,3.595107775287
hs075,0.75,105,100,50.0,2.796017461694915e-10,16,1.5,15.0,False,False,evaporated_in_SOL,0.19,0.38017655368015,0.58371361689929,0.38017655368015,1.0125410381730735,5.338476165145299,5.338476165145299,1436.5236179203,182.98054890044486,41,3.6069107794673
hs075,0.75,106,100,50.0,2.796017461694915e-10,17,1.0,-15.0,False,False,evaporated_in_SOL,0.204,0.38478443197883,0.59077013776174,0.38478443197883,1.0455866720207114,5.7723451785395,5.7723451785395,1294.1125802314,176.02905685172536,41,3.9956412488264
hs075,0.75,107,100,50.0,2.796017461694915e-10,17,1.0,-7.5,False,False,evaporated_in_SOL,0.19699999999999998,0.43372880088409,0.52105443231017,0.43372880088409,1.0350831530342939,10.684024171557999,10.684024171557999,1324.4404812057,168.8404419496811,40,3.7608953708417
hs075,0.75,108,100,50.0,2.796017461694915e-10,17,1.0,0.0,False,False,evaporated_in_SOL,0.20299999999999999,0.42476149826814,0.52908329743531,0.42476149826814,1.0258490787931502,11.292419632716,11.292419632716,1359.1843977891,170.92130872991552,40,3.6586040471948
hs075,0.75,109,100,50.0,2.796017461694915e-10,17,1.0,7.5,False,False,evaporated_in_SOL,0.211,0.40713373172638,0.55178011973953,0.40713373172638,1.0218517248074337,10.107256925997,10.107256925997,1398.1925905362,173.97327556190865,41,3.5951341918982
hs075,0.75,110,100,50.0,2.796017461694915e-10,17,1.0,15.0,False,False,evaporated_in_SOL,0.221,0.38399594801806,0.57919748450138,0.38399594801806,1.012448684312648,5.33608690272,5.33608690272,1436.5236179203,181.33537186764605,41,3.6197991765689
hs075,0.75,111,100,50.0,2.796017461694915e-10,17,1.25,-15.0,False,False,evaporated_in_SOL,0.213,0.29976494796939,0.67264040297927,0.29976494796939,1.0486008817851924,5.6290490693321,5.6290490693321,1298.7798616638,248.62005203061,42,4.0890970459098
hs075,0.75,112,100,50.0,2.796017461694915e-10,17,1.25,-7.5,False,False,evaporated_in_SOL,0.181,0.43302363696894,0.52193332986363,0.43302363696894,1.0346241171605461,8.5127427458612,8.5127427458612,1324.4404819789,168.8152989448175,40,3.7572292063068
hs075,0.75,113,100,50.0,2.796017461694915e-10,17,1.25,0.0,False,False,evaporated_in_SOL,0.187,0.42609834075654,0.52722222900869,0.42609834075654,1.0261221813190002,13.124802487968001,13.124802487968001,1359.1843984389,170.95750238363897,40,3.6585661297333
hs075,0.75,114,100,50.0,2.796017461694915e-10,17,1.25,7.5,False,False,evaporated_in_SOL,0.19599999999999998,0.40450333249359,0.55494921482094,0.40450333249359,1.0208341421810838,11.165765797493,11.165765797493,1398.1925908074,174.73177662587426,41,3.5951477520711
hs075,0.75,115,100,50.0,2.796017461694915e-10,17,1.25,15.0,False,False,evaporated_in_SOL,0.207,0.3791385224786,0.58647028662529,0.3791385224786,1.0166319807406934,12.450139872943,12.450139872943,1436.2621998203,182.87335329242538,41,3.6277507620604
hs075,0.75,116,100,50.0,2.796017461694915e-10,17,1.5,-15.0,False,False,upper_or_side_wall,0.24,0.10738044396901,0.98609170354075,0.10738044396901,1.1408978732212998,37.111199697007,37.111199697007,1098.0612976121,1.1202964592499365,58,4.1368703728497
hs075,0.75,117,100,50.0,2.796017461694915e-10,17,1.5,-7.5,False,False,evaporated_in_SOL,0.16699999999999998,0.43154829037835,0.52421236489644,0.43154829037835,1.0348043053057365,5.8086984132122,5.8086984132122,1324.4404812057,168.51016800698343,40,3.767404856711
hs075,0.75,118,100,50.0,2.796017461694915e-10,17,1.5,0.0,False,False,evaporated_in_SOL,0.173,0.4258709489305,0.52666300571588,0.4258709489305,1.0246071663739986,12.743232758642002,12.743232758642002,1359.1843984388,171.47582343970416,40,3.6591842982848
hs075,0.75,119,100,50.0,2.796017461694915e-10,17,1.5,7.5,False,False,evaporated_in_SOL,0.182,0.40460567889582,0.55612857479591,0.40460567889582,1.0236413365168628,17.635757321759,17.635757321759,1398.0997740516,174.06911768696665,41,3.5951814118285
hs075,0.75,120,100,50.0,2.796017461694915e-10,17,1.5,15.0,False,False,evaporated_in_SOL,0.19499999999999998,0.36955931593987,0.59609142592965,0.36955931593987,1.0111160387424292,5.937746697673,5.937746697673,1436.2621995572,188.511478876485,41,3.6373199228506
hs075,0.75,121,125,62.5,5.460971604872881e-10,16,1.0,-15.0,False,False,upper_or_side_wall,0.27299999999999996,0.095777855757365,0.98543289909489,0.095777855757365,1.1588975086394646,53.496427892701,53.496427892701,1046.3347291037,1.7791009051100204,59,4.9945350230623
hs075,0.75,122,125,62.5,5.460971604872881e-10,16,1.0,-7.5,False,False,evaporated_in_SOL,0.19699999999999998,0.41405741919318,0.54946322362208,0.41405741919318,1.0329585260399052,7.6142502872787,7.6142502872787,1326.5784126334,169.0485081659986,41,4.6932280370791
hs075,0.75,123,125,62.5,5.460971604872881e-10,16,1.0,0.0,False,False,evaporated_in_SOL,0.19999999999999998,0.4238309233342,0.52822686334893,0.4238309233342,1.02205316866073,9.0663766877305,9.0663766877305,1396.3419519083,172.17814683854075,40,4.5726694027298
hs075,0.75,124,125,62.5,5.460971604872881e-10,16,1.0,7.5,False,False,evaporated_in_SOL,0.207,0.41403940055567,0.54076786793601,0.41403940055567,1.018818139068095,16.478514400478,16.478514400478,1396.3419532017,173.38739359246352,40,4.5741381702978
hs075,0.75,125,125,62.5,5.460971604872881e-10,16,1.0,15.0,False,False,evaporated_in_SOL,0.216,0.39569432498442,0.56511553618615,0.39569432498442,1.015175430488528,20.51991306443,20.51991306443,1398.192591487,177.48907096132268,41,4.5212073854808
hs075,0.75,126,125,62.5,5.460971604872881e-10,16,1.25,-15.0,False,False,upper_or_side_wall,0.22699999999999998,0.20023704249957,0.97274246360623,0.20023704249957,1.1694683309067913,58.196824592724,58.196824592724,1045.7250855558,0.9467724929842051,56,5.1710879075926
hs075,0.75,127,125,62.5,5.460971604872881e-10,16,1.25,-7.5,False,False,evaporated_in_SOL,0.181,0.41403694766689,0.55059164739033,0.41403694766689,1.0337390418592627,6.6237596502242,6.6237596502242,1327.0622570212,168.51794136187183,41,4.6905629809887
hs075,0.75,128,125,62.5,5.460971604872881e-10,16,1.25,0.0,False,False,evaporated_in_SOL,0.184,0.42641911095181,0.52412410742505,0.42641911095181,1.0217267621211565,12.197067736614,12.197067736614,1396.341952454,172.5854842185374,40,4.5739613345228
hs075,0.75,129,125,62.5,5.460971604872881e-10,16,1.25,7.5,False,False,evaporated_in_SOL,0.192,0.41242609658757,0.54311817756471,0.41242609658757,1.0190490845904479,19.197963578646,19.197963578646,1396.3419534911,173.5833006543823,40,4.493979302729
hs075,0.75,130,125,62.5,5.460971604872881e-10,16,1.25,15.0,False,False,evaporated_in_SOL,0.20299999999999999,0.38625982385808,0.57512441699039,0.38625982385808,1.0095462536229451,12.877756657502001,12.877756657502001,1436.523618137,181.0619920442386,41,4.5539320608932
hs075,0.75,131,125,62.5,5.460971604872881e-10,16,1.5,-15.0,False,False,upper_or_side_wall,0.20299999999999999,0.23338892804691,0.9587356542375,0.23338892804691,1.1651858019971297,58.599260891305,58.599260891305,1045.2173190795,5.78486428708781,55,5.2138024628576
hs075,0.75,132,125,62.5,5.460971604872881e-10,16,1.5,-7.5,False,False,evaporated_in_SOL,0.16599999999999998,0.42040210709711,0.54042669808733,0.42040210709711,1.034650253719427,10.770759597787,10.770759597787,1324.4404816287,168.14682443036725,40,4.994552893474
hs075,0.75,133,125,62.5,5.460971604872881e-10,16,1.5,0.0,False,False,evaporated_in_SOL,0.16999999999999998,0.4273564034563,0.52199748489133,0.4273564034563,1.02050493695707,12.47857967831,12.47857967831,1396.3419524541,173.165536654255,40,4.5740283852279
hs075,0.75,134,125,62.5,5.460971604872881e-10,16,1.5,7.5,False,False,evaporated_in_SOL,0.179,0.40824377745463,0.54716688782108,0.40824377745463,1.015718610695822,13.975663048533,13.975663048533,1436.5236180286,175.2453745130877,41,4.512351929667
hs075,0.75,135,125,62.5,5.460971604872881e-10,16,1.5,15.0,False,False,evaporated_in_SOL,0.19,0.38322285897113,0.58087502537937,0.38322285897113,1.0144901613478827,23.687819239845002,23.687819239845002,1436.523546529,181.3375230176808,41,4.5829459737997
hs075,0.75,136,125,62.5,5.460971604872881e-10,17,1.0,-15.0,False,False,evaporated_in_SOL,0.20099999999999998,0.40167006702683,0.57170678636934,0.40167006702683,1.0429920089775762,8.006341426292199,8.006341426292199,1294.1125802155,169.06304446385502,41,5.1113717616682
hs075,0.75,137,125,62.5,5.460971604872881e-10,17,1.0,-7.5,False,False,evaporated_in_SOL,0.19899999999999998,0.42946397556514,0.52320413918033,0.42946397556514,1.0278415778732142,7.7894243099308,7.7894243099308,1359.1843981112,170.76609645275659,40,4.7180507002441
hs075,0.75,138,125,62.5,5.460971604872881e-10,17,1.0,0.0,False,False,evaporated_in_SOL,0.205,0.41897240777743,0.53238395737849,0.41897240777743,1.0165676925712321,6.368079263761301,6.368079263761301,1396.3419532349,173.74878942376452,40,4.574163869925
hs075,0.75,139,125,62.5,5.460971604872881e-10,17,1.0,7.5,False,False,evaporated_in_SOL,0.212,0.40568503908867,0.55115854412085,0.40568503908867,1.0164729644187716,14.638008739507999,14.638008739507999,1436.5234745913,175.54145187938434,41,4.5118945804355
hs075,0.75,140,125,62.5,5.460971604872881e-10,17,1.0,15.0,False,False,evaporated_in_SOL,0.221,0.38690089167357,0.57633348446602,0.38690089167357,1.0144090455093349,22.983472253301,22.983472253301,1436.2434006041,179.95141552994352,41,4.5324082732954
hs075,0.75,141,125,62.5,5.460971604872881e-10,17,1.25,-15.0,False,False,evaporated_in_SOL,0.19,0.37443022106359,0.60834309397481,0.37443022106359,1.0504070660595215,7.5008341145894,7.5008341145894,1294.1125811095,180.29623350357593,41,5.1710879950513
hs075,0.75,142,125,62.5,5.460971604872881e-10,17,1.25,-7.5,False,False,evaporated_in_SOL,0.182,0.43458795238994,0.5156401921765,0.43458795238994,1.0292164782105833,12.515092134207,12.515092134207,1359.1843971285,171.74380146873014,40,4.7173367579991
hs075,0.75,143,125,62.5,5.460971604872881e-10,17,1.25,0.0,False,False,evaporated_in_SOL,0.189,0.41996845332326,0.53043750335173,0.41996845332326,1.015899366148851,8.0718094167006,8.0718094167006,1396.3419527035,174.03276695552208,40,4.574163307918
hs075,0.75,144,125,62.5,5.460971604872881e-10,17,1.25,7.5,False,False,evaporated_in_SOL,0.19699999999999998,0.40259892430395,0.55477623623989,0.40259892430395,1.014581982717276,14.604715985851,14.604715985851,1436.5236181369,176.48018422763084,41,4.5339063159134
hs075,0.75,145,125,62.5,5.460971604872881e-10,17,1.25,15.0,False,False,evaporated_in_SOL,0.208,0.37623173290722,0.58735052119386,0.37623173290722,1.0099335119969957,12.385589369952,12.385589369952,1455.2938944119,185.2400285631956,41,4.537539399459
hs075,0.75,146,125,62.5,5.460971604872881e-10,17,1.5,-15.0,False,False,evaporated_in_SOL,0.182,0.33989505596035,0.65144421744907,0.33989505596035,1.0625515637828826,6.6389705508022,6.6389705508022,1256.2372363016,208.53419506973253,41,5.171087995794
hs075,0.75,147,125,62.5,5.460971604872881e-10,17,1.5,-7.5,False,False,evaporated_in_SOL,0.16799999999999998,0.43308485136885,0.51762831528411,0.43308485136885,1.0284252728442098,8.1853121936672,8.1853121936672,1359.1843978724,171.5582303897925,40,4.718590678313
hs075,0.75,148,125,62.5,5.460971604872881e-10,17,1.5,0.0,False,False,evaporated_in_SOL,0.174,0.42487295625182,0.52514364847166,0.42487295625182,1.0195368504155806,18.487227675701998,18.487227675701998,1396.341953349,173.18918914925072,40,4.5741760327108
hs075,0.75,149,125,62.5,5.460971604872881e-10,17,1.5,7.5,False,False,evaporated_in_SOL,0.183,0.402175362871,0.55640100212996,0.402175362871,1.016695799801144,21.763909441704,21.763909441704,1398.1925915275,176.06065123525593,41,4.5367736425917
hs075,0.75,150,125,62.5,5.460971604872881e-10,17,1.5,15.0,False,False,evaporated_in_SOL,0.19499999999999998,0.37187713005453,0.59403889001833,0.37187713005453,1.0133004981484544,22.230527239395002,22.230527239395002,1436.2621998789,186.98142989520935,41,4.5419692322228
hs075,0.75,151,150,75.0,9.436558933220338e-10,16,1.0,-15.0,False,False,upper_or_side_wall,0.284,0.063946972476292,0.98481655507429,0.063946972476292,1.1380670088708214,60.154519500549,60.154519500549,1097.2086932981,2.3954449257099775,59,6.2053055839185
hs075,0.75,152,150,75.0,9.436558933220338e-10,16,1.0,-7.5,False,False,evaporated_in_SOL,0.19699999999999998,0.42005797346679,0.53808123852364,0.42005797346679,1.028232572878442,9.1710673978726,9.1710673978726,1359.1843979474,169.69780293062743,40,5.6603735527549
hs075,0.75,153,150,75.0,9.436558933220338e-10,16,1.0,0.0,False,False,evaporated_in_SOL,0.20099999999999998,0.42376411404545,0.52506854120227,0.42376411404545,1.0166117653932338,11.898689941979999,11.898689941979999,1396.3419534091,174.11799445179372,40,5.4889385901053
hs075,0.75,154,150,75.0,9.436558933220338e-10,16,1.0,7.5,False,False,evaporated_in_SOL,0.208,0.41241796972516,0.54029354135776,0.41241796972516,1.0137280411171983,18.951369370728997,18.951369370728997,1436.8133075319,175.02208327215382,40,5.4890133941841
hs075,0.75,155,150,75.0,9.436558933220338e-10,16,1.0,15.0,False,False,evaporated_in_SOL,0.217,0.3932609094106,0.5655828370916,0.3932609094106,1.0087133666646328,21.398596096876,21.398596096876,1436.5236183155,179.3885972215225,41,5.5259533151253
hs075,0.75,156,150,75.0,9.436558933220338e-10,16,1.25,-15.0,False,False,upper_or_side_wall,0.241,0.15253363920976,0.98286061586166,0.15253363920976,1.1604589870147157,67.58400190170201,67.58400190170201,1046.3326261271,1.8210114082822697,57,6.2565629560749
hs075,0.75,157,150,75.0,9.436558933220338e-10,16,1.25,-7.5,False,False,evaporated_in_SOL,0.181,0.42001896266547,0.53906297509645,0.42001896266547,1.0288673351855588,8.3102377716326,8.3102377716326,1359.1843976554,169.20059813625306,40,5.9934634745312
hs075,0.75,158,150,75.0,9.436558933220338e-10,16,1.25,0.0,False,False,evaporated_in_SOL,0.185,0.42585263742889,0.52170847744469,0.42585263742889,1.016285604292358,15.484792029754,15.484792029754,1396.341952727,174.52238387504312,40,5.4889671104834
hs075,0.75,159,150,75.0,9.436558933220338e-10,16,1.25,7.5,False,False,evaporated_in_SOL,0.193,0.41036279723163,0.54308506437352,0.41036279723163,1.0136255350516328,20.985474414991,20.985474414991,1436.5237502166,175.38861514306487,40,5.4890142682609
hs075,0.75,160,150,75.0,9.436558933220338e-10,16,1.25,15.0,False,False,evaporated_in_SOL,0.204,0.38356127391383,0.57581344387121,0.38356127391383,1.0027735284506334,11.020734476678001,11.020734476678001,1456.2751815915,183.18055315872758,41,5.5663931146238
hs075,0.75,161,150,75.0,9.436558933220338e-10,16,1.5,-15.0,False,False,upper_or_side_wall,0.22,0.17312551389471,0.97678016331531,0.17312551389471,1.1564326746145155,68.23993816320599,68.23993816320599,1046.3306104407,3.8031999652470607,57,6.2565629562276
hs075,0.75,162,150,75.0,9.436558933220338e-10,16,1.5,-7.5,False,False,evaporated_in_SOL,0.16599999999999998,0.42578679017702,0.52949950564869,0.42578679017702,1.029154538687524,13.356007635866,13.356007635866,1359.1843983281,169.84839236449992,40,5.9934634746728
hs075,0.75,163,150,75.0,9.436558933220338e-10,16,1.5,0.0,False,False,evaporated_in_SOL,0.17099999999999999,0.42638789295809,0.52006779052277,0.42638789295809,1.0152769859492947,16.020688181211,16.020688181211,1420.9127372351,175.1288490118044,40,5.4890087026979
hs075,0.75,164,150,75.0,9.436558933220338e-10,16,1.5,7.5,False,False,evaporated_in_SOL,0.18,0.40589019457965,0.54734771163218,0.40589019457965,1.009740266174624,13.640644653952,13.640644653952,1456.274322791,177.21437095929218,41,5.4458898647894
hs075,0.75,165,150,75.0,9.436558933220338e-10,16,1.5,15.0,False,False,evaporated_in_SOL,0.191,0.38011354126063,0.58180813485973,0.38011354126063,1.007286163175841,22.483049590533,22.483049590533,1456.2751817176,183.7966390046199,41,5.5925399288616
hs075,0.75,166,150,75.0,9.436558933220338e-10,17,1.0,-15.0,False,False,evaporated_in_SOL,0.19999999999999998,0.41149749735439,0.55752578349935,0.41149749735439,1.036698464221316,11.034542164518001,11.034542164518001,1324.440481999,167.36700308458046,41,6.133646125978
hs075,0.75,167,150,75.0,9.436558933220338e-10,17,1.0,-7.5,False,False,evaporated_in_SOL,0.19999999999999998,0.42967209744899,0.51906435524306,0.42967209744899,1.0220288935428592,9.8470845156845,9.8470845156845,1396.3419516354,173.22672793708114,40,5.6627119267042
hs075,0.75,168,150,75.0,9.436558933220338e-10,17,1.0,0.0,False,False,evaporated_in_SOL,0.205,0.42305511455194,0.52595139888395,0.42305511455194,1.0162926759685567,22.513108456056003,22.513108456056003,1396.3419534777,174.15493728019726,40,5.4957022455966
hs075,0.75,169,150,75.0,9.436558933220338e-10,17,1.0,7.5,False,False,evaporated_in_SOL,0.213,0.40329163147967,0.55144838219506,0.40329163147967,1.0097041515611869,13.976994915128,13.976994915128,1436.523618137,177.49226749339584,41,5.445694572542
hs075,0.75,170,150,75.0,9.436558933220338e-10,17,1.0,15.0,False,False,evaporated_in_SOL,0.222,0.38379599508566,0.57726178428713,0.38379599508566,1.00693632473558,21.604411806378,21.604411806378,1456.2751205862,182.34135811759327,41,5.5436416779846
hs075,0.75,171,150,75.0,9.436558933220338e-10,17,1.25,-15.0,False,False,evaporated_in_SOL,0.189,0.37579698576141,0.62763483334445,0.37579698576141,1.0426498210590085,7.712836061649099,7.712836061649099,1294.1125806663,174.861439578759,41,6.2053055950555
hs075,0.75,172,150,75.0,9.436558933220338e-10,17,1.25,-7.5,False,False,evaporated_in_SOL,0.183,0.43432850206814,0.51214557890886,0.43432850206814,1.0234039362900054,15.826597142321999,15.826597142321999,1396.3419523179,174.28243106227373,40,5.6627392210356
hs075,0.75,173,150,75.0,9.436558933220338e-10,17,1.25,0.0,False,False,evaporated_in_SOL,0.19,0.41845818880946,0.52940686764252,0.41845818880946,1.01035441127944,7.5585923756946,7.5585923756946,1436.8133069849,175.86108179029875,40,5.4890141283913
hs075,0.75,174,150,75.0,9.436558933220338e-10,17,1.25,7.5,False,False,evaporated_in_SOL,0.19799999999999998,0.39990141596191,0.55529383445215,0.39990141596191,1.0073315045545428,13.384862672033,13.384862672033,1456.2751815846,178.58606456543112,41,5.4819280669939
hs075,0.75,175,150,75.0,9.436558933220338e-10,17,1.25,15.0,False,False,evaporated_in_SOL,0.209,0.37292371842158,0.58842799898499,0.37292371842158,1.001581637213915,8.0857871683268,8.0857871683268,1477.0122942139,187.92968582367794,41,5.5473766668331
hs075,0.75,176,150,75.0,9.436558933220338e-10,17,1.5,-15.0,False,False,upper_or_side_wall,0.19,0.27023573586528,0.94403975160719,0.27023573586528,1.0489095789546081,10.060984480730001,10.060984480730001,1294.112581117,10.320576761804984,54,6.2690710800829
hs075,0.75,177,150,75.0,9.436558933220338e-10,17,1.5,-7.5,False,False,evaporated_in_SOL,0.16899999999999998,0.43276369779427,0.51386515304973,0.43276369779427,1.0220933225604987,8.8114667616171,8.8114667616171,1396.3419515737,174.28684808087638,40,5.6627416437629
hs075,0.75,178,150,75.0,9.436558933220338e-10,17,1.5,0.0,False,False,evaporated_in_SOL,0.175,0.42274332637031,0.52484567435379,0.42274332637031,1.0136637423279793,21.215393635029002,21.215393635029002,1436.8133075284,175.0672663814095,40,5.5018422826689
hs075,0.75,179,150,75.0,9.436558933220338e-10,17,1.5,7.5,False,False,evaporated_in_SOL,0.184,0.39914630685679,0.55709370877073,0.39914630685679,1.0087770144238826,21.079913351799,21.079913351799,1436.5236182996,178.3711739692533,41,5.4753788824502
hs075,0.75,180,150,75.0,9.436558933220338e-10,17,1.5,15.0,False,False,evaporated_in_SOL,0.19599999999999998,0.36827231147625,0.59517803198034,0.36827231147625,1.003853868031674,19.245320301708002,19.245320301708002,1455.3713601555,190.02192646552055,41,5.5520022860256
hs075,0.75,181,200,100.0,2.236813969355932e-09,16,1.0,-15.0,False,False,upper_or_side_wall,0.23099999999999998,0.22297804916622,0.96255156311107,0.22297804916622,1.044810865223955,20.541187001617,20.541187001617,1296.0280015976,4.827932179981444,55,8.2737407934494
hs075,0.75,182,200,100.0,2.236813969355932e-09,16,1.0,-7.5,False,False,evaporated_in_SOL,0.19799999999999998,0.42392660041681,0.52623609677461,0.42392660041681,1.0189716800186004,10.949775159026,10.949775159026,1396.3419533777,173.2863628438332,40,7.9912846329957
hs075,0.75,183,200,100.0,2.236813969355932e-09,16,1.0,0.0,False,False,evaporated_in_SOL,0.20199999999999999,0.42561807308142,0.51825860586046,0.42561807308142,1.0107676056626287,26.187184226094,26.187184226094,1436.8133075603,176.8665796535804,40,7.3495704218823
hs075,0.75,184,200,100.0,2.236813969355932e-09,16,1.0,7.5,False,False,evaporated_in_SOL,0.21,0.40755757805676,0.54102343263825,0.40755757805676,1.0025029896189006,13.642391655806,13.642391655806,1478.2592647979,178.84741312276205,40,7.3478541627807
hs075,0.75,185,200,100.0,2.236813969355932e-09,16,1.0,15.0,False,False,evaporated_in_SOL,0.218,0.39177383996557,0.56484507305202,0.39177383996557,1.0023364540521065,34.459258866433,34.459258866433,1456.2751817396,181.04678453200555,41,7.4433996817882
hs075,0.75,186,200,100.0,2.236813969355932e-09,16,1.25,-15.0,False,False,upper_or_side_wall,0.247,0.11512693218773,0.98294820247299,0.11512693218773,1.0673366557230217,36.494546773696996,36.494546773696996,1256.2372369535,4.263797527010005,58,8.3420839416731
hs075,0.75,187,200,100.0,2.236813969355932e-09,16,1.25,-7.5,False,False,evaporated_in_SOL,0.181,0.42936872921865,0.51754618676415,0.42936872921865,1.019069907279654,20.049142967821,20.049142967821,1396.341953206,174.4350988432616,40,7.9912846329986
hs075,0.75,188,200,100.0,2.236813969355932e-09,16,1.25,0.0,False,False,evaporated_in_SOL,0.187,0.42221518913491,0.5205075555681,0.42221518913491,1.0054663026402935,11.766115761786,11.766115761786,1457.5348516064,178.12437215364866,40,7.3499575070347
hs075,0.75,189,200,100.0,2.236813969355932e-09,16,1.25,7.5,False,False,evaporated_in_SOL,0.19499999999999998,0.40492777776807,0.54422478554444,0.40492777776807,1.001011094875255,14.122546816743,14.122546816743,1478.259264807,179.57332586202935,41,7.4279640872734
hs075,0.75,190,200,100.0,2.236813969355932e-09,16,1.25,15.0,True,False,evaporated_inside_lcfs,0.205,0.38196119584614,0.57497407456846,0.38196119584614,0.9958011155124215,18.540109753922,18.540109753922,1517.3380076312,184.9865327526721,41,7.5398149745749
hs075,0.75,191,200,100.0,2.236813969355932e-09,16,1.5,-15.0,False,False,upper_or_side_wall,0.256,0.04999024142329,0.98424895058342,0.04999024142329,1.095007585408285,62.783693090046995,62.783693090046995,1150.136286741,2.963049416579988,60,8.5609459010068
hs075,0.75,192,200,100.0,2.236813969355932e-09,16,1.5,-7.5,False,False,evaporated_in_SOL,0.16699999999999998,0.42873851044173,0.51818535040511,0.42873851044173,1.0184287372974783,15.424558011950001,15.424558011950001,1396.3419529326,174.50672737954764,40,8.1781948348011
hs075,0.75,193,200,100.0,2.236813969355932e-09,16,1.5,0.0,False,False,evaporated_in_SOL,0.173,0.42219627727193,0.51934558091639,0.42219627727193,1.00378183210327,10.348285392562,10.348285392562,1457.5348516064,178.85621215249037,40,7.3532137951605
hs075,0.75,194,200,100.0,2.236813969355932e-09,16,1.5,7.5,False,False,evaporated_in_SOL,0.181,0.40466825349899,0.54568923106832,0.40466825349899,1.0029242134633225,25.430519314305002,25.430519314305002,1456.2751816765,179.08835658086403,41,7.4466242568449
hs075,0.75,195,200,100.0,2.236813969355932e-09,16,1.5,15.0,True,False,evaporated_inside_lcfs,0.192,0.37781584365028,0.58174712864396,0.37781584365028,0.9999715611723812,32.407493066657,32.407493066657,1512.0082720209,185.92681923102626,41,7.5455930912195
hs075,0.75,196,200,100.0,2.236813969355932e-09,17,1.0,-15.0,False,False,evaporated_in_SOL,0.19999999999999998,0.41949046507478,0.54148545497863,0.41949046507478,1.0268339176571304,13.172306929095,13.172306929095,1359.1843990015,168.35944356888686,40,8.178194834799
hs075,0.75,197,200,100.0,2.236813969355932e-09,17,1.0,-7.5,False,False,evaporated_in_SOL,0.20099999999999998,0.43205277695042,0.50951575655217,0.43205277695042,1.0139641686630096,22.197189963068,22.197189963068,1436.8133073131,177.73792208678327,40,7.5503462087907
hs075,0.75,198,200,100.0,2.236813969355932e-09,17,1.0,0.0,False,False,evaporated_in_SOL,0.207,0.41824358354901,0.5263634431421,0.41824358354901,1.0048040680292711,19.403985741188,19.403985741188,1457.5348517764,177.79475017324114,40,7.3683844783037
hs075,0.75,199,200,100.0,2.236813969355932e-09,17,1.0,7.5,False,False,evaporated_in_SOL,0.214,0.40200477603906,0.54995133769269,0.40200477603906,1.0025949390729265,25.253830407934,25.253830407934,1456.2751816972,179.3445200189111,41,7.4379440842632
hs075,0.75,200,200,100.0,2.236813969355932e-09,17,1.0,15.0,True,False,evaporated_inside_lcfs,0.223,0.38151427522995,0.57712138912225,0.38151427522995,0.9994951559166086,31.263155460656,31.263155460656,1478.2592245539,184.46334259583625,41,7.5310523176755
hs075,0.75,201,200,100.0,2.236813969355932e-09,17,1.25,-15.0,False,False,upper_or_side_wall,0.19699999999999998,0.32341111558766,0.91664502810921,0.32341111558766,1.0308684672990234,10.653565408279,10.653565408279,1359.1843984386,22.83683307733935,53,8.3609947036922
hs075,0.75,202,200,100.0,2.236813969355932e-09,17,1.25,-7.5,False,False,evaporated_in_SOL,0.185,0.43118962172397,0.50973166030153,0.43118962172397,1.0121751463897743,12.591442182557001,12.591442182557001,1436.8133073457,178.22736035560422,40,7.550345853006
hs075,0.75,203,200,100.0,2.236813969355932e-09,17,1.25,0.0,False,False,evaporated_in_SOL,0.191,0.41837414243307,0.52557325948606,0.41837414243307,1.0038346532564228,20.027819554553,20.027819554553,1457.5348517764,178.15099868317003,40,7.4102112818946
hs075,0.75,204,200,100.0,2.236813969355932e-09,17,1.25,7.5,True,False,evaporated_inside_lcfs,0.19899999999999998,0.39830646957135,0.55408639235631,0.39830646957135,0.9998654850843034,23.739477278359,23.739477278359,1478.0693725685,180.5668112775742,41,7.4833474505012
hs075,0.75,205,200,100.0,2.236813969355932e-09,17,1.25,15.0,False,False,evaporated_in_SOL,0.209,0.37502472586393,0.58610741103238,0.37502472586393,1.0028761870115765,37.719649401229,37.719649401229,1455.3713602081,186.8220599791868,41,7.5640579270258
hs075,0.75,206,200,100.0,2.236813969355932e-09,17,1.5,-15.0,False,False,upper_or_side_wall,0.185,0.31504389179623,0.93392802032376,0.31504389179623,1.0350622379191765,14.574296511381998,14.574296511381998,1324.4404831308,8.347536386202567,53,8.5621951329029
hs075,0.75,207,200,100.0,2.236813969355932e-09,17,1.5,-7.5,False,False,evaporated_in_SOL,0.16999999999999998,0.43480500113839,0.50395236021453,0.43480500113839,1.0133293473655767,18.975145379986,18.975145379986,1436.8133072037,179.58724582660867,40,7.5503463845274
hs075,0.75,208,200,100.0,2.236813969355932e-09,17,1.5,0.0,False,False,evaporated_in_SOL,0.177,0.41715436183894,0.52569742236006,0.41715436183894,1.0009560224365526,15.024434523695,15.024434523695,1457.5348517764,179.06800120683152,40,7.3542360062542
hs075,0.75,209,200,100.0,2.236813969355932e-09,17,1.5,7.5,False,False,evaporated_in_SOL,0.185,0.39700707339296,0.55654059630881,0.39700707339296,1.000994498271318,31.582641926165,31.582641926165,1456.2751817394,180.50956391423125,41,7.4790966930293
hs075,0.75,210,200,100.0,2.236813969355932e-09,17,1.5,15.0,True,False,evaporated_inside_lcfs,0.19699999999999998,0.36549857273587,0.59533104544985,0.36549857273587,0.9944590875265603,24.442555109946,24.442555109946,1516.2953468149,192.6050027057449,41,7.5425305966661
hs075,0.75,211,250,125.0,4.368777283898306e-09,16,1.0,-15.0,False,False,upper_or_side_wall,0.219,0.28556944952637,0.9335811510769,0.28556944952637,1.0309235494744575,20.234352135078,20.234352135078,1361.8812308108,16.399532746624768,54,10.451217112784
hs075,0.75,212,250,125.0,4.368777283898306e-09,16,1.0,-7.5,False,False,evaporated_in_SOL,0.19799999999999998,0.43070563181208,0.50995206710069,0.43070563181208,1.0113159482620135,27.466718442727,27.466718442727,1436.8133075824,178.4362679933026,40,9.9891057912683
hs075,0.75,213,250,125.0,4.368777283898306e-09,16,1.0,0.0,True,False,evaporated_inside_lcfs,0.204,0.4208298427728,0.51875421691376,0.4208298427728,0.9995434756872831,17.767174146077,17.767174146077,1480.0313964808,180.2958540147739,40,9.2394136267324
hs075,0.75,214,250,125.0,4.368777283898306e-09,16,1.0,7.5,True,False,evaporated_inside_lcfs,0.211,0.40617960760536,0.53939161126778,0.40617960760536,0.9958743461085601,15.412672228514001,15.412672228514001,1517.3380076312,180.85632695595928,40,9.3518294211376
hs075,0.75,215,250,125.0,4.368777283898306e-09,16,1.0,15.0,True,False,evaporated_inside_lcfs,0.219,0.38943191756011,0.56476603403365,0.38943191756011,0.9948630724154296,41.260540839638004,41.260540839638004,1517.3380028768,183.1318938539398,41,9.3986466047027
hs075,0.75,216,250,125.0,4.368777283898306e-09,16,1.25,-15.0,False,False,upper_or_side_wall,0.213,0.24520598400216,0.95172597076932,0.24520598400216,1.0415580603557872,34.995123195614,34.995123195614,1294.1125819716,9.455978700383199,55,10.702724847951
hs075,0.75,217,250,125.0,4.368777283898306e-09,16,1.25,-7.5,False,False,evaporated_in_SOL,0.182,0.43063510058656,0.50950557013954,0.43063510058656,1.0104927631173108,21.936929786024997,21.936929786024997,1436.8133075052,178.789191151984,40,9.9891057912723
hs075,0.75,218,250,125.0,4.368777283898306e-09,16,1.25,0.0,True,False,evaporated_inside_lcfs,0.188,0.42173311549595,0.51698818608988,0.42173311549595,0.9993109755669048,21.571869766516997,21.571869766516997,1480.0313999373,180.68598309730356,40,9.3083710790316
hs075,0.75,219,250,125.0,4.368777283898306e-09,16,1.25,7.5,True,False,evaporated_inside_lcfs,0.19599999999999998,0.40323892231915,0.54292314741881,0.40323892231915,0.9934515175325475,13.530453096935,13.530453096935,1517.3380076261,181.68192611822656,41,9.3933965168106
hs075,0.75,220,250,125.0,4.368777283898306e-09,16,1.25,15.0,True,False,evaporated_inside_lcfs,0.206,0.37962052873104,0.5746901128662,0.37962052873104,0.9878383270640526,15.356797689288,15.356797689288,1560.5364411731,187.21787031983177,41,9.5698422566658
hs075,0.75,221,250,125.0,4.368777283898306e-09,16,1.5,-15.0,False,False,upper_or_side_wall,0.21,0.20302912958381,0.97057482596025,0.20302912958381,1.0515338228770896,47.373595863310996,47.373595863310996,1256.2372363739,2.3077452955446542,56,10.796680340308
hs075,0.75,222,250,125.0,4.368777283898306e-09,16,1.5,-7.5,False,False,evaporated_in_SOL,0.16799999999999998,0.42991530098119,0.50981452435061,0.42991530098119,1.0091869945227492,14.810004481313001,14.810004481313001,1436.8695737075,179.11385354858564,40,10.222743543515
hs075,0.75,223,250,125.0,4.368777283898306e-09,16,1.5,0.0,True,False,evaporated_inside_lcfs,0.174,0.42138055526374,0.51616929995168,0.42138055526374,0.9972861539307452,18.472713467509998,18.472713467509998,1518.5187781868,181.47390456701453,40,9.3485165411762
hs075,0.75,224,250,125.0,4.368777283898306e-09,16,1.5,7.5,True,False,evaporated_inside_lcfs,0.182,0.40242879257818,0.54512279559024,0.40242879257818,0.995023921830433,27.640608462158,27.640608462158,1517.3380076286,181.32081453868022,41,9.3990156458386
hs075,0.75,225,250,125.0,4.368777283898306e-09,16,1.5,15.0,True,False,evaporated_inside_lcfs,0.193,0.37504209286486,0.58190503464585,0.37504209286486,0.9917568325683916,30.591325851276,30.591325851276,1516.2953468125,188.4127531854208,41,9.6273138930509
hs075,0.75,226,250,125.0,4.368777283898306e-09,17,1.0,-15.0,False,False,evaporated_in_SOL,0.19999999999999998,0.42657720312115,0.52209029057901,0.42657720312115,1.018355532683786,19.018865880701,19.018865880701,1396.3419532962,173.71738909140825,40,10.222743543515
hs075,0.75,227,250,125.0,4.368777283898306e-09,17,1.0,-7.5,False,False,evaporated_in_SOL,0.20299999999999999,0.42749548164273,0.50978618074128,0.42749548164273,1.0032420136168678,12.697908587624001,12.697908587624001,1457.5348516914,180.93346906210772,40,9.4379330841646
hs075,0.75,228,250,125.0,4.368777283898306e-09,17,1.0,0.0,True,False,evaporated_inside_lcfs,0.208,0.4168172245858,0.52466568680262,0.4168172245858,0.9984140639444192,28.664458035452,28.664458035452,1480.0314000308,179.94440355292525,40,9.3664874861015
hs075,0.75,229,250,125.0,4.368777283898306e-09,17,1.0,7.5,True,False,evaporated_inside_lcfs,0.215,0.39978254432613,0.54944337162125,0.39978254432613,0.9948203440920667,28.630010455887998,28.630010455887998,1517.3380076286,181.53350233458391,41,9.3962497635717
hs075,0.75,230,250,125.0,4.368777283898306e-09,17,1.0,15.0,True,False,evaporated_inside_lcfs,0.22399999999999998,0.37881368483857,0.57718861019042,0.37881368483857,0.9912408293567991,29.646531787036,29.646531787036,1517.3380076248,186.88165176547864,41,9.4901054797292
hs075,0.75,231,250,125.0,4.368777283898306e-09,17,1.25,-15.0,False,False,evaporated_in_SOL,0.184,0.42346379757339,0.53086207438905,0.42346379757339,1.0219195048841705,18.120350201245,18.120350201245,1396.3419531405,170.93168703035062,40,10.451255216108
hs075,0.75,232,250,125.0,4.368777283898306e-09,17,1.25,-7.5,False,False,evaporated_in_SOL,0.186,0.4312053159148,0.50432257079043,0.4312053159148,1.005141818111354,20.952187943362,20.952187943362,1457.5348517128,181.91161443239375,40,9.437933079701
hs075,0.75,233,250,125.0,4.368777283898306e-09,17,1.25,0.0,True,False,evaporated_inside_lcfs,0.192,0.41669943198487,0.5240982607491,0.41669943198487,0.9971878165043869,27.900441687175,27.900441687175,1518.5154470355,180.3726398057819,40,9.3273457496196
hs075,0.75,234,250,125.0,4.368777283898306e-09,17,1.25,7.5,True,False,evaporated_inside_lcfs,0.19999999999999998,0.39592412258125,0.55362978024995,0.39592412258125,0.9915487259364422,23.305152261977,23.305152261977,1517.3380076261,182.87076428821186,41,9.4146915058056
hs075,0.75,235,250,125.0,4.368777283898306e-09,17,1.25,15.0,True,False,evaporated_inside_lcfs,0.21,0.37202297094037,0.58643371964476,0.37202297094037,0.9930742207816099,36.718541595199,36.718541595199,1516.2953468124,189.4912287962398,41,9.6405593409996
hs075,0.75,236,250,125.0,4.368777283898306e-09,17,1.5,-15.0,False,False,upper_or_side_wall,0.183,0.33088594424443,0.92252751404288,0.33088594424443,1.0251049069079219,13.584501279646,13.584501279646,1359.1843989798,15.202430187007703,52,10.702747777559
hs075,0.75,237,250,125.0,4.368777283898306e-09,17,1.5,-7.5,False,False,evaporated_in_SOL,0.17099999999999999,0.43439531913507,0.49935155735925,0.43439531913507,1.006614436334167,28.056617184044,28.056617184044,1457.5348517339,183.1339804735206,40,9.4379330862411
hs075,0.75,238,250,125.0,4.368777283898306e-09,17,1.5,0.0,True,False,evaporated_inside_lcfs,0.178,0.41536915978373,0.52409511861267,0.41536915978373,0.9938301440724802,16.850536308831998,16.850536308831998,1518.5195834639,181.45269510526316,40,9.3495686623505
hs075,0.75,239,250,125.0,4.368777283898306e-09,17,1.5,7.5,True,False,evaporated_inside_lcfs,0.186,0.39427895574816,0.55643719636003,0.39427895574816,0.9923350925697758,32.810360482396,32.810360482396,1517.3380076261,182.94402400878627,41,9.4048476493405
hs075,0.75,240,250,125.0,4.368777283898306e-09,17,1.5,15.0,True,False,evaporated_inside_lcfs,0.19799999999999998,0.36250546907911,0.59550907088309,0.36250546907911,0.9843621433412492,17.104288313285,17.104288313285,1560.3806669558,195.39438282012185,41,9.6244901835241
hs075,0.75,241,300,150.0,7.54924714657627e-09,16,1.0,-15.0,False,False,evaporated_in_SOL,0.20299999999999999,0.39032934544465,0.59239806460936,0.39032934544465,1.0208757110801023,15.369494656448998,15.369494656448998,1396.3419535574,170.27563159757227,41,12.541505867739
hs075,0.75,242,300,150.0,7.54924714657627e-09,16,1.0,-7.5,False,False,evaporated_in_SOL,0.19899999999999998,0.43072415078253,0.50485164293465,0.43072415078253,1.0046306215624505,32.511760102404,32.511760102404,1457.5348517571,181.89505544653588,40,11.986926949528
hs075,0.75,243,300,150.0,7.54924714657627e-09,16,1.0,0.0,True,False,evaporated_inside_lcfs,0.205,0.41966880794116,0.51641349307837,0.41966880794116,0.9933867061265998,17.795186488802997,17.795186488802997,1518.5195834639,182.65772056757248,40,11.240057638871
hs075,0.75,244,300,150.0,7.54924714657627e-09,16,1.0,7.5,True,False,evaporated_inside_lcfs,0.211,0.40782304430817,0.53703078359618,0.40782304430817,0.9957634905741342,47.090987107966995,47.090987107966995,1518.5195834614,180.64059149329626,40,11.346864052518
hs075,0.75,245,300,150.0,7.54924714657627e-09,16,1.0,15.0,True,False,evaporated_inside_lcfs,0.22,0.38682829324643,0.56478516440001,0.38682829324643,0.9868083592480866,38.440902121945,38.440902121945,1560.284265291,185.39800010872622,41,11.603206422755
hs075,0.75,246,300,150.0,7.54924714657627e-09,16,1.25,-15.0,False,False,upper_or_side_wall,0.204,0.28950980361809,0.93055824777451,0.28950980361809,1.0280601394187652,30.289350501768002,30.289350501768002,1361.8812309125,18.285286729815695,54,12.843297114532
hs075,0.75,247,300,150.0,7.54924714657627e-09,16,1.25,-7.5,False,False,evaporated_in_SOL,0.183,0.43062342986241,0.50401828080827,0.43062342986241,1.0033728299657556,24.9368777048,24.9368777048,1457.5348517802,182.54254111508106,40,11.986926949528
hs075,0.75,248,300,150.0,7.54924714657627e-09,16,1.25,0.0,True,False,evaporated_inside_lcfs,0.189,0.42024443361475,0.5150792961468,0.42024443361475,0.9929486910159119,21.257251378594,21.257251378594,1518.5195834639,183.042548610031,40,11.27958273269
hs075,0.75,249,300,150.0,7.54924714657627e-09,16,1.25,7.5,True,False,evaporated_inside_lcfs,0.19599999999999998,0.40469875824333,0.54085612892615,0.40469875824333,0.9940852355645455,43.877270680661,43.877270680661,1517.3380076267,181.41459462858273,40,11.28927117257
hs075,0.75,250,300,150.0,7.54924714657627e-09,16,1.25,15.0,True,False,evaporated_inside_lcfs,0.206,0.38066106139695,0.57353706947107,0.38066106139695,0.9883484259465679,46.515248467678006,46.515248467678006,1560.5154304683,186.7850137673357,41,11.632010807095
hs075,0.75,251,300,150.0,7.54924714657627e-09,16,1.5,-15.0,False,False,upper_or_side_wall,0.19399999999999998,0.27261455307234,0.94278200308612,0.27261455307234,1.0338256961603127,42.905138372711,42.905138372711,1327.0623352382,10.911607809319463,54,12.956017983533
hs075,0.75,252,300,150.0,7.54924714657627e-09,16,1.5,-7.5,False,False,evaporated_in_SOL,0.16899999999999998,0.42993991250461,0.50353614040458,0.42993991250461,1.0011468323749992,15.58425353317,15.58425353317,1480.0278801022,183.3699161958337,40,12.267292252218
hs075,0.75,253,300,150.0,7.54924714657627e-09,16,1.5,0.0,True,False,evaporated_inside_lcfs,0.175,0.4196862623597,0.51434512788733,0.4196862623597,0.990546015182519,15.685400067616001,15.685400067616001,1518.5195834639,183.93815827935944,40,11.256890491065
hs075,0.75,254,300,150.0,7.54924714657627e-09,16,1.5,7.5,True,False,evaporated_inside_lcfs,0.183,0.39986329443497,0.54478196586564,0.39986329443497,0.9865497428345943,20.649104074439,20.649104074439,1560.5364411731,183.72855545045093,41,11.444218010967
hs075,0.75,255,300,150.0,7.54924714657627e-09,16,1.5,15.0,True,False,evaporated_inside_lcfs,0.19399999999999998,0.37211174625435,0.58207394445744,0.37211174625435,0.98179828900949,15.831094206191999,15.831094206191999,1560.3806669558,191.04697779676562,41,12.088485250877
hs075,0.75,256,300,150.0,7.54924714657627e-09,17,1.0,-15.0,False,False,evaporated_in_SOL,0.19999999999999998,0.43195205724324,0.50676410075885,0.43195205724324,1.0099345163371203,28.264147135489,28.264147135489,1436.8695833263,179.6887399946791,40,12.267292252218
hs075,0.75,257,300,150.0,7.54924714657627e-09,17,1.0,-7.5,True,False,evaporated_inside_lcfs,0.204,0.42660475118836,0.50630075147148,0.42660475118836,0.9964395027823442,15.087112295212,15.087112295212,1518.5195834743,183.9267904371957,40,11.325519704519
hs075,0.75,258,300,150.0,7.54924714657627e-09,17,1.0,0.0,True,False,evaporated_inside_lcfs,0.209,0.41478266887699,0.52370674227319,0.41478266887699,0.9917195161935255,27.100094015422,27.100094015422,1518.5195834626,182.15559607499478,40,11.299498721916
hs075,0.75,259,300,150.0,7.54924714657627e-09,17,1.0,7.5,True,False,evaporated_inside_lcfs,0.216,0.39729357759352,0.54910047535496,0.39729357759352,0.9865346066359205,22.788518685571002,22.788518685571002,1560.5364411731,183.8753640127248,41,11.423367138133
hs075,0.75,260,300,150.0,7.54924714657627e-09,17,1.0,15.0,True,False,evaporated_inside_lcfs,0.22499999999999998,0.37599934233147,0.57723367673647,0.37599934233147,0.9825795523057627,16.112454392927,16.112454392927,1560.536441191,189.42032035177613,41,11.893110650185
hs075,0.75,261,300,150.0,7.54924714657627e-09,17,1.25,-15.0,False,False,evaporated_in_SOL,0.184,0.42906247987123,0.51437621730543,0.42906247987123,1.0137157939535126,20.686872901664,20.686872901664,1436.8133238109,176.72778461881106,40,12.541506332507
hs075,0.75,262,300,150.0,7.54924714657627e-09,17,1.25,-7.5,True,False,evaporated_inside_lcfs,0.187,0.43003479077699,0.50133130065573,0.43003479077699,0.9986972895909548,26.674883561113,26.674883561113,1518.5111505553,184.8300065272542,40,11.32551970442
hs075,0.75,263,300,150.0,7.54924714657627e-09,17,1.25,0.0,True,False,evaporated_inside_lcfs,0.193,0.41449983586924,0.52321509264025,0.41449983586924,0.9902070765112589,25.211943884558,25.211943884558,1518.5195834614,182.6724164042397,40,11.292860569144
hs075,0.75,264,300,150.0,7.54924714657627e-09,17,1.25,7.5,True,False,evaporated_inside_lcfs,0.19999999999999998,0.39703436966569,0.55216312358389,0.39703436966569,0.9919039458177831,52.436817848027,52.436817848027,1517.3380076254,182.6133298859469,41,11.481683158974
hs075,0.75,265,300,150.0,7.54924714657627e-09,17,1.25,15.0,True,False,evaporated_inside_lcfs,0.211,0.36899243303385,0.58666796471433,0.36899243303385,0.9829139448821671,24.053360522661,24.053360522661,1560.3806669558,192.23069250567002,41,12.275858052017
hs075,0.75,266,300,150.0,7.54924714657627e-09,17,1.5,-15.0,False,False,evaporated_in_SOL,0.17099999999999999,0.42041781931436,0.53535814181572,0.42041781931436,1.0167044763611677,16.088386960929,16.088386960929,1396.3419532082,170.88937077893397,40,12.84329735363
hs075,0.75,267,300,150.0,7.54924714657627e-09,17,1.5,-7.5,True,False,evaporated_inside_lcfs,0.172,0.43294939244425,0.49676456338366,0.43294939244425,0.9999964268439647,34.814628577277006,34.814628577277006,1480.0314000245,185.9947778600166,40,11.325519704564
hs075,0.75,268,300,150.0,7.54924714657627e-09,17,1.5,0.0,True,False,evaporated_inside_lcfs,0.178,0.41693005195098,0.52163867490942,0.41693005195098,0.9938006974282996,47.106082181221005,47.106082181221005,1518.5195834626,181.64333060873918,40,11.31507749314
hs075,0.75,269,300,150.0,7.54924714657627e-09,17,1.5,7.5,True,False,evaporated_inside_lcfs,0.187,0.39139532508102,0.5563552792877,0.39139532508102,0.9832404201820947,23.397142359298,23.397142359298,1560.5364411821,185.50395122165713,41,11.801571329843
hs075,0.75,270,300,150.0,7.54924714657627e-09,17,1.5,15.0,True,False,evaporated_inside_lcfs,0.19799999999999998,0.36323577525879,0.59471569854825,0.36323577525879,0.9846018856406975,45.600156469156005,45.600156469156005,1560.3806669579,194.94666139727852,41,12.012337088225
hs100,1.0,1,40,20.0,1.7894511754847454e-11,16,1.0,-15.0,False,False,upper_or_side_wall,0.214,0.27982454439402,0.94672200956101,0.27982454439402,1.2272343883797971,19.58969237473,19.58969237473,920.28756031948,5.2212739697337796,54,1.0014756052682
hs100,1.0,2,40,20.0,1.7894511754847454e-11,16,1.0,-7.5,False,False,upper_or_side_wall,0.241,0.19068372747749,0.97621960725122,0.19068372747749,1.2217483298042324,18.638513833329,18.638513833329,957.31011668699,0.09225361673047561,56,1.0045050512918
hs100,1.0,3,40,20.0,1.7894511754847454e-11,16,1.0,0.0,False,False,evaporated_in_SOL,0.19399999999999998,0.41744153386502,0.55764873804509,0.41744153386502,1.0615174565101326,2.81289685857,2.81289685857,1280.8953240318,162.11252730945276,41,1.3412136741682
hs100,1.0,4,40,20.0,1.7894511754847454e-11,16,1.0,7.5,False,False,evaporated_in_SOL,0.19799999999999998,0.42764700059672,0.54467530298078,0.42764700059672,1.0616064014430089,4.6344092723239,4.6344092723239,1279.7817629861,159.75254373604332,40,1.3790173621946
hs100,1.0,5,40,20.0,1.7894511754847454e-11,16,1.0,15.0,False,False,evaporated_in_SOL,0.208,0.41105662262343,0.56229402326882,0.41105662262343,1.0545305408967167,4.7749220380437,4.7749220380437,1280.8953285597,165.43475083536177,41,1.3805238841758
hs100,1.0,6,40,20.0,1.7894511754847454e-11,16,1.25,-15.0,False,False,upper_or_side_wall,0.19699999999999998,0.28242479807334,0.94955023672775,0.28242479807334,1.218202019812516,19.52398781625,19.52398781625,934.41564528252,1.8108919580233864,54,1.0012674752021
hs100,1.0,7,40,20.0,1.7894511754847454e-11,16,1.25,-7.5,False,False,upper_or_side_wall,0.22399999999999998,0.19192636573829,0.97410025705426,0.19192636573829,1.2163452991152155,18.607851633703,18.607851633703,957.46417095332,1.8123122421181825,56,1.0044893527899
hs100,1.0,8,40,20.0,1.7894511754847454e-11,16,1.25,0.0,False,False,evaporated_in_SOL,0.177,0.42689801217004,0.5488641986402,0.42689801217004,1.0677276596860168,4.559975781978699,4.559975781978699,1279.7814102312,158.19583741237358,40,1.3521982496738
hs100,1.0,9,40,20.0,1.7894511754847454e-11,16,1.25,7.5,False,False,evaporated_in_SOL,0.184,0.42387245263418,0.54528984093764,0.42387245263418,1.052955052029219,3.0413137028548003,3.0413137028548003,1279.781762599,162.63408240402484,40,1.3887166958424
hs100,1.0,10,40,20.0,1.7894511754847454e-11,16,1.25,15.0,False,False,evaporated_in_SOL,0.19499999999999998,0.40543082135002,0.56938438724904,0.40543082135002,1.055614558987164,5.6446138456019,5.6446138456019,1280.8953285597,166.90515693181672,41,1.3831412878014
hs100,1.0,11,40,20.0,1.7894511754847454e-11,16,1.5,-15.0,False,False,upper_or_side_wall,0.185,0.2748673074126,0.95188552971235,0.2748673074126,1.2090078834363533,19.415236680188002,19.415236680188002,944.60075328089,1.5358275769728957,54,1.0012064167796
hs100,1.0,12,40,20.0,1.7894511754847454e-11,16,1.5,-7.5,False,False,upper_or_side_wall,0.208,0.1952038941012,0.96924210911601,0.1952038941012,1.2066687649794,17.672839139534,17.672839139534,1009.3875692366,5.642833828406744,56,1.2274726459101
hs100,1.0,13,40,20.0,1.7894511754847454e-11,16,1.5,0.0,False,False,evaporated_in_SOL,0.163,0.42872507132443,0.54171015092252,0.42872507132443,1.0586812017930174,2.4971080706851003,2.4971080706851003,1279.781753931,160.45575894559227,40,1.353018161423
hs100,1.0,14,40,20.0,1.7894511754847454e-11,16,1.5,7.5,False,False,evaporated_in_SOL,0.17099999999999999,0.42339356788244,0.54589710663315,0.42339356788244,1.0528697094620072,3.4763862190868,3.4763862190868,1279.7817629861,162.72806584598462,40,1.3927822889498
hs100,1.0,15,40,20.0,1.7894511754847454e-11,16,1.5,15.0,False,False,evaporated_in_SOL,0.183,0.40052796184332,0.57609319274432,0.40052796184332,1.0562885895012437,6.7792058969519005,6.7792058969519005,1280.8953285597,167.94438852932643,41,1.3841961044656
hs100,1.0,16,40,20.0,1.7894511754847454e-11,17,1.0,-15.0,False,False,upper_or_side_wall,0.236,0.22039296937207,0.96639167388844,0.22039296937207,1.2123862440946156,18.766536363148003,18.766536363148003,957.03805602225,1.798630861480135,55,1.0044027763289
hs100,1.0,17,40,20.0,1.7894511754847454e-11,17,1.0,-7.5,False,False,evaporated_in_SOL,0.19699999999999998,0.4079247122952,0.57159656677217,0.4079247122952,1.0678968757273415,3.1188933836099997,3.1188933836099997,1280.8953039669,163.65044777547297,41,1.330389259388
hs100,1.0,18,40,20.0,1.7894511754847454e-11,17,1.0,0.0,False,False,evaporated_in_SOL,0.19499999999999998,0.43809601467435,0.53323283093502,0.43809601467435,1.0667034091249417,4.7894921839758,4.7894921839758,1279.7817629861,157.7760846656929,40,1.3702322826666
hs100,1.0,19,40,20.0,1.7894511754847454e-11,17,1.0,7.5,False,False,evaporated_in_SOL,0.204,0.42084089311742,0.54778339364024,0.42084089311742,1.0498063778356517,2.6644665427528,2.6644665427528,1319.6103052091,163.96352978127854,40,1.3751524187896
hs100,1.0,20,40,20.0,1.7894511754847454e-11,17,1.0,15.0,False,False,evaporated_in_SOL,0.214,0.4050608815681,0.57099110886132,0.4050608815681,1.0582819930264602,6.5643504024673005,6.5643504024673005,1280.8953285597,166.44753219706266,41,1.3823603266201
hs100,1.0,21,40,20.0,1.7894511754847454e-11,17,1.25,-15.0,False,False,upper_or_side_wall,0.204,0.27688628623889,0.94720471945513,0.27688628623889,1.2066300827656824,18.723236410953,18.723236410953,997.45163881624,5.524721207104971,54,1.337344635453
hs100,1.0,22,40,20.0,1.7894511754847454e-11,17,1.25,-7.5,False,False,evaporated_in_SOL,0.181,0.40828219586208,0.57093855029673,0.40828219586208,1.0672853376016753,2.8869127132612,2.8869127132612,1280.8953240117,163.65785103879202,41,1.361329844516
hs100,1.0,23,40,20.0,1.7894511754847454e-11,17,1.25,0.0,False,False,evaporated_in_SOL,0.18,0.4352829897273,0.53120263809017,0.4352829897273,1.0562488718629166,2.4354791894493,2.4354791894493,1279.781753931,161.24305696835242,40,1.3729213077576
hs100,1.0,24,40,20.0,1.7894511754847454e-11,17,1.25,7.5,False,False,evaporated_in_SOL,0.189,0.42164639389191,0.55033628395345,0.42164639389191,1.0568679979100242,5.044916939777099,5.044916939777099,1279.7817629861,161.99581907787623,40,1.3801409542123
hs100,1.0,25,40,20.0,1.7894511754847454e-11,17,1.25,15.0,False,False,evaporated_in_SOL,0.20099999999999998,0.39720894030544,0.57986079042794,0.39720894030544,1.0553585613356449,6.889046878585201,6.889046878585201,1280.8953285597,169.15039305320505,41,1.3805617052357
hs100,1.0,26,40,20.0,1.7894511754847454e-11,17,1.5,-15.0,False,False,upper_or_side_wall,0.18,0.31046684671397,0.93761021351322,0.31046684671397,1.2009672216757892,18.626446815724,18.626446815724,997.61745921109,5.992195488166768,53,1.3402577667745
hs100,1.0,27,40,20.0,1.7894511754847454e-11,17,1.5,-7.5,False,False,evaporated_in_SOL,0.16599999999999998,0.41220869953863,0.56563928517575,0.41220869953863,1.065120719737958,2.5002933548901,2.5002933548901,1280.8953421444,162.8019810823151,41,1.3801240375989
hs100,1.0,28,40,20.0,1.7894511754847454e-11,17,1.5,0.0,False,False,evaporated_in_SOL,0.16599999999999998,0.43772970322292,0.52886795692739,0.43772970322292,1.058354659763901,3.0169070041514,3.0169070041514,1279.781753931,160.77625079157175,40,1.385704604353
hs100,1.0,29,40,20.0,1.7894511754847454e-11,17,1.5,7.5,False,False,evaporated_in_SOL,0.176,0.4188793878249,0.55303188201027,0.4188793878249,1.0553992565081645,5.0593484139551,5.0593484139551,1280.8952486198,163.0999038868474,41,1.380123148754
hs100,1.0,30,40,20.0,1.7894511754847454e-11,17,1.5,15.0,False,False,evaporated_in_SOL,0.189,0.3900695962881,0.58788005642122,0.3900695962881,1.0543516567439213,7.1573115052559,7.1573115052559,1280.8953285597,172.24615814286568,41,1.389515759395
hs100,1.0,31,60,30.0,6.039397717261016e-11,16,1.0,-15.0,False,False,upper_or_side_wall,0.243,0.18628653979155,0.97644052552372,0.18628653979155,1.2098699694854576,28.898262330268,28.898262330268,955.52942303438,1.0303480533595017,56,1.5066537008363
hs100,1.0,32,60,30.0,6.039397717261016e-11,16,1.0,-7.5,False,False,upper_or_side_wall,0.318,-0.060736381876106,0.98518533478981,-0.060736381876106,1.1426154235790749,15.637579502781,15.637579502781,1115.4813755092,2.026665210190015,63,2.000123111674
hs100,1.0,33,60,30.0,6.039397717261016e-11,16,1.0,0.0,False,False,evaporated_in_SOL,0.19399999999999998,0.4306073166522,0.53416319191051,0.4306073166522,1.0493486036751836,3.8870944150363,3.8870944150363,1319.6103052091,163.2048966937206,40,2.1410700944512
hs100,1.0,34,60,30.0,6.039397717261016e-11,16,1.0,7.5,False,False,evaporated_in_SOL,0.20099999999999998,0.425595731455,0.54003729581628,0.425595731455,1.0473489084588579,6.3620892138544,6.3620892138544,1319.6103052091,163.98943254309222,40,2.1078699970261
hs100,1.0,35,60,30.0,6.039397717261016e-11,16,1.0,15.0,False,False,evaporated_in_SOL,0.211,0.40655389834002,0.56250772342008,0.40655389834002,1.0430306065576638,6.8142084829762,6.8142084829762,1321.7321223022,169.26598290649335,41,2.1140165371245
hs100,1.0,36,60,30.0,6.039397717261016e-11,16,1.25,-15.0,False,False,upper_or_side_wall,0.19799999999999998,0.28688899060629,0.94952825577925,0.28688899060629,1.2017193719508303,28.849101034204,28.849101034204,988.9883679148,0.6632564728594936,54,2.0272812966417
hs100,1.0,37,60,30.0,6.039397717261016e-11,16,1.25,-7.5,False,False,upper_or_side_wall,0.259,0.072853044730875,0.98251126462271,0.072853044730875,1.158906332328982,19.832823132490002,19.832823132490002,1064.2297848649,4.7007353772899885,59,2.0010190845615
hs100,1.0,38,60,30.0,6.039397717261016e-11,16,1.25,0.0,False,False,evaporated_in_SOL,0.178,0.43471910983902,0.5295991883041,0.43471910983902,1.0520542336471714,5.1712851568961,5.1712851568961,1319.6094636502,162.67418769054544,40,2.1454921582189
hs100,1.0,39,60,30.0,6.039397717261016e-11,16,1.25,7.5,False,False,evaporated_in_SOL,0.187,0.4206197646652,0.54348047545691,0.4206197646652,1.0410311874766556,3.9562556982638997,3.9562556982638997,1319.6103052091,166.35314519942222,40,2.1078994943189
hs100,1.0,40,60,30.0,6.039397717261016e-11,16,1.25,15.0,False,False,evaporated_in_SOL,0.19799999999999998,0.39931392584748,0.5706218317153,0.39931392584748,1.0395132347177132,7.0464639665858,7.0464639665858,1321.7321223022,171.64949404164577,41,2.1139145707379
hs100,1.0,41,60,30.0,6.039397717261016e-11,16,1.5,-15.0,False,False,upper_or_side_wall,0.179,0.30378543868862,0.93946300095828,0.30378543868862,1.1948421638650466,28.695511049011,28.695511049011,992.23578359362,5.953421482155455,53,2.0272812988459
hs100,1.0,42,60,30.0,6.039397717261016e-11,16,1.5,-7.5,False,False,upper_or_side_wall,0.241,0.080301081310391,0.98570762527065,0.080301081310391,1.1568150329529832,19.714213782109002,19.714213782109002,1064.2299122168,1.5043747293499443,59,2.0682802429137
hs100,1.0,43,60,30.0,6.039397717261016e-11,16,1.5,0.0,False,False,evaporated_in_SOL,0.16399999999999998,0.43736945799049,0.52593094650062,0.43736945799049,1.0524516520627614,5.585816369165601,5.585816369165601,1319.6101500282,162.9176721542868,40,2.1569093122941
hs100,1.0,44,60,30.0,6.039397717261016e-11,16,1.5,7.5,False,False,evaporated_in_SOL,0.174,0.41858911579429,0.54552959613075,0.41858911579429,1.0396407972002117,4.1541086922233,4.1541086922233,1319.6103052091,167.044233467203,40,2.1083136881378
hs100,1.0,45,60,30.0,6.039397717261016e-11,16,1.5,15.0,False,False,evaporated_in_SOL,0.186,0.3930816588572,0.57791310512145,0.3930816588572,1.0374108967664302,7.6438680543272,7.6438680543272,1321.7321223022,173.7128473560715,41,2.1043825368458
hs100,1.0,46,60,30.0,6.039397717261016e-11,17,1.0,-15.0,False,False,upper_or_side_wall,0.243,0.20531272417027,0.97115132485164,0.20531272417027,1.1876993179909534,26.315088667107,26.315088667107,1010.2150290097,1.1534492911833185,56,2.0062783608386
hs100,1.0,47,60,30.0,6.039397717261016e-11,17,1.0,-7.5,False,False,evaporated_in_SOL,0.193,0.4374652013593,0.52997685332377,0.4374652013593,1.0596966110339727,5.5153501753958,5.5153501753958,1279.7817629861,160.2871695036528,40,2.1414818456495
hs100,1.0,48,60,30.0,6.039397717261016e-11,17,1.0,0.0,False,False,evaporated_in_SOL,0.19799999999999998,0.43572200928982,0.52751105306274,0.43572200928982,1.0510087012035874,6.0020252786593,6.0020252786593,1319.6103052091,163.19056615975782,40,2.1057288492206
hs100,1.0,49,60,30.0,6.039397717261016e-11,17,1.0,7.5,False,False,evaporated_in_SOL,0.207,0.41622844921689,0.54871113614103,0.41622844921689,1.03949846703401,3.9919997125510998,3.9919997125510998,1319.6103052091,167.51670772023883,41,2.1032557957216
hs100,1.0,50,60,30.0,6.039397717261016e-11,17,1.0,15.0,False,False,evaporated_in_SOL,0.217,0.39705198379439,0.57315727476546,0.39705198379439,1.038490737031783,7.0543790811011995,7.0543790811011995,1321.7321223022,172.39950203249126,41,2.1185450967417
hs100,1.0,51,60,30.0,6.039397717261016e-11,17,1.25,-15.0,False,False,upper_or_side_wall,0.219,0.2310796950678,0.96332485376496,0.2310796950678,1.1872470351114985,26.941449281378,26.941449281378,1009.38353632,1.9603821112607216,55,2.0103882641491
hs100,1.0,52,60,30.0,6.039397717261016e-11,17,1.25,-7.5,False,False,evaporated_in_SOL,0.177,0.4377981474456,0.52883243571613,0.4377981474456,1.0584388063809094,4.8876308283586,4.8876308283586,1279.7817629861,160.74543521215605,40,2.1499525180244
hs100,1.0,53,60,30.0,6.039397717261016e-11,17,1.25,0.0,False,False,evaporated_in_SOL,0.182,0.43831726042222,0.52559594370945,0.43831726042222,1.0539276733455887,7.9200420036822,7.9200420036822,1279.781764118,162.40513427226028,40,2.109911061836
hs100,1.0,54,60,30.0,6.039397717261016e-11,17,1.25,7.5,False,False,evaporated_in_SOL,0.192,0.41541918438728,0.55120886605155,0.41541918438728,1.0423975314556266,6.2918726779805,6.2918726779805,1321.73212042,167.00996099807318,41,2.1089456457708
hs100,1.0,55,60,30.0,6.039397717261016e-11,17,1.25,15.0,False,False,evaporated_in_SOL,0.204,0.38779657304962,0.58292146209245,0.38779657304962,1.0341518525093756,5.5197669513662,5.5197669513662,1356.1487601783,176.32691891311103,41,2.1360833174618
hs100,1.0,56,60,30.0,6.039397717261016e-11,17,1.5,-15.0,False,False,upper_or_side_wall,0.20199999999999999,0.23822850269958,0.9601839690208,0.23822850269958,1.1826293098770837,27.017849868358997,27.017849868358997,1009.3769236032,3.1199394406556893,55,2.0103882652446
hs100,1.0,57,60,30.0,6.039397717261016e-11,17,1.5,-7.5,False,False,evaporated_in_SOL,0.163,0.43695394108189,0.52724473684842,0.43695394108189,1.053671996232856,3.1611431991442998,3.1611431991442998,1279.7817629861,162.40256060032445,40,2.153772900645
hs100,1.0,58,60,30.0,6.039397717261016e-11,17,1.5,0.0,False,False,evaporated_in_SOL,0.16899999999999998,0.43331049813583,0.52658620210818,0.43331049813583,1.0433106861993855,3.1519376317274,3.1519376317274,1319.6103052091,165.6495585490779,40,2.1070558029946
hs100,1.0,59,60,30.0,6.039397717261016e-11,17,1.5,7.5,False,False,evaporated_in_SOL,0.179,0.41121851500734,0.5547954279169,0.41121851500734,1.0390009219944896,5.058730844886,5.058730844886,1356.148628705,168.9378746671603,41,2.1228485215695
hs100,1.0,60,60,30.0,6.039397717261016e-11,17,1.5,15.0,False,False,evaporated_in_SOL,0.192,0.3792824875969,0.59189789475632,0.3792824875969,1.0314927376358558,3.8823626437158,3.8823626437158,1394.7252081243,180.7525217057447,41,2.1269813840809
hs100,1.0,61,80,40.0,1.4315609403877963e-10,16,1.0,-15.0,False,False,upper_or_side_wall,0.23099999999999998,0.23622071066456,0.96258982226416,0.23622071066456,1.1972903171473752,38.042626897113,38.042626897113,1003.7912790669,1.3237110528442186,55,2.6805176869256
hs100,1.0,62,80,40.0,1.4315609403877963e-10,16,1.0,-7.5,False,False,evaporated_in_SOL,0.19699999999999998,0.4063420078214,0.56871090999442,0.4063420078214,1.056808716472485,7.9667422525861005,7.9667422525861005,1280.8953285597,166.43617312149328,41,2.8560514771314
hs100,1.0,63,80,40.0,1.4315609403877963e-10,16,1.0,0.0,False,False,evaporated_in_SOL,0.19499999999999998,0.43530936232626,0.52545837799979,0.43530936232626,1.046429449717081,7.9260556965295,7.9260556965295,1319.6103052092,164.80686731049101,40,2.8838108289212
hs100,1.0,64,80,40.0,1.4315609403877963e-10,16,1.0,7.5,False,False,evaporated_in_SOL,0.20299999999999999,0.42329464024782,0.53882506747083,0.42329464024782,1.0390735022717519,9.422880415779899,9.422880415779899,1319.6103075602,166.5784541484362,40,2.8765500029697
hs100,1.0,65,80,40.0,1.4315609403877963e-10,16,1.0,15.0,False,False,evaporated_in_SOL,0.213,0.40247677759986,0.56357100856117,0.40247677759986,1.0327391914741673,8.4149454813872,8.4149454813872,1356.1487601783,172.312332980641,41,2.8551735298637
hs100,1.0,66,80,40.0,1.4315609403877963e-10,16,1.25,-15.0,False,False,upper_or_side_wall,0.21,0.25082739397184,0.95977739404929,0.25082739397184,1.1913922703316995,38.089061574143,38.089061574143,1003.2114167002,0.21359115597844797,55,2.7030417318226
hs100,1.0,67,80,40.0,1.4315609403877963e-10,16,1.25,-7.5,False,False,evaporated_in_SOL,0.182,0.4015519886652,0.57251414074117,0.4015519886652,1.0509760291154617,5.3826496195454,5.3826496195454,1321.4508532025,168.77383206769304,41,2.9753296619919
hs100,1.0,68,80,40.0,1.4315609403877963e-10,16,1.25,0.0,False,False,evaporated_in_SOL,0.18,0.43287388925837,0.52562704264178,0.43287388925837,1.0405651158498066,4.5242315147594,4.5242315147594,1319.6103070901,166.59032396260255,40,2.8842315279011
hs100,1.0,69,80,40.0,1.4315609403877963e-10,16,1.25,7.5,False,False,evaporated_in_SOL,0.189,0.41762993902355,0.54355877222274,0.41762993902355,1.0334064259472813,5.3798473924365,5.3798473924365,1353.4086988734,168.87319366279164,40,2.8405313555238
hs100,1.0,70,80,40.0,1.4315609403877963e-10,16,1.25,15.0,False,False,evaporated_in_SOL,0.19999999999999998,0.39420941569906,0.57254223651744,0.39420941569906,1.02817939861869,6.9236472317338,6.9236472317338,1392.5618854741,175.1912630328244,41,2.8712389249031
hs100,1.0,71,80,40.0,1.4315609403877963e-10,16,1.5,-15.0,False,False,upper_or_side_wall,0.19599999999999998,0.24829895523877,0.96025444457171,0.24829895523877,1.1842587577173807,37.85363336597,37.85363336597,1005.6480231127,0.41519822625142017,55,2.7030417318329
hs100,1.0,72,80,40.0,1.4315609403877963e-10,16,1.5,-7.5,False,False,evaporated_in_SOL,0.16699999999999998,0.40577031138527,0.56757944261726,0.40577031138527,1.0523807457055074,5.3651548267061,5.3651548267061,1280.8953285597,167.48573689633508,41,2.9897445204355
hs100,1.0,73,80,40.0,1.4315609403877963e-10,16,1.5,0.0,False,False,evaporated_in_SOL,0.16599999999999998,0.43516827511725,0.52253275406915,0.43516827511725,1.0410394408350312,5.6254677534002,5.6254677534002,1319.6103070901,166.78686506336973,40,2.8844006104395
hs100,1.0,74,80,40.0,1.4315609403877963e-10,16,1.5,7.5,False,False,evaporated_in_SOL,0.176,0.4145521047526,0.54665355208266,0.4145521047526,1.0312335554920862,4.4937387668146,4.4937387668146,1389.739948864,169.98417678517913,40,2.8382542383315
hs100,1.0,75,80,40.0,1.4315609403877963e-10,16,1.5,15.0,False,False,evaporated_in_SOL,0.188,0.38702188716649,0.58054433857803,0.38702188716649,1.0254428012100953,5.6117845021655,5.6117845021655,1392.5618854741,178.0237110050446,41,2.8626827731169
hs100,1.0,76,80,40.0,1.4315609403877963e-10,17,1.0,-15.0,False,False,evaporated_in_SOL,0.221,0.3300437613025,0.65103598081067,0.3300437613025,1.0633556649758142,4.987790759048,4.987790759048,1283.3702111566,218.3919053273089,41,2.976260291596
hs100,1.0,77,80,40.0,1.4315609403877963e-10,17,1.0,-7.5,False,False,evaporated_in_SOL,0.19399999999999998,0.44091924265763,0.51941891100636,0.44091924265763,1.0491856751377877,6.7087440166925,6.7087440166925,1319.6103052091,164.510692442023,40,2.8839298243732
hs100,1.0,78,80,40.0,1.4315609403877963e-10,17,1.0,0.0,False,False,evaporated_in_SOL,0.19999999999999998,0.43347872336215,0.52577540213447,0.43347872336215,1.0423477051015502,8.5199412360175,8.5199412360175,1319.6103069254,166.0262913390369,40,2.8631903528217
hs100,1.0,79,80,40.0,1.4315609403877963e-10,17,1.0,7.5,False,False,evaporated_in_SOL,0.209,0.41209627384375,0.55027278397587,0.41209627384375,1.0316779790676913,4.5365668226924,4.5365668226924,1392.4836978248,170.3689485291952,41,2.8423774530774
hs100,1.0,80,80,40.0,1.4315609403877963e-10,17,1.0,15.0,False,False,evaporated_in_SOL,0.219,0.39073438346421,0.57604142583705,0.39073438346421,1.0256582206581197,4.8135362975537,4.8135362975537,1392.5618854741,176.6510108030009,41,2.8733277281865
hs100,1.0,81,80,40.0,1.4315609403877963e-10,17,1.25,-15.0,False,False,upper_or_side_wall,0.246,0.13718242939915,0.98239172467263,0.13718242939915,1.1598230909791671,29.119425674278,29.119425674278,1064.2299101323,4.8202753273699495,58,3.1847075732427
hs100,1.0,82,80,40.0,1.4315609403877963e-10,17,1.25,-7.5,False,False,evaporated_in_SOL,0.178,0.44070925065664,0.51884961816648,0.44070925065664,1.0478854526399866,5.1388975120206,5.1388975120206,1319.6103052091,165.04920700029575,40,2.9029636487151
hs100,1.0,83,80,40.0,1.4315609403877963e-10,17,1.25,0.0,False,False,evaporated_in_SOL,0.184,0.43535621640065,0.52410585391946,0.43535621640065,1.0442196367674306,10.495898955776,10.495898955776,1319.6103070901,165.63256775863803,40,2.8616548089386
hs100,1.0,84,80,40.0,1.4315609403877963e-10,17,1.25,7.5,False,False,evaporated_in_SOL,0.19399999999999998,0.41034313308249,0.55289072363552,0.41034313308249,1.032644768925898,6.5899289124064,6.5899289124064,1356.1487601783,170.62866358076514,41,2.8672870165841
hs100,1.0,85,80,40.0,1.4315609403877963e-10,17,1.25,15.0,False,False,evaporated_in_SOL,0.205,0.38645520958597,0.58345910359992,0.38645520958597,1.0314021875189452,11.848144422867001,11.848144422867001,1356.1487609861,177.3295942811881,41,2.8628615300682
hs100,1.0,86,80,40.0,1.4315609403877963e-10,17,1.5,-15.0,False,False,upper_or_side_wall,0.213,0.20393420299528,0.96614811073489,0.20393420299528,1.1647276982452677,32.032749436642,32.032749436642,1064.2299095983,6.343059479399673,56,3.2696575803457
hs100,1.0,87,80,40.0,1.4315609403877963e-10,17,1.5,-7.5,False,False,evaporated_in_SOL,0.163,0.44624222857849,0.51363485804334,0.44624222857849,1.0512743593317824,8.515388623834601,8.515388623834601,1319.6103050528,164.6490456521212,40,2.9954410179175
hs100,1.0,88,80,40.0,1.4315609403877963e-10,17,1.5,0.0,False,False,evaporated_in_SOL,0.17099999999999999,0.43000373846433,0.52654745946627,0.43000373846433,1.0348742107148268,4.1635950328538,4.1635950328538,1353.4086956413,168.26835201662135,40,2.8839862859554
hs100,1.0,89,80,40.0,1.4315609403877963e-10,17,1.5,7.5,False,False,evaporated_in_SOL,0.18,0.41109124490744,0.55415408054228,0.41109124490744,1.037300784725275,12.196227171699,12.196227171699,1356.1487609836,169.36082040369027,41,2.85859127854
hs100,1.0,90,80,40.0,1.4315609403877963e-10,17,1.5,15.0,False,False,evaporated_in_SOL,0.193,0.37766490615284,0.59250633541489,0.37766490615284,1.0281735694459813,8.4096404608545,8.4096404608545,1394.7424011699,182.05451595619738,41,2.8675499948889
hs100,1.0,91,100,50.0,2.796017461694915e-10,16,1.0,-15.0,False,False,upper_or_side_wall,0.248,0.17953816545657,0.97907497463234,0.17953816545657,1.1871336587123975,46.421694802282,46.421694802282,1009.7151082573,0.2547145946240953,56,3.3788021647839
hs100,1.0,92,100,50.0,2.796017461694915e-10,16,1.0,-7.5,False,False,evaporated_in_SOL,0.19499999999999998,0.41841277884598,0.54743620051521,0.41841277884598,1.0427984227383886,5.3201141791217,5.3201141791217,1319.6103061496,166.24058042577946,40,3.7433574212379
hs100,1.0,93,100,50.0,2.796017461694915e-10,16,1.0,0.0,False,False,evaporated_in_SOL,0.19699999999999998,0.43153921882946,0.52469763281967,0.43153921882946,1.0356084208125769,6.2193977968356,6.2193977968356,1353.4086988734,168.21285391920952,40,3.6056560634082
hs100,1.0,94,100,50.0,2.796017461694915e-10,16,1.0,7.5,False,False,evaporated_in_SOL,0.205,0.41831116101527,0.54034972529719,0.41831116101527,1.0290904076015877,7.2806959797131,7.2806959797131,1389.739951607,169.96020567126314,40,3.646656453586
hs100,1.0,95,100,50.0,2.796017461694915e-10,16,1.0,15.0,False,False,evaporated_in_SOL,0.214,0.40149301155123,0.56332270124173,0.40149301155123,1.0291571063835325,14.045994232263,14.045994232263,1392.56188322,173.2927697758578,41,3.5939009799326
hs100,1.0,96,100,50.0,2.796017461694915e-10,16,1.25,-15.0,False,False,upper_or_side_wall,0.22799999999999998,0.19006420563386,0.97592416328325,0.19006420563386,1.1815883664641127,46.645200200865,46.645200200865,1009.3553701608,0.5395989360421967,56,3.3788021647954
hs100,1.0,97,100,50.0,2.796017461694915e-10,16,1.25,-7.5,False,False,evaporated_in_SOL,0.179,0.4190403222612,0.54697272860097,0.4190403222612,1.0435582684923694,5.248649483584099,5.248649483584099,1319.6103061496,165.92791246830967,40,3.7440318281177
hs100,1.0,98,100,50.0,2.796017461694915e-10,16,1.25,0.0,False,False,evaporated_in_SOL,0.181,0.43477204451879,0.52090388957962,0.43477204451879,1.0374737672515182,9.438764831675,9.438764831675,1353.4086996815,168.14278233131554,40,3.6067185095549
hs100,1.0,99,100,50.0,2.796017461694915e-10,16,1.25,7.5,False,False,evaporated_in_SOL,0.19,0.41757976355298,0.54197285629047,0.41757976355298,1.0302716734233721,11.237272239099001,11.237272239099001,1389.7399505902,169.7338766941795,40,3.5750572195668
hs100,1.0,100,100,50.0,2.796017461694915e-10,16,1.25,15.0,False,False,evaporated_in_SOL,0.20099999999999998,0.39271716247577,0.57270113697874,0.39271716247577,1.0239097985889598,11.048976218034,11.048976218034,1392.5618858161,176.4310868620767,41,3.5950483869349
hs100,1.0,101,100,50.0,2.796017461694915e-10,16,1.5,-15.0,False,False,upper_or_side_wall,0.19899999999999998,0.24333404176539,0.95732705052174,0.24333404176539,1.173931063628215,46.320443429455,46.320443429455,1052.5567978285,4.540421269950003,55,4.1364697092566
hs100,1.0,102,100,50.0,2.796017461694915e-10,16,1.5,-7.5,False,False,evaporated_in_SOL,0.16399999999999998,0.424710937503,0.54049093370092,0.424710937503,1.0459298763372986,7.471098149212399,7.471098149212399,1319.6103052091,164.48224967523072,40,3.9955736202438
hs100,1.0,103,100,50.0,2.796017461694915e-10,16,1.5,0.0,False,False,evaporated_in_SOL,0.16699999999999998,0.43642673219057,0.51850058515957,0.43642673219057,1.0380326264155897,10.825042405701,10.825042405701,1353.4087002673,168.46932808084685,40,3.6109181731346
hs100,1.0,104,100,50.0,2.796017461694915e-10,16,1.5,7.5,False,False,evaporated_in_SOL,0.177,0.41402320781501,0.54544747543983,0.41402320781501,1.027582887482929,8.9219548483081,8.9219548483081,1389.739951607,171.0386363078997,40,3.5894971808146
hs100,1.0,105,100,50.0,2.796017461694915e-10,16,1.5,15.0,False,False,evaporated_in_SOL,0.189,0.38503196122199,0.58105992900633,0.38503196122199,1.020613237963014,7.9884860530853,7.9884860530853,1430.5842718657,179.61438773558655,41,3.5858325661959
hs100,1.0,106,100,50.0,2.796017461694915e-10,17,1.0,-15.0,False,False,evaporated_in_SOL,0.19999999999999998,0.40601806406823,0.56868087916596,0.40601806406823,1.055770093959138,8.578666390541299,8.578666390541299,1280.8953291256,166.73387578949493,41,3.9954668473876
hs100,1.0,107,100,50.0,2.796017461694915e-10,17,1.0,-7.5,False,False,evaporated_in_SOL,0.19499999999999998,0.44259941317999,0.51371303728662,0.44259941317999,1.0439525846858573,10.218578416396,10.218578416396,1319.6103052092,167.1903582439252,40,3.6996124974556
hs100,1.0,108,100,50.0,2.796017461694915e-10,17,1.0,0.0,False,False,evaporated_in_SOL,0.20199999999999999,0.42858653060483,0.52692723451995,0.42858653060483,1.0319290987906156,7.4969331569312,7.4969331569312,1353.4086988734,169.15612676952898,40,3.6372652808249
hs100,1.0,109,100,50.0,2.796017461694915e-10,17,1.0,7.5,False,False,evaporated_in_SOL,0.21,0.41141328445981,0.54937701457956,0.41141328445981,1.0281388260679207,8.7227711084775,8.7227711084775,1392.5618847902,171.4012170173642,41,3.5909261525552
hs100,1.0,110,100,50.0,2.796017461694915e-10,17,1.0,15.0,False,False,evaporated_in_SOL,0.22,0.38864241394236,0.57664794670375,0.38864241394236,1.0205797527566807,7.0408066750839,7.0408066750839,1430.5842718657,178.25051667526628,41,3.5951115831337
hs100,1.0,111,100,50.0,2.796017461694915e-10,17,1.25,-15.0,False,False,evaporated_in_SOL,0.20099999999999998,0.34091728484192,0.64183415398743,0.34091728484192,1.0665093678304163,6.5575861399574995,6.5575861399574995,1283.3702104527,207.93322338250692,41,4.0890295962596
hs100,1.0,112,100,50.0,2.796017461694915e-10,17,1.25,-7.5,False,False,evaporated_in_SOL,0.179,0.44232475741447,0.51303604922519,0.44232475741447,1.0423574435118903,8.136341297836,8.136341297836,1319.6103052091,167.8589675863097,40,3.7444170569779
hs100,1.0,113,100,50.0,2.796017461694915e-10,17,1.25,0.0,False,False,evaporated_in_SOL,0.186,0.43009601429351,0.52513615484623,0.43009601429351,1.0327118384355993,9.6798554895413,9.6798554895413,1353.4086996815,169.06781179347374,40,3.6367754766813
hs100,1.0,114,100,50.0,2.796017461694915e-10,17,1.25,7.5,False,False,evaporated_in_SOL,0.19499999999999998,0.40892865170089,0.55265644682774,0.40892865170089,1.028427305537675,10.377520583995,10.377520583995,1392.5618854741,171.9786991911491,41,3.5917675017339
hs100,1.0,115,100,50.0,2.796017461694915e-10,17,1.25,15.0,False,False,evaporated_in_SOL,0.206,0.38368679820418,0.584393632561,0.38368679820418,1.0252663831152387,14.440299206203001,14.440299206203001,1392.5618861585,179.48760910301706,41,3.5857911658339
hs100,1.0,116,100,50.0,2.796017461694915e-10,17,1.5,-15.0,False,False,upper_or_side_wall,0.239,0.11105167362111,0.9824932038618,0.11105167362111,1.1416059472678688,32.663963199274,32.663963199274,1117.7957492776,4.718796138200032,58,4.1368647368183
hs100,1.0,117,100,50.0,2.796017461694915e-10,17,1.5,-7.5,False,False,evaporated_in_SOL,0.16499999999999998,0.4414535857381,0.51290654003155,0.4414535857381,1.0403839114521571,5.7849664515829,5.7849664515829,1319.6103052091,168.57460899434065,40,3.7444190813608
hs100,1.0,118,100,50.0,2.796017461694915e-10,17,1.5,0.0,False,False,evaporated_in_SOL,0.172,0.43004448943455,0.52448352050616,0.43004448943455,1.0314739324209699,9.7998534923107,9.7998534923107,1353.4086996815,169.51391174502245,40,3.650344252351
hs100,1.0,119,100,50.0,2.796017461694915e-10,17,1.5,7.5,False,False,evaporated_in_SOL,0.182,0.40348668322668,0.5575289084727,0.40348668322668,1.0231332813469152,5.301518366360701,5.301518366360701,1430.5842707291,174.36643334379298,41,3.5940709519495
hs100,1.0,120,100,50.0,2.796017461694915e-10,17,1.5,15.0,False,False,evaporated_in_SOL,0.19399999999999998,0.37452708934777,0.59367967569381,0.37452708934777,1.0216622971903904,8.9006584498817,8.9006584498817,1431.9615102961,184.6024294242854,41,3.5966446536473
hs100,1.0,121,125,62.5,5.460971604872881e-10,16,1.0,-15.0,False,False,upper_or_side_wall,0.27299999999999996,0.095551213146305,0.98597183067593,0.095551213146305,1.15906613938826,49.682050618259,49.682050618259,1064.2298705658,1.2401693240700062,59,4.9924758106423
hs100,1.0,122,125,62.5,5.460971604872881e-10,16,1.0,-7.5,False,False,evaporated_in_SOL,0.19399999999999998,0.42943224859821,0.53010071630469,0.42943224859821,1.0394493164171195,11.432817952227001,11.432817952227001,1319.6103073242,166.56297312231268,40,4.6805197069522
hs100,1.0,123,125,62.5,5.460971604872881e-10,16,1.0,0.0,False,False,evaporated_in_SOL,0.19799999999999998,0.43311739251579,0.5200231292939,0.43311739251579,1.032032667576007,13.317787941997,13.317787941997,1353.4087000856,169.97362345621735,40,4.5392216434532
hs100,1.0,124,125,62.5,5.460971604872881e-10,16,1.0,7.5,False,False,evaporated_in_SOL,0.206,0.41806893715052,0.5385848489999,0.41806893715052,1.0251169902945967,14.077028050669,14.077028050669,1389.7399522927,171.10296996497442,40,4.5708254930321
hs100,1.0,125,125,62.5,5.460971604872881e-10,16,1.0,15.0,False,False,evaporated_in_SOL,0.215,0.39984747617525,0.56330772947067,0.39984747617525,1.0240092421046085,20.010418388554,20.010418388554,1392.5618863312,174.73814134841567,41,4.493966603861
hs100,1.0,126,125,62.5,5.460971604872881e-10,16,1.25,-15.0,False,False,upper_or_side_wall,0.22599999999999998,0.20422091590175,0.96839705764171,0.20422091590175,1.1694701927752253,55.939703610027,55.939703610027,1063.659181079,4.097498554956799,56,5.1710688266591
hs100,1.0,127,125,62.5,5.460971604872881e-10,16,1.25,-7.5,False,False,evaporated_in_SOL,0.178,0.42999603601209,0.52930167388007,0.42999603601209,1.0395292477031117,10.308512552522,10.308512552522,1319.6103070901,166.5943795018156,40,4.6805215177481
hs100,1.0,128,125,62.5,5.460971604872881e-10,16,1.25,0.0,False,False,evaporated_in_SOL,0.183,0.4302069661523,0.52178514932388,0.4302069661523,1.0273231630915463,6.4142227891534,6.4142227891534,1389.7399502357,171.08166377942112,40,4.5621925538306
hs100,1.0,129,125,62.5,5.460971604872881e-10,16,1.25,7.5,False,False,evaporated_in_SOL,0.191,0.41655153033066,0.54107247829654,0.41655153033066,1.0259014357347307,17.573162642215998,17.573162642215998,1389.739952807,171.08023200086,40,4.4927958329916
hs100,1.0,130,125,62.5,5.460971604872881e-10,16,1.25,15.0,False,False,evaporated_in_SOL,0.20199999999999999,0.39065498393365,0.57302238989757,0.39065498393365,1.018250393333781,14.575857124495,14.575857124495,1430.584272292,178.10379274273936,41,4.4939511874526
hs100,1.0,131,125,62.5,5.460971604872881e-10,16,1.5,-15.0,False,False,upper_or_side_wall,0.20299999999999999,0.23290670714573,0.9623861895667,0.23290670714573,1.1651895157591439,56.477356355503005,56.477356355503005,1063.2842865074,2.387938128342021,55,5.2138022533924
hs100,1.0,132,125,62.5,5.460971604872881e-10,16,1.5,-7.5,False,False,evaporated_in_SOL,0.16399999999999998,0.42984526556241,0.52914990202475,0.42984526556241,1.0388882561864834,8.4316955517316,8.4316955517316,1353.4082334688,166.8062439492635,40,4.9945522702792
hs100,1.0,133,125,62.5,5.460971604872881e-10,16,1.5,0.0,False,False,evaporated_in_SOL,0.16899999999999998,0.43136613262257,0.51956271640445,0.43136613262257,1.0269822826178523,7.6415639024852995,7.6415639024852995,1389.7399502357,171.6082401100286,40,4.5648674648659
hs100,1.0,134,125,62.5,5.460971604872881e-10,16,1.5,7.5,False,False,evaporated_in_SOL,0.178,0.41260055411944,0.54484800332509,0.41260055411944,1.0227492395996909,13.776423974397002,13.776423974397002,1428.6452310043,172.57167162212042,40,4.4938176352701
hs100,1.0,135,125,62.5,5.460971604872881e-10,16,1.5,15.0,False,False,evaporated_in_SOL,0.19,0.38256246050577,0.58168518076424,0.38256246050577,1.0145832382934246,8.8426048011221,8.8426048011221,1470.7753893681,181.6073535305125,41,4.5041974390556
hs100,1.0,136,125,62.5,5.460971604872881e-10,17,1.0,-15.0,False,False,evaporated_in_SOL,0.19699999999999998,0.4230346580575,0.54321597175527,0.4230346580575,1.0468034417530991,11.170608216814,11.170608216814,1319.6103052592,164.43542213188007,40,5.1113692050509
hs100,1.0,137,125,62.5,5.460971604872881e-10,17,1.0,-7.5,False,False,evaporated_in_SOL,0.19699999999999998,0.43873898583435,0.51312426373605,0.43873898583435,1.0351784722111945,9.1169962338341,9.1169962338341,1353.4087000532,170.38749727816554,40,4.6910490678559
hs100,1.0,138,125,62.5,5.460971604872881e-10,17,1.0,0.0,False,False,evaporated_in_SOL,0.20299999999999999,0.42850963699217,0.52472368988137,0.42850963699217,1.0280091571011822,14.174199063746,14.174199063746,1389.7399522927,170.56899851118433,40,4.5726240114205
hs100,1.0,139,125,62.5,5.460971604872881e-10,17,1.0,7.5,False,False,evaporated_in_SOL,0.211,0.40988192959109,0.5489818428897,0.40988192959109,1.0233880166075762,13.684862206965,13.684862206965,1430.5842719014,172.93159386644584,41,4.4938708012761
hs100,1.0,140,125,62.5,5.460971604872881e-10,17,1.0,15.0,False,False,evaporated_in_SOL,0.221,0.38611885964896,0.57730506772792,0.38611885964896,1.0142757337272852,7.8684002871915,7.8684002871915,1470.7753891407,180.22857405236607,41,4.4939894736029
hs100,1.0,141,125,62.5,5.460971604872881e-10,17,1.25,-15.0,False,False,evaporated_in_SOL,0.185,0.40260528978276,0.57137967709857,0.40260528978276,1.0515603232123427,8.5304643610321,8.5304643610321,1280.8953285597,168.40470619985194,41,5.1710877277851
hs100,1.0,142,125,62.5,5.460971604872881e-10,17,1.25,-7.5,False,False,evaporated_in_SOL,0.18,0.44355140301057,0.50741823506984,0.44355140301057,1.0363254352487534,13.713275292431,13.713275292431,1353.3964028146,170.96571475142957,40,4.6821237546183
hs100,1.0,143,125,62.5,5.460971604872881e-10,17,1.25,0.0,False,False,evaporated_in_SOL,0.187,0.42946109610288,0.52350929115677,0.42946109610288,1.0283515106732801,16.382544912341,16.382544912341,1389.7399526356,170.57756769873328,40,4.5726133897808
hs100,1.0,144,125,62.5,5.460971604872881e-10,17,1.25,7.5,False,False,evaporated_in_SOL,0.19599999999999998,0.40692578557595,0.55265553936399,0.40692578557595,1.0231588464189043,14.546208853773999,14.546208853773999,1430.5842721498,173.72951962906404,41,4.4938981861559
hs100,1.0,145,125,62.5,5.460971604872881e-10,17,1.25,15.0,False,False,evaporated_in_SOL,0.207,0.3806814230562,0.58532700424143,0.3806814230562,1.0183945325030384,15.754338981637,15.754338981637,1430.5842724341,181.88589745068592,41,4.4853746230906
hs100,1.0,146,125,62.5,5.460971604872881e-10,17,1.5,-15.0,False,False,evaporated_in_SOL,0.174,0.38831290734477,0.59164643858672,0.38831290734477,1.0588667907515719,8.195478351434,8.195478351434,1280.8953291105,172.42696848713211,41,5.1710879571001
hs100,1.0,147,125,62.5,5.460971604872881e-10,17,1.5,-7.5,False,False,evaporated_in_SOL,0.16599999999999998,0.44272675017007,0.50707473934186,0.44272675017007,1.0342241039142017,9.9649309740337,9.9649309740337,1353.4075699588,171.78703621890003,40,4.7019018433643
hs100,1.0,148,125,62.5,5.460971604872881e-10,17,1.5,0.0,False,False,evaporated_in_SOL,0.173,0.42903394692069,0.52314783387189,0.42903394692069,1.0266642333054137,15.618868770768001,15.618868770768001,1389.7399524648,171.13691525776636,40,4.5738091585131
hs100,1.0,149,125,62.5,5.460971604872881e-10,17,1.5,7.5,False,False,evaporated_in_SOL,0.183,0.40126595328507,0.55764385197589,0.40126595328507,1.0164976202541613,6.5061976989720005,6.5061976989720005,1430.5842718657,176.25134503859573,41,4.493966005876
hs100,1.0,150,125,62.5,5.460971604872881e-10,17,1.5,15.0,False,False,evaporated_in_SOL,0.19499999999999998,0.37119251193166,0.59480155109231,0.37119251193166,1.0131130682260152,7.0783599516146,7.0783599516146,1470.5010969143,187.378420270649,41,4.5026326938662
hs100,1.0,151,150,75.0,9.436558933220338e-10,16,1.0,-15.0,False,False,upper_or_side_wall,0.284,0.064303064144309,0.98299576922055,0.064303064144309,1.1385123105818078,54.355734943795994,54.355734943795994,1116.9151858235,4.216230779449992,59,6.2053026666691
hs100,1.0,152,150,75.0,9.436558933220338e-10,16,1.0,-7.5,False,False,evaporated_in_SOL,0.19499999999999998,0.42923259306924,0.52644460956582,0.42923259306924,1.0327480642789488,8.4268539504655,8.4268539504655,1353.4087000856,168.94005593713803,40,5.616631460901
hs100,1.0,153,150,75.0,9.436558933220338e-10,16,1.0,0.0,False,False,evaporated_in_SOL,0.19899999999999998,0.43271494023704,0.51767667481452,0.43271494023704,1.0275769779029023,17.927316407663,17.927316407663,1389.7399522928,171.80616983158683,40,5.4832158111717
hs100,1.0,154,150,75.0,9.436558933220338e-10,16,1.0,7.5,False,False,evaporated_in_SOL,0.207,0.41639315349568,0.53821813674493,0.41639315349568,1.0200957059110998,17.247694792145,17.247694792145,1428.6452310128,172.7162158066587,40,5.4888442310449
hs100,1.0,155,150,75.0,9.436558933220338e-10,16,1.0,15.0,False,False,evaporated_in_SOL,0.216,0.39735874477521,0.5637992591407,0.39735874477521,1.01730177814543,21.937362199128998,21.937362199128998,1430.5842725336,176.674234053864,41,5.408702449481
hs100,1.0,156,150,75.0,9.436558933220338e-10,16,1.25,-15.0,False,False,upper_or_side_wall,0.24,0.15655347502672,0.97887669779944,0.15655347502672,1.1604786076068074,64.14728922052001,64.14728922052001,1064.2290216608,4.952057087811225,57,6.2565629011345
hs100,1.0,157,150,75.0,9.436558933220338e-10,16,1.25,-7.5,False,False,evaporated_in_SOL,0.178,0.43519603082269,0.51908345619908,0.43519603082269,1.0358329039931224,15.171969329694,15.171969329694,1353.4086996815,169.01021359007675,40,5.9934634054587
hs100,1.0,158,150,75.0,9.436558933220338e-10,16,1.25,0.0,False,False,evaporated_in_SOL,0.184,0.42972582017464,0.51939566603342,0.42972582017464,1.0226441975862395,10.147575802312,10.147575802312,1428.6452298608,172.97333706571433,40,5.4850289703549
hs100,1.0,159,150,75.0,9.436558933220338e-10,16,1.25,7.5,False,False,evaporated_in_SOL,0.192,0.41443552401543,0.54109509827749,0.41443552401543,1.0204605421548292,20.427582611046,20.427582611046,1428.6452312916,172.87933601042397,40,5.4889610440428
hs100,1.0,160,150,75.0,9.436558933220338e-10,16,1.25,15.0,False,False,evaporated_in_SOL,0.20299999999999999,0.38780421933999,0.57384400103266,0.38780421933999,1.011321030088035,12.66624868935,12.66624868935,1470.7753894817,180.25854144599307,41,5.4311158515665
hs100,1.0,161,150,75.0,9.436558933220338e-10,16,1.5,-15.0,False,False,upper_or_side_wall,0.22,0.17266068244549,0.97996805333413,0.17266068244549,1.1564388515138604,65.02515581651201,65.02515581651201,1064.229001944,0.7654457303498093,57,6.2565629530062
hs100,1.0,162,150,75.0,9.436558933220338e-10,16,1.5,-7.5,False,False,evaporated_in_SOL,0.16399999999999998,0.4351623597467,0.51852694247214,0.4351623597467,1.0349227988513847,12.283876979674,12.283876979674,1353.4087003045,169.40149081305856,40,5.9934634524663
hs100,1.0,163,150,75.0,9.436558933220338e-10,16,1.5,0.0,False,False,evaporated_in_SOL,0.16999999999999998,0.43043463441263,0.51769598995098,0.43043463441263,1.0219369000323117,10.698945423650999,10.698945423650999,1428.6452301466,173.52488085810376,40,5.4882921105067
hs100,1.0,164,150,75.0,9.436558933220338e-10,16,1.5,7.5,False,False,evaporated_in_SOL,0.179,0.41013339137072,0.54517586393535,0.41013339137072,1.016935753747763,14.260095618659,14.260095618659,1470.7753874483,174.56169067864047,40,5.3933150739189
hs100,1.0,165,150,75.0,9.436558933220338e-10,16,1.5,15.0,False,False,evaporated_in_SOL,0.19,0.38439685592665,0.5800645454817,0.38439685592665,1.015996539082197,26.124146879661,26.124146879661,1430.5842727185,180.60699270286602,41,5.4624047860466
hs100,1.0,166,150,75.0,9.436558933220338e-10,17,1.0,-15.0,False,False,evaporated_in_SOL,0.19699999999999998,0.42621358751016,0.53540272814364,0.42621358751016,1.040159130998358,10.639159049352,10.639159049352,1319.6103070905,166.07054879824062,40,6.1336460905326
hs100,1.0,167,150,75.0,9.436558933220338e-10,17,1.0,-7.5,False,False,evaporated_in_SOL,0.19799999999999998,0.43870074533294,0.50968022681705,0.43870074533294,1.0299159465313497,13.013023942801,13.013023942801,1389.7399512642,172.7966680991663,40,5.6586031107665
hs100,1.0,168,150,75.0,9.436558933220338e-10,17,1.0,0.0,False,False,evaporated_in_SOL,0.204,0.42694340579811,0.52403304941767,0.42694340579811,1.0228948538455322,19.017649053646,19.017649053646,1405.3984277144,172.22791764767175,40,5.488937760224
hs100,1.0,169,150,75.0,9.436558933220338e-10,17,1.0,7.5,False,False,evaporated_in_SOL,0.212,0.40737845849144,0.54940019944976,0.40737845849144,1.0176088522626665,14.079377739612,14.079377739612,1430.5842720078,174.91613310896744,41,5.3927848029535
hs100,1.0,170,150,75.0,9.436558933220338e-10,17,1.0,15.0,False,False,evaporated_in_SOL,0.221,0.38791775365393,0.57558626185077,0.38791775365393,1.0158051893237847,24.088425850023,24.088425850023,1430.5842726474,179.37212405829857,41,5.4249735253061
hs100,1.0,171,150,75.0,9.436558933220338e-10,17,1.25,-15.0,False,False,evaporated_in_SOL,0.182,0.42001992777862,0.54659194622761,0.42001992777862,1.0453924645107733,11.641599206476,11.641599206476,1319.6103068549,165.2726675551996,40,6.2053055834316
hs100,1.0,172,150,75.0,9.436558933220338e-10,17,1.25,-7.5,False,False,evaporated_in_SOL,0.182,0.4378978623204,0.50995991552464,0.4378978623204,1.0287147600070117,7.6834134611383,7.6834134611383,1389.7399495502,173.17949402639167,40,5.6606420218223
hs100,1.0,173,150,75.0,9.436558933220338e-10,17,1.25,0.0,False,False,evaporated_in_SOL,0.188,0.42758181126565,0.52306220390593,0.42758181126565,1.0228663773912618,21.020172361110998,21.020172361110998,1404.1484062813,172.3263728179069,40,5.4889391195663
hs100,1.0,174,150,75.0,9.436558933220338e-10,17,1.25,7.5,False,False,evaporated_in_SOL,0.19699999999999998,0.40411221168803,0.55327544467669,0.40411221168803,1.0160917506708937,14.141053346303,14.141053346303,1470.7753330513,175.88710876318902,41,5.4290973924753
hs100,1.0,175,150,75.0,9.436558933220338e-10,17,1.25,15.0,False,False,evaporated_in_SOL,0.208,0.37722291068004,0.58653536148394,0.37722291068004,1.0108487085907185,10.248462922523998,10.248462922523998,1470.50109714,184.62324559088572,41,5.4363122662804
hs100,1.0,176,150,75.0,9.436558933220338e-10,17,1.5,-15.0,False,False,evaporated_in_SOL,0.16899999999999998,0.41361811914011,0.55763259916344,0.41361811914011,1.0505800923632642,11.165527369072,11.165527369072,1321.7321204201,165.461796099451,41,6.2271015218009
hs100,1.0,177,150,75.0,9.436558933220338e-10,17,1.5,-7.5,False,False,evaporated_in_SOL,0.16699999999999998,0.44221620882391,0.50380756503721,0.44221620882391,1.0289512721351224,13.067492468075,13.067492468075,1386.176244516,174.49299792777373,40,5.6608625214325
hs100,1.0,178,150,75.0,9.436558933220338e-10,17,1.5,0.0,False,False,evaporated_in_SOL,0.174,0.42687499426137,0.5228974319443,0.42687499426137,1.0208110162235793,18.783606461532,18.783606461532,1428.6452311473,172.98302735688227,40,5.4889985442747
hs100,1.0,179,150,75.0,9.436558933220338e-10,17,1.5,7.5,False,False,evaporated_in_SOL,0.183,0.4034271678176,0.55532139993565,0.4034271678176,1.0182922491865791,22.347483389444,22.347483389444,1430.584272506,175.49138068317058,41,5.4358743308678
hs100,1.0,180,150,75.0,9.436558933220338e-10,17,1.5,15.0,False,False,evaporated_in_SOL,0.19499999999999998,0.37266468635012,0.59349521756561,0.37266468635012,1.0145005148036776,22.809872531076,22.809872531076,1470.5010970816,186.41899465858287,41,5.443367747013
hs100,1.0,181,200,100.0,2.236813969355932e-09,16,1.0,-15.0,False,False,evaporated_in_SOL,0.205,0.37592316159091,0.60343033884525,0.37592316159091,1.0462539352723554,11.737343538538,11.737343538538,1323.7317040405,180.22038274725708,41,8.273740791263
hs100,1.0,182,200,100.0,2.236813969355932e-09,16,1.0,-7.5,False,False,evaporated_in_SOL,0.19599999999999998,0.43285764534826,0.51521220680916,0.43285764534826,1.0243063479654468,13.635925285753999,13.635925285753999,1389.7399520369,173.32133275636815,40,7.9912846326327
hs100,1.0,183,200,100.0,2.236813969355932e-09,16,1.0,0.0,False,False,evaporated_in_SOL,0.20099999999999998,0.42933490533359,0.51629595000419,0.42933490533359,1.0171723543772135,20.867843434784,20.867843434784,1428.6452309136,175.26984381966855,40,7.3186277260803
hs100,1.0,184,200,100.0,2.236813969355932e-09,16,1.0,7.5,False,False,evaporated_in_SOL,0.208,0.41570605563838,0.5364749514549,0.41570605563838,1.0150311857932814,33.18842808311,33.18842808311,1471.0741263254,174.2285856727949,40,7.3186853578504
hs100,1.0,185,200,100.0,2.236813969355932e-09,16,1.0,15.0,False,False,evaporated_in_SOL,0.217,0.39565445901741,0.5633989714724,0.39565445901741,1.0111631743761438,34.756831920456996,34.756831920456996,1470.7753897802,178.35822821751444,41,7.2697440351923
hs100,1.0,186,200,100.0,2.236813969355932e-09,16,1.25,-15.0,False,False,upper_or_side_wall,0.248,0.099794826598736,0.98534238075656,0.099794826598736,1.0672351424716688,14.283026592183,14.283026592183,1282.2206593092,1.8696192434399794,59,8.3420839416139
hs100,1.0,187,200,100.0,2.236813969355932e-09,16,1.25,-7.5,False,False,evaporated_in_SOL,0.18,0.43284323009006,0.51521685754337,0.43284323009006,1.0242775636098458,11.117541836167,11.117541836167,1389.7399517007,173.32904800671133,40,7.9912846327001
hs100,1.0,188,200,100.0,2.236813969355932e-09,16,1.25,0.0,False,False,evaporated_in_SOL,0.185,0.43076207596771,0.51436802585406,0.43076207596771,1.017895895864362,25.525605301813,25.525605301813,1428.6452311555,175.45182504807553,40,7.31865033374
hs100,1.0,189,200,100.0,2.236813969355932e-09,16,1.25,7.5,False,False,evaporated_in_SOL,0.19399999999999998,0.40876157256396,0.54252776571532,0.40876157256396,1.0084262521161762,11.006676127956,11.006676127956,1491.5071275714,177.05572659492265,40,7.3186859076063
hs100,1.0,190,200,100.0,2.236813969355932e-09,16,1.25,15.0,False,False,evaporated_in_SOL,0.204,0.38589914483932,0.57350971247689,0.38589914483932,1.0045958175174279,21.131398964989,21.131398964989,1491.5071277045,182.10841088052698,41,7.4443611943331
hs100,1.0,191,200,100.0,2.236813969355932e-09,16,1.5,-15.0,False,False,upper_or_side_wall,0.259,0.040551754998646,0.9845009180972,0.040551754998646,1.0957603417139588,48.955550248886,48.955550248886,1171.8214121596,2.7110819028000055,60,8.5182749575098
hs100,1.0,192,200,100.0,2.236813969355932e-09,16,1.5,-7.5,False,False,evaporated_in_SOL,0.16499999999999998,0.43789859673271,0.50757700232065,0.43789859673271,1.0251946934375031,18.596330371309,18.596330371309,1389.7399511528,174.83992331331132,40,8.1781948347603
hs100,1.0,193,200,100.0,2.236813969355932e-09,16,1.5,0.0,False,False,evaporated_in_SOL,0.17099999999999999,0.43089978027416,0.51339550496476,0.43089978027416,1.0168160029554416,26.079460402639,26.079460402639,1428.645231219,175.99148126419252,40,7.3186811028544
hs100,1.0,194,200,100.0,2.236813969355932e-09,16,1.5,7.5,False,False,evaporated_in_SOL,0.18,0.40866273397143,0.5440563654322,0.40866273397143,1.0110177036100851,24.517860637713003,24.517860637713003,1470.7753895954,176.39133514111177,40,7.2766356893595
hs100,1.0,195,200,100.0,2.236813969355932e-09,16,1.5,15.0,False,False,evaporated_in_SOL,0.191,0.38186889959455,0.58031146537174,0.38186889959455,1.0087790112634238,35.460014263848,35.460014263848,1470.7753898229,182.80337942829317,41,7.4762304250802
hs100,1.0,196,200,100.0,2.236813969355932e-09,17,1.0,-15.0,False,False,evaporated_in_SOL,0.19699999999999998,0.43405762879284,0.51807886157898,0.43405762879284,1.031508984302272,16.441107743634998,16.441107743634998,1389.7399509358,170.52845810467366,40,8.1781948347423
hs100,1.0,197,200,100.0,2.236813969355932e-09,17,1.0,-7.5,False,False,evaporated_in_SOL,0.19999999999999998,0.43564802914797,0.50739679694264,0.43564802914797,1.019675128931964,14.24682067496,14.24682067496,1428.6452301466,176.57815190654094,40,7.5502994849052
hs100,1.0,198,200,100.0,2.236813969355932e-09,17,1.0,0.0,False,False,evaporated_in_SOL,0.206,0.42198060425291,0.5246063115448,0.42198060425291,1.0113413505855517,14.966428060214,14.966428060214,1471.0793478881,175.82093709268776,40,7.335579884953
hs100,1.0,199,200,100.0,2.236813969355932e-09,17,1.0,7.5,False,False,evaporated_in_SOL,0.213,0.40584892367414,0.54839795159002,0.40584892367414,1.011559735442726,23.771608417529002,23.771608417529002,1470.7753896238,176.73998186654532,41,7.2630529802049
hs100,1.0,200,200,100.0,2.236813969355932e-09,17,1.0,15.0,False,False,evaporated_in_SOL,0.222,0.38540793864041,0.57575663323661,0.38540793864041,1.0083911811154713,32.898311104845,32.898311104845,1470.7753897944,181.54575590802042,41,7.413229757487
hs100,1.0,201,200,100.0,2.236813969355932e-09,17,1.25,-15.0,False,False,evaporated_in_SOL,0.181,0.43167712273288,0.52413925251702,0.43167712273288,1.035004412445972,17.637798130242,17.637798130242,1353.4087008035,168.45590222836648,40,8.3598285063461
hs100,1.0,202,200,100.0,2.236813969355932e-09,17,1.25,-7.5,False,False,evaporated_in_SOL,0.183,0.43976828537497,0.50193051451763,0.43976828537497,1.021694844685508,21.694981994676,21.694981994676,1428.6452213548,177.5415230050388,40,7.5502484271334
hs100,1.0,203,200,100.0,2.236813969355932e-09,17,1.25,0.0,False,False,evaporated_in_SOL,0.19,0.4222107342158,0.52384428107683,0.4222107342158,1.010655217092244,16.194398386489002,16.194398386489002,1471.0793479514,176.09542185719522,40,7.3288847504459
hs100,1.0,204,200,100.0,2.236813969355932e-09,17,1.25,7.5,False,False,evaporated_in_SOL,0.19799999999999998,0.40225263234511,0.55256132235342,0.40225263234511,1.0088447003612313,22.698327117129,22.698327117129,1470.7753896522,177.85935557164447,41,7.3367516471755
hs100,1.0,205,200,100.0,2.236813969355932e-09,17,1.25,15.0,False,False,evaporated_in_SOL,0.209,0.37465896346942,0.58660690899319,0.37465896346942,1.0029139347433358,14.377691840203001,14.377691840203001,1490.5581310566,186.97625528601296,41,7.4168233709649
hs100,1.0,206,200,100.0,2.236813969355932e-09,17,1.5,-15.0,False,False,evaporated_in_SOL,0.16799999999999998,0.42404908533597,0.53902370189053,0.42404908533597,1.0388354837403897,12.670352660428,12.670352660428,1353.4087001969,165.83861714003007,40,8.5617538130939
hs100,1.0,207,200,100.0,2.236813969355932e-09,17,1.5,-7.5,False,False,evaporated_in_SOL,0.16899999999999998,0.43855442687324,0.50174200768864,0.43855442687324,1.019067044446144,12.647008472876001,12.647008472876001,1428.6452297259,178.51939087152576,40,7.5503292124148
hs100,1.0,208,200,100.0,2.236813969355932e-09,17,1.5,0.0,False,False,evaporated_in_SOL,0.176,0.42105240637208,0.52401018830062,0.42105240637208,1.0080122311978506,11.184172606657,11.184172606657,1471.0793477734,176.92121050008484,40,7.3422044188174
hs100,1.0,209,200,100.0,2.236813969355932e-09,17,1.5,7.5,False,False,evaporated_in_SOL,0.184,0.40106228008949,0.55511824861315,0.40106228008949,1.0105516982121516,32.009825170378996,32.009825170378996,1470.7753897592,177.65688364109766,41,7.3272901160133
hs100,1.0,210,200,100.0,2.236813969355932e-09,17,1.5,15.0,False,False,evaporated_in_SOL,0.19599999999999998,0.36962488282424,0.59396727154803,0.36962488282424,1.0050864296864577,28.498825601858,28.498825601858,1490.5581310787,189.1323596666955,41,7.4216055145866
hs100,1.0,211,250,125.0,4.368777283898306e-09,16,1.0,-15.0,False,False,evaporated_in_SOL,0.19999999999999998,0.40300379267992,0.56544029002356,0.40300379267992,1.0333750299333704,17.408370613177,17.408370613177,1356.1487597745,170.94321170145014,41,10.447282665947
hs100,1.0,212,250,125.0,4.368777283898306e-09,16,1.0,-7.5,False,False,evaporated_in_SOL,0.19699999999999998,0.43414350498084,0.50778497739426,0.43414350498084,1.0165091692256967,17.855498126116,17.855498126116,1471.0263750893,177.39570986095995,40,9.9891057912424
hs100,1.0,213,250,125.0,4.368777283898306e-09,16,1.0,0.0,False,False,evaporated_in_SOL,0.20199999999999999,0.42868906460149,0.51378103895087,0.42868906460149,1.0119336830316936,31.243196409172,31.243196409172,1471.0793481464,177.39979369023797,40,9.1606271511275
hs100,1.0,214,250,125.0,4.368777283898306e-09,16,1.0,7.5,False,False,evaporated_in_SOL,0.21,0.40967975667581,0.53818783391083,0.40967975667581,1.0027087509611674,15.500529462941,15.500529462941,1492.8298108183,178.4531591557662,40,9.1649477383263
hs100,1.0,215,250,125.0,4.368777283898306e-09,16,1.0,15.0,False,False,evaporated_in_SOL,0.218,0.3931568344837,0.56354679291652,0.3931568344837,1.0037056273135299,41.260347859872,41.260347859872,1491.5071277708,180.46914846721535,41,9.2884704440896
hs100,1.0,216,250,125.0,4.368777283898306e-09,16,1.25,-15.0,False,False,upper_or_side_wall,0.208,0.25552255118239,0.94925415898543,0.25552255118239,1.04422520807984,12.823463737863,12.823463737863,1321.7321221365,9.140396489855306,54,10.700177132898
hs100,1.0,217,250,125.0,4.368777283898306e-09,16,1.25,-7.5,False,False,evaporated_in_SOL,0.18,0.43891658295935,0.50148973339929,0.43891658295935,1.0194564011770855,29.236693587435,29.236693587435,1428.645230204,178.44946734658555,40,9.9891057912533
hs100,1.0,218,250,125.0,4.368777283898306e-09,16,1.25,0.0,False,False,evaporated_in_SOL,0.186,0.42969366859024,0.51240734411428,0.42969366859024,1.0124126020832982,36.360933974017,36.360933974017,1471.0793482049,177.54956954105174,40,9.1841571864543
hs100,1.0,219,250,125.0,4.368777283898306e-09,16,1.25,7.5,False,False,evaporated_in_SOL,0.19499999999999998,0.40680344045597,0.54179218563682,0.40680344045597,1.0019761663800715,15.249609936114998,15.249609936114998,1514.5995792092,179.12178791830382,40,9.2662668325734
hs100,1.0,220,250,125.0,4.368777283898306e-09,16,1.25,15.0,True,False,evaporated_inside_lcfs,0.205,0.38326049233363,0.57368727989702,0.38326049233363,0.9967993452830464,21.760996030396,21.760996030396,1555.6939706931,184.38750475116007,41,9.334974389639
hs100,1.0,221,250,125.0,4.368777283898306e-09,16,1.5,-15.0,False,False,upper_or_side_wall,0.205,0.21747787400153,0.95625814517031,0.21747787400153,1.0534490681850828,24.891667713825,24.891667713825,1282.2206587502,12.34190044425443,55,10.796465274053
hs100,1.0,222,250,125.0,4.368777283898306e-09,16,1.5,-7.5,False,False,evaporated_in_SOL,0.16599999999999998,0.43853079197872,0.50076643542386,0.43853079197872,1.0177763054423765,22.663375069688,22.663375069688,1471.0772546254,179.23826345360717,40,10.222743543502
hs100,1.0,223,250,125.0,4.368777283898306e-09,16,1.5,0.0,False,False,evaporated_in_SOL,0.172,0.4295027256454,0.51174564172339,0.4295027256454,1.0109833678907845,35.455962438308006,35.455962438308006,1471.0793482193,178.13142455756875,40,9.1809876620316
hs100,1.0,224,250,125.0,4.368777283898306e-09,16,1.5,7.5,False,False,evaporated_in_SOL,0.181,0.40622420384399,0.54386646785938,0.40622420384399,1.0043090797991792,29.164375545079,29.164375545079,1491.5071277266,178.61448704813614,41,9.2906109443592
hs100,1.0,225,250,125.0,4.368777283898306e-09,16,1.5,15.0,False,False,evaporated_in_SOL,0.192,0.37885869489954,0.5808003388901,0.37885869489954,1.000703381927874,38.119010112493,38.119010112493,1514.5995578924,185.35134455482356,41,9.3609836218225
hs100,1.0,226,250,125.0,4.368777283898306e-09,17,1.0,-15.0,False,False,evaporated_in_SOL,0.19799999999999998,0.43504134151355,0.51076442048604,0.43504134151355,1.0231035654498877,14.057077698426001,14.057077698426001,1428.6452300516,174.6983745478773,40,10.222743543498
hs100,1.0,227,250,125.0,4.368777283898306e-09,17,1.0,-7.5,False,False,evaporated_in_SOL,0.20099999999999998,0.4354176726244,0.50345139845638,0.4354176726244,1.01417211324975,23.487333209695002,23.487333209695002,1471.0793478847,179.50453301134854,40,9.4379322705523
hs100,1.0,228,250,125.0,4.368777283898306e-09,17,1.0,0.0,False,False,evaporated_in_SOL,0.207,0.42041399960656,0.52329773176504,0.42041399960656,1.0052251055519084,21.991497432222,21.991497432222,1492.8298108183,177.85937001332658,40,9.1878556592058
hs100,1.0,229,250,125.0,4.368777283898306e-09,17,1.0,7.5,False,False,evaporated_in_SOL,0.214,0.4034356415971,0.54823720322191,0.4034356415971,1.0038444440563599,28.246396891518998,28.246396891518998,1491.5071277266,178.92716897288304,41,9.2771799900878
hs100,1.0,230,250,125.0,4.368777283898306e-09,17,1.0,15.0,False,False,evaporated_in_SOL,0.223,0.38247619007457,0.57615395000143,0.38247619007457,1.00020015916105,35.670431882939994,35.670431882939994,1514.4498670501,184.00997952624022,41,9.4027796842544
hs100,1.0,231,250,125.0,4.368777283898306e-09,17,1.25,-15.0,False,False,evaporated_in_SOL,0.182,0.43224547586672,0.51800103409229,0.43224547586672,1.0268860093625247,15.1647020082,15.1647020082,1389.7399514459,171.9499881062446,40,10.451241623853
hs100,1.0,232,250,125.0,4.368777283898306e-09,17,1.25,-7.5,False,False,evaporated_in_SOL,0.184,0.4392046758704,0.49848708481223,0.4392046758704,1.0161783969047495,32.988658830054,32.988658830054,1471.1383993828,180.42754259945468,40,9.4379312475246
hs100,1.0,233,250,125.0,4.368777283898306e-09,17,1.25,0.0,False,False,evaporated_in_SOL,0.191,0.42038372948485,0.52276550123529,0.42038372948485,1.0042686422265037,22.412556116519,22.412556116519,1492.8298108183,178.20351827953252,40,9.1917194792369
hs100,1.0,234,250,125.0,4.368777283898306e-09,17,1.25,7.5,False,False,evaporated_in_SOL,0.19899999999999998,0.39963204876533,0.55251453979909,0.39963204876533,1.0006579695734423,25.86543870889,25.86543870889,1491.5071277266,180.17231939236567,41,9.3379025386205
hs100,1.0,235,250,125.0,4.368777283898306e-09,17,1.25,15.0,False,False,evaporated_in_SOL,0.209,0.37581128900758,0.58535497238019,0.37581128900758,1.0033219103166062,43.30724898014,43.30724898014,1490.5581311008,186.37526080125747,41,9.4164363705217
hs100,1.0,236,250,125.0,4.368777283898306e-09,17,1.5,-15.0,False,False,evaporated_in_SOL,0.16699999999999998,0.43539567889916,0.51458760939177,0.43539567889916,1.0296507166510485,22.642273592383,22.642273592383,1389.7399510949,171.8477664260218,40,10.702743493862
hs100,1.0,237,250,125.0,4.368777283898306e-09,17,1.5,-7.5,False,False,evaporated_in_SOL,0.16999999999999998,0.43810659682473,0.49749107480405,0.43810659682473,1.0127775412617566,18.835235049498003,18.835235049498003,1471.0846474182,181.9052852912766,40,9.4379328140033
hs100,1.0,238,250,125.0,4.368777283898306e-09,17,1.5,0.0,False,False,evaporated_in_SOL,0.177,0.41907922659578,0.52290727171728,0.41907922659578,1.0012225159976638,15.328335327996001,15.328335327996001,1492.8298108183,179.1619781629063,40,9.1925712454643
hs100,1.0,239,250,125.0,4.368777283898306e-09,17,1.5,7.5,False,False,evaporated_in_SOL,0.185,0.39814122046938,0.55531093926089,0.39814122046938,1.0019243865478282,35.801505735736995,35.801505735736995,1491.5071277624,180.11605142897415,41,9.3317790067355
hs100,1.0,240,250,125.0,4.368777283898306e-09,17,1.5,15.0,True,False,evaporated_inside_lcfs,0.19699999999999998,0.36632565486159,0.59452856964112,0.36632565486159,0.9950223114021105,25.951291851700997,25.951291851700997,1554.596773461,192.07405956767485,41,9.4072215070421
hs100,1.0,241,300,150.0,7.54924714657627e-09,16,1.0,-15.0,False,False,evaporated_in_SOL,0.19899999999999998,0.41171790015748,0.54968651736257,0.41171790015748,1.0246886311684953,15.62582495431,15.62582495431,1392.5618839265,170.98457166899163,41,12.541420360833
hs100,1.0,242,300,150.0,7.54924714657627e-09,16,1.0,-7.5,False,False,evaporated_in_SOL,0.19799999999999998,0.43410492673665,0.50300290352227,0.43410492673665,1.0104681803657067,17.711493071000003,17.711493071000003,1471.0794124485,180.75248642240797,40,11.986926949517
hs100,1.0,243,300,150.0,7.54924714657627e-09,16,1.0,0.0,False,False,evaporated_in_SOL,0.20299999999999999,0.42707178258706,0.51260764372747,0.42707178258706,1.0062636968736052,38.31139804976,38.31139804976,1492.8298108443,179.3904132478698,40,11.028603162531
hs100,1.0,244,300,150.0,7.54924714657627e-09,16,1.0,7.5,False,False,evaporated_in_SOL,0.21,0.41134544380851,0.53594075648536,0.41134544380851,1.0028006660364643,46.507706391049,46.507706391049,1492.82981093,178.20373604142165,40,11.175978920194
hs100,1.0,245,300,150.0,7.54924714657627e-09,16,1.0,15.0,True,False,evaporated_inside_lcfs,0.219,0.39035966765774,0.56385867540166,0.39035966765774,0.9956564782161305,41.57732255775,41.57732255775,1555.6876819564,182.7621098763884,41,11.261572621582
hs100,1.0,246,300,150.0,7.54924714657627e-09,16,1.25,-15.0,False,False,evaporated_in_SOL,0.185,0.40035171936773,0.57164535229536,0.40035171936773,1.0308536730619413,18.284634656254,18.284634656254,1389.7399524667,170.24505697058817,41,12.843250697838
hs100,1.0,247,300,150.0,7.54924714657627e-09,16,1.25,-7.5,False,False,evaporated_in_SOL,0.181,0.43849011646467,0.49730725432736,0.43849011646467,1.013285624193972,32.308534218576,32.308534218576,1471.1383992981,181.77708116249397,40,11.986926949521
hs100,1.0,248,300,150.0,7.54924714657627e-09,16,1.25,0.0,True,False,evaporated_inside_lcfs,0.188,0.42368871912507,0.51397078857075,0.42368871912507,0.9998866701932979,15.866866761778999,15.866866761778999,1516.4618529711,181.0841825503599,40,11.106516221709
hs100,1.0,249,300,150.0,7.54924714657627e-09,16,1.25,7.5,False,False,evaporated_in_SOL,0.19499999999999998,0.4082805138148,0.53982745999407,0.4082805138148,1.0021495678207468,45.865838141322,45.865838141322,1514.6225529999,178.82126898203978,40,11.248120796022
hs100,1.0,250,300,150.0,7.54924714657627e-09,16,1.25,15.0,True,False,evaporated_inside_lcfs,0.205,0.38429726240047,0.57258925474406,0.38429726240047,0.9974262506242584,52.768889112566995,52.768889112566995,1551.4033290656,183.953342092908,41,11.406079364365
hs100,1.0,251,300,150.0,7.54924714657627e-09,16,1.5,-15.0,False,False,upper_or_side_wall,0.19,0.28187021911133,0.94208023616244,0.28187021911133,1.0364673854376154,18.253910224645,18.253910224645,1356.1487601945,9.16550283131124,54,12.956012151626
hs100,1.0,252,300,150.0,7.54924714657627e-09,16,1.5,-7.5,False,False,evaporated_in_SOL,0.16699999999999998,0.43803119591075,0.49626382031107,0.43803119591075,1.0110705234687807,22.467564173739998,22.467564173739998,1471.1383994829,182.8529886335352,40,12.267292252215
hs100,1.0,253,300,150.0,7.54924714657627e-09,16,1.5,0.0,False,False,evaporated_in_SOL,0.173,0.42735049330063,0.51102232767537,0.42735049330063,1.0046670498835397,41.03553846179,41.03553846179,1492.8298108741,180.22296997084115,40,11.048748089784
hs100,1.0,254,300,150.0,7.54924714657627e-09,16,1.5,7.5,True,False,evaporated_inside_lcfs,0.182,0.4034505828233,0.54390511124574,0.4034505828233,0.9959069137824375,22.960239533262,22.960239533262,1555.6939706935,181.019675679728,41,11.261547217726
hs100,1.0,255,300,150.0,7.54924714657627e-09,16,1.5,15.0,True,False,evaporated_inside_lcfs,0.193,0.37574739762125,0.58122980637204,0.37574739762125,0.9921573912448419,26.127040983731,26.127040983731,1555.6939706909,188.03061109712823,41,11.424195522264
hs100,1.0,256,300,150.0,7.54924714657627e-09,17,1.0,-15.0,False,False,evaporated_in_SOL,0.19799999999999998,0.43983238684259,0.4983560813873,0.43983238684259,1.0172296917493278,32.032058156406,32.032058156406,1471.1383946522,180.09437311038656,40,12.267292252213
hs100,1.0,257,300,150.0,7.54924714657627e-09,17,1.0,-7.5,False,False,evaporated_in_SOL,0.20199999999999999,0.43405486585508,0.50148657640166,0.43405486585508,1.0084631074779244,29.591828900567,29.591828900567,1492.8298107513,181.85694718839576,40,11.325519681783
hs100,1.0,258,300,150.0,7.54924714657627e-09,17,1.0,0.0,True,False,evaporated_inside_lcfs,0.208,0.41820673339169,0.52274209667409,0.41820673339169,0.9987567669305576,24.499153771569,24.499153771569,1516.4618599819,179.96044192192144,40,11.188883815637
hs100,1.0,259,300,150.0,7.54924714657627e-09,17,1.0,7.5,True,False,evaporated_inside_lcfs,0.215,0.4007242594148,0.54828285926319,0.4007242594148,0.9955944038173504,23.503504661917,23.503504661917,1555.6939706935,181.27455634152048,41,11.254252109004
hs100,1.0,260,300,150.0,7.54924714657627e-09,17,1.0,15.0,True,False,evaporated_inside_lcfs,0.22399999999999998,0.3794698236307,0.57648895358171,0.3794698236307,0.9916283177010519,24.152010310411,24.152010310411,1555.6939706909,186.58259609691814,41,11.321190698343
hs100,1.0,261,300,150.0,7.54924714657627e-09,17,1.25,-15.0,False,False,evaporated_in_SOL,0.182,0.43728651109466,0.50394539564528,0.43728651109466,1.019276780781212,23.591977663919,23.591977663919,1428.645230079,177.83393021932017,40,12.541505819332
hs100,1.0,262,300,150.0,7.54924714657627e-09,17,1.25,-7.5,False,False,evaporated_in_SOL,0.185,0.43765631323278,0.49670652417354,0.43765631323278,1.010909909586675,39.885452581491,39.885452581491,1471.1376934055,182.78549705455427,40,11.325519650926
hs100,1.0,263,300,150.0,7.54924714657627e-09,17,1.25,0.0,True,False,evaporated_inside_lcfs,0.192,0.41799357611252,0.52231335121512,0.41799357611252,0.9975163575847836,23.77084081478,23.77084081478,1516.4618599821,180.38735617817386,40,11.132357930437
hs100,1.0,264,300,150.0,7.54924714657627e-09,17,1.25,7.5,True,False,evaporated_inside_lcfs,0.19999999999999998,0.39680029791378,0.55255865179354,0.39680029791378,0.9920104992615404,16.033275483353002,16.033275483353002,1555.6939706935,182.6256518950545,41,11.278744509603
hs100,1.0,265,300,150.0,7.54924714657627e-09,17,1.25,15.0,True,False,evaporated_inside_lcfs,0.21,0.37258052827126,0.58585673981339,0.37258052827126,0.9935240048671458,32.73978974338,32.73978974338,1554.596773461,189.18478356921514,41,11.498025025076
hs100,1.0,266,300,150.0,7.54924714657627e-09,17,1.5,-15.0,False,False,evaporated_in_SOL,0.16799999999999998,0.43494337908134,0.50986817996648,0.43494337908134,1.0215346971791233,15.748804579478998,15.748804579478998,1428.6452295748,175.3829285549346,40,12.843297203541
hs100,1.0,267,300,150.0,7.54924714657627e-09,17,1.5,-7.5,False,False,evaporated_in_SOL,0.17099999999999999,0.43656163334961,0.49530675038937,0.43656163334961,1.0066393452952647,22.463981786273997,22.463981786273997,1492.987393374,184.5554523209458,40,11.325519697332
hs100,1.0,268,300,150.0,7.54924714657627e-09,17,1.5,0.0,False,False,evaporated_in_SOL,0.177,0.42064010187833,0.52062148956277,0.42064010187833,1.0016845803591095,45.26094909733,45.26094909733,1492.829810919,179.29939671269787,40,11.16390786882
hs100,1.0,269,300,150.0,7.54924714657627e-09,17,1.5,7.5,True,False,evaporated_inside_lcfs,0.186,0.39504831006162,0.55556225059521,0.39504831006162,0.9928858281411143,28.493801836927002,28.493801836927002,1555.6939706935,182.6969141039818,41,11.276963898409
hs100,1.0,270,300,150.0,7.54924714657627e-09,17,1.5,15.0,True,False,evaporated_inside_lcfs,0.19699999999999998,0.36702349524484,0.59380370788099,0.36702349524484,0.9953590686230676,54.433367478144,54.433367478144,1554.5967447321,191.6457661637931,41,11.475065282837
hs150,1.5,1,40,20.0,1.7894511754847454e-11,16,1.0,-15.0,False,False,upper_or_side_wall,0.214,0.27927752471951,0.94998520415959,0.27927752471951,1.2272344327794085,19.006039528803,19.006039528803,959.56605369117,2.2151421287701334,54,0.99488946015033
hs150,1.5,2,40,20.0,1.7894511754847454e-11,16,1.0,-7.5,False,False,upper_or_side_wall,0.24,0.19400947605951,0.97518539500391,0.19400947605951,1.2218195306309934,17.594114421189,17.594114421189,978.62086213536,0.21961360061732865,56,1.0028075865821
hs150,1.5,3,40,20.0,1.7894511754847454e-11,16,1.0,0.0,False,False,evaporated_in_SOL,0.191,0.43018380201694,0.55254766090918,0.43018380201694,1.0840808700884423,2.7967561778936,2.7967561778936,1264.7238803144,153.49239519008273,40,1.27327083357
hs150,1.5,4,40,20.0,1.7894511754847454e-11,16,1.0,7.5,False,False,evaporated_in_SOL,0.19599999999999998,0.43551580719245,0.54291866743,0.43551580719245,1.0786591868294366,3.7168385171955,3.7168385171955,1264.723892147,154.14585111677005,40,1.3301108649724
hs150,1.5,5,40,20.0,1.7894511754847454e-11,16,1.0,15.0,False,False,evaporated_in_SOL,0.206,0.41927947438904,0.56158552599807,0.41927947438904,1.0748348656943085,5.3485928529937,5.3485928529937,1264.6936080554,158.5928512218505,41,1.3475745456707
hs150,1.5,6,40,20.0,1.7894511754847454e-11,16,1.25,-15.0,False,False,upper_or_side_wall,0.19599999999999998,0.28614310171295,0.9458811299171,0.28614310171295,1.2182021204364224,18.907080279844003,18.907080279844003,961.04624133873,4.378445366052494,54,0.9940062184488
hs150,1.5,7,40,20.0,1.7894511754847454e-11,16,1.25,-7.5,False,False,upper_or_side_wall,0.223,0.1953667281732,0.97302590659272,0.1953667281732,1.2164129032021869,17.55021761873,17.55021761873,978.94443459157,1.9484011124028209,56,1.0016373054124
hs150,1.5,8,40,20.0,1.7894511754847454e-11,16,1.25,0.0,False,False,evaporated_in_SOL,0.174,0.43937060148612,0.54440311661377,0.43937060148612,1.0908465777833247,4.740696031619501,4.740696031619501,1264.7238584302,150.1299687877113,40,1.2904161084838
hs150,1.5,9,40,20.0,1.7894511754847454e-11,16,1.25,7.5,False,False,evaporated_in_SOL,0.182,0.43265894222909,0.54319454320173,0.43265894222909,1.0717745171231772,2.8373530078972,2.8373530078972,1264.7238921483,156.35733186974227,40,1.345648926959
hs150,1.5,10,40,20.0,1.7894511754847454e-11,16,1.25,15.0,False,False,evaporated_in_SOL,0.19399999999999998,0.40880292732112,0.56822051579066,0.40880292732112,1.0622030148151438,2.4393420877685,2.4393420877685,1319.3478115758,164.52383439202697,41,1.3555059749738
hs150,1.5,11,40,20.0,1.7894511754847454e-11,16,1.5,-15.0,False,False,upper_or_side_wall,0.184,0.2786792916689,0.94835440625639,0.2786792916689,1.2090082901713652,18.743505519872997,18.743505519872997,968.04465137425,3.9456830453375162,54,0.99330039176581
hs150,1.5,12,40,20.0,1.7894511754847454e-11,16,1.5,-7.5,False,False,upper_or_side_wall,0.207,0.19824770043688,0.9699009850916,0.19824770043688,1.2068998836776559,16.202846355406002,16.202846355406002,1033.0153284712,4.2099899418990185,56,1.1934580657065
hs150,1.5,13,40,20.0,1.7894511754847454e-11,16,1.5,0.0,False,False,evaporated_in_SOL,0.16,0.44281590987605,0.53736656172706,0.44281590987605,1.0844508189017417,3.4631028988392,3.4631028988392,1264.7238803144,151.5131223234003,40,1.2902144251049
hs150,1.5,14,40,20.0,1.7894511754847454e-11,16,1.5,7.5,False,False,evaporated_in_SOL,0.16899999999999998,0.43243528385997,0.54410906743481,0.43243528385997,1.072973165479361,3.6388845260894,3.6388845260894,1264.7238921483,156.03774979890343,40,1.3518230873238
hs150,1.5,15,40,20.0,1.7894511754847454e-11,16,1.5,15.0,False,False,evaporated_in_SOL,0.182,0.40429466418254,0.57527421833805,0.40429466418254,1.0660757319377285,4.3637628745926,4.3637628745926,1319.3478019574,165.0354011251016,41,1.3613914768357
hs150,1.5,16,40,20.0,1.7894511754847454e-11,17,1.0,-15.0,False,False,upper_or_side_wall,0.235,0.22375861122013,0.96498726514263,0.22375861122013,1.212407860103158,17.78400628025,17.78400628025,978.50364934697,2.2728277299874313,55,1.0014608964778
hs150,1.5,17,40,20.0,1.7894511754847454e-11,17,1.0,-7.5,False,False,evaporated_in_SOL,0.193,0.42398894199464,0.56378708948828,0.42398894199464,1.09208554134262,3.0776928578037,3.0776928578037,1203.8301370152,153.40702682604933,41,1.2578333912655
hs150,1.5,18,40,20.0,1.7894511754847454e-11,17,1.0,0.0,False,False,evaporated_in_SOL,0.193,0.44561474246211,0.53125083390745,0.44561474246211,1.0793628076024475,3.0383492213401,3.0383492213401,1264.7238843937,153.18068145648246,40,1.3161450791104
hs150,1.5,19,40,20.0,1.7894511754847454e-11,17,1.0,7.5,False,False,evaporated_in_SOL,0.20199999999999999,0.42982694254692,0.54610044269232,0.42982694254692,1.0700437296072802,3.152227158568,3.152227158568,1264.7238921483,157.1483947558003,40,1.3368206686601
hs150,1.5,20,40,20.0,1.7894511754847454e-11,17,1.0,15.0,False,False,evaporated_in_SOL,0.213,0.40853630506265,0.57024176360928,0.40853630506265,1.0663048125619314,3.9057571665685002,3.9057571665685002,1319.34779234,163.77444083861056,41,1.3518729401866
hs150,1.5,21,40,20.0,1.7894511754847454e-11,17,1.25,-15.0,False,False,upper_or_side_wall,0.20299999999999999,0.28023935990967,0.94587354421113,0.28023935990967,1.2066508180810427,17.720386030638,17.720386030638,1020.6703703251,5.931530050904092,54,1.3231603215355
hs150,1.5,22,40,20.0,1.7894511754847454e-11,17,1.25,-7.5,False,False,evaporated_in_SOL,0.177,0.42484422052207,0.56241831806418,0.42484422052207,1.0913977038127063,2.8053266803535,2.8053266803535,1203.8301370148,153.3248429343738,41,1.2840570570672
hs150,1.5,23,40,20.0,1.7894511754847454e-11,17,1.25,0.0,False,False,evaporated_in_SOL,0.177,0.44929548174081,0.52910801355388,0.44929548174081,1.0834034003248467,4.513022271220501,4.513022271220501,1264.7238921483,151.80325312687523,40,1.3199715648319
hs150,1.5,24,40,20.0,1.7894511754847454e-11,17,1.25,7.5,False,False,evaporated_in_SOL,0.187,0.42996465346853,0.54937872708279,0.42996465346853,1.0767551165434324,5.40308198665,5.40308198665,1264.7238921483,155.30397051943342,40,1.3466430203705
hs150,1.5,25,40,20.0,1.7894511754847454e-11,17,1.25,15.0,False,False,evaporated_in_SOL,0.19999999999999998,0.40091868408681,0.5792047919805,0.40091868408681,1.0651813042882035,4.6035574951967,4.6035574951967,1319.3478019574,166.14437214542326,41,1.351384713098
hs150,1.5,26,40,20.0,1.7894511754847454e-11,17,1.5,-15.0,False,False,upper_or_side_wall,0.179,0.31376568978308,0.93696108859672,0.31376568978308,1.2009849071187977,17.575112945805,17.575112945805,1020.9249750415,5.754946673023314,53,1.3392599442032
hs150,1.5,27,40,20.0,1.7894511754847454e-11,17,1.5,-7.5,False,False,evaporated_in_SOL,0.162,0.42982371054435,0.55652705167313,0.42982371054435,1.0917950238611576,2.7025353900739,2.7025353900739,1203.8301370148,151.83646448840557,41,1.3183947106198
hs150,1.5,28,40,20.0,1.7894511754847454e-11,17,1.5,0.0,False,False,evaporated_in_SOL,0.16399999999999998,0.44624759063646,0.52662741498263,0.44624759063646,1.0725064148196493,2.1582390428062,2.1582390428062,1264.7238921483,155.72924463121763,40,1.3408697528819
hs150,1.5,29,40,20.0,1.7894511754847454e-11,17,1.5,7.5,False,False,evaporated_in_SOL,0.174,0.42750837296572,0.55204112201651,0.42750837296572,1.0759471619289855,5.7916233458024005,5.7916233458024005,1264.7238921483,156.06011031117603,40,1.3458296380065
hs150,1.5,30,40,20.0,1.7894511754847454e-11,17,1.5,15.0,False,False,evaporated_in_SOL,0.188,0.39399075997922,0.58724192709738,0.39399075997922,1.0648521087049794,5.1727507873534,5.1727507873534,1319.3478003752,168.9069783726145,41,1.3693564474182
hs150,1.5,31,60,30.0,6.039397717261016e-11,16,1.0,-15.0,False,False,upper_or_side_wall,0.242,0.19003920029629,0.97346240348775,0.19003920029629,1.2098703780513347,27.771015141162,27.771015141162,976.96007539921,2.922026377170083,56,1.5004176528752
hs150,1.5,32,60,30.0,6.039397717261016e-11,16,1.0,-7.5,False,False,upper_or_side_wall,0.33099999999999996,0.031698871440017,0.98538169635104,0.031698871440017,1.143889258132166,5.6454717836984,5.6454717836984,1090.5169358253,1.8303036489599744,60,1.9787560401127
hs150,1.5,33,60,30.0,6.039397717261016e-11,16,1.0,0.0,False,False,evaporated_in_SOL,0.191,0.44370405238522,0.52894170335912,0.44370405238522,1.071201523622525,5.2108408647767,5.2108408647767,1264.7238921483,156.13111886635073,40,2.0761131600077
hs150,1.5,34,60,30.0,6.039397717261016e-11,16,1.0,7.5,False,False,evaporated_in_SOL,0.19899999999999998,0.4336495606469,0.53761923545208,0.4336495606469,1.0634743270914826,5.3021007309648,5.3021007309648,1318.1652054376,158.71572979467194,40,2.0755273933678
hs150,1.5,35,60,30.0,6.039397717261016e-11,16,1.0,15.0,False,False,evaporated_in_SOL,0.209,0.41487696732542,0.56059256750397,0.41487696732542,1.0610340552251818,7.688676991965799,7.688676991965799,1319.3477971486,162.92298254141258,41,2.0688967664566
hs150,1.5,36,60,30.0,6.039397717261016e-11,16,1.25,-15.0,False,False,upper_or_side_wall,0.19699999999999998,0.29038627710508,0.94728872569567,0.29038627710508,1.201720215058602,27.697330746215,27.697330746215,1014.4054331036,1.908972920352258,54,2.0272756424633
hs150,1.5,37,60,30.0,6.039397717261016e-11,16,1.25,-7.5,False,False,upper_or_side_wall,0.261,0.061586902318591,0.9840011536612,0.061586902318591,1.1606247556466809,14.339383845652,14.339383845652,1090.5169378096,3.2108463387999775,59,2.0004811474959
hs150,1.5,38,60,30.0,6.039397717261016e-11,16,1.25,0.0,False,False,evaporated_in_SOL,0.175,0.44770640646315,0.52505451927605,0.44770640646315,1.072789530399273,6.3654293550441,6.3654293550441,1264.7238921483,155.6981019559225,40,2.0827109231632
hs150,1.5,39,60,30.0,6.039397717261016e-11,16,1.25,7.5,False,False,evaporated_in_SOL,0.185,0.42941158461069,0.54014614725917,0.42941158461069,1.0574343503109038,3.5612190896200002,3.5612190896200002,1318.1652054376,160.75264696326784,40,2.0754836166115
hs150,1.5,40,60,30.0,6.039397717261016e-11,16,1.25,15.0,False,False,evaporated_in_SOL,0.19599999999999998,0.407843506514,0.5686692731087,0.407843506514,1.0607134250452477,8.5914454877333,8.5914454877333,1319.3477971486,165.14419457496166,41,2.0728891392453
hs150,1.5,41,60,30.0,6.039397717261016e-11,16,1.5,-15.0,False,False,upper_or_side_wall,0.178,0.30731886139962,0.93735163237948,0.30731886139962,1.1948442778011497,27.467556244534002,27.467556244534002,1015.7238443977,7.065985924513632,53,2.0272812573688
hs150,1.5,42,60,30.0,6.039397717261016e-11,16,1.5,-7.5,False,False,upper_or_side_wall,0.242,0.073172891698283,0.98430264927655,0.073172891698283,1.158709598965014,14.25518193902,14.25518193902,1090.5169379825,2.9093507234499993,59,2.0062441198559
hs150,1.5,43,60,30.0,6.039397717261016e-11,16,1.5,0.0,False,False,evaporated_in_SOL,0.161,0.45060952756737,0.52168734343082,0.45060952756737,1.0728979046247824,7.1343266392269,7.1343266392269,1264.7238921471,155.88874381805007,40,2.1061907055066
hs150,1.5,44,60,30.0,6.039397717261016e-11,16,1.5,7.5,False,False,evaporated_in_SOL,0.172,0.42774414497315,0.54220239285582,0.42774414497315,1.0570869714107711,4.331226296223099,4.331226296223099,1318.1652054376,161.0063798797393,40,2.081078219912
hs150,1.5,45,60,30.0,6.039397717261016e-11,16,1.5,15.0,False,False,evaporated_in_SOL,0.185,0.39678593514264,0.57659585632369,0.39678593514264,1.0458252442108857,3.1782542425179,3.1782542425179,1362.7621952865,171.01482960223785,41,2.0747494109786
hs150,1.5,46,60,30.0,6.039397717261016e-11,17,1.0,-15.0,False,False,upper_or_side_wall,0.241,0.21251187126475,0.96565220935722,0.21251187126475,1.1878589906122505,23.991075936511,23.991075936511,1033.8829138994,4.575789305632682,56,2.0062134539719
hs150,1.5,47,60,30.0,6.039397717261016e-11,17,1.0,-7.5,False,False,evaporated_in_SOL,0.19,0.44953423128105,0.52459522323842,0.44953423128105,1.0758208656907504,4.7003609471259,4.7003609471259,1264.7238921483,154.6662435918572,40,2.0768882843848
hs150,1.5,48,60,30.0,6.039397717261016e-11,17,1.0,0.0,False,False,evaporated_in_SOL,0.19599999999999998,0.44356746852425,0.52501627935679,0.44356746852425,1.0639932836761963,3.8795621283293,3.8795621283293,1318.1652054376,158.80396617683164,40,2.0623942817333
hs150,1.5,49,60,30.0,6.039397717261016e-11,17,1.0,7.5,False,False,evaporated_in_SOL,0.205,0.42502856439803,0.54557341042667,0.42502856439803,1.0565126394632969,4.1540025040609,4.1540025040609,1318.1652061538,161.50003129474266,40,2.0576232610314
hs150,1.5,50,60,30.0,6.039397717261016e-11,17,1.0,15.0,False,False,evaporated_in_SOL,0.215,0.40543762207531,0.57138748357062,0.40543762207531,1.0603970633955444,8.7867043560678,8.7867043560678,1319.3477971486,165.92563116964482,41,2.076240180296
hs150,1.5,51,60,30.0,6.039397717261016e-11,17,1.25,-15.0,False,False,upper_or_side_wall,0.217,0.23865765696742,0.9563198880368,0.23865765696742,1.187316870955843,24.901772512071,24.901772512071,1033.0151815375,6.736855949903589,55,2.0103852133853
hs150,1.5,52,60,30.0,6.039397717261016e-11,17,1.25,-7.5,False,False,evaporated_in_SOL,0.174,0.45037056669291,0.52279817327618,0.45037056669291,1.0743530100271876,4.095117421329499,4.095117421329499,1264.7238921238,155.29128744454476,40,2.0920757474727
hs150,1.5,53,60,30.0,6.039397717261016e-11,17,1.25,0.0,False,False,evaporated_in_SOL,0.18,0.44626122193779,0.52362687156397,0.44626122193779,1.0672060829128294,6.3547622991534,6.3547622991534,1318.1652054376,157.72800347113798,40,2.0672345662368
hs150,1.5,54,60,30.0,6.039397717261016e-11,17,1.25,7.5,False,False,evaporated_in_SOL,0.19,0.42398541021255,0.54890249418523,0.42398541021255,1.060173947226842,6.9918913785611,6.9918913785611,1318.1652054376,160.6831566599477,40,2.0660944943803
hs150,1.5,55,60,30.0,6.039397717261016e-11,17,1.25,15.0,False,False,evaporated_in_SOL,0.20199999999999999,0.39674435724173,0.58062199597251,0.39674435724173,1.0559227116223309,8.633510206256501,8.633510206256501,1319.3477971486,169.2264727080703,41,2.0737860946841
hs150,1.5,56,60,30.0,6.039397717261016e-11,17,1.5,-15.0,False,False,upper_or_side_wall,0.20099999999999998,0.24141939421854,0.96130975895021,0.24141939421854,1.1827055392427681,25.012774704039,25.012774704039,1033.0146756909,1.1979590879269648,55,2.0103881709738
hs150,1.5,57,60,30.0,6.039397717261016e-11,17,1.5,-7.5,False,False,evaporated_in_SOL,0.159,0.45608820200108,0.51865950488354,0.45608820200108,1.0794797645024559,5.810650107869001,5.810650107869001,1265.2999533813,154.1715864084642,40,2.0992902498181
hs150,1.5,58,60,30.0,6.039397717261016e-11,17,1.5,0.0,False,False,evaporated_in_SOL,0.16599999999999998,0.44756999476952,0.52243828222636,0.44756999476952,1.067837598536947,7.5055375032456,7.5055375032456,1318.1652021901,157.57396505042803,40,2.068610972913
hs150,1.5,59,60,30.0,6.039397717261016e-11,17,1.5,7.5,False,False,evaporated_in_SOL,0.177,0.42041743365953,0.55213090931686,0.42041743365953,1.0575060515411778,6.5203641489913,6.5203641489913,1318.1652054376,162.1936558989485,41,2.0745375814141
hs150,1.5,60,60,30.0,6.039397717261016e-11,17,1.5,15.0,False,False,evaporated_in_SOL,0.19,0.38895731148349,0.58885947321515,0.38895731148349,1.053487957741059,8.4948879548755,8.4948879548755,1319.3477971486,172.88780387504602,41,2.0725564701259
hs150,1.5,61,80,40.0,1.4315609403877963e-10,16,1.0,-15.0,False,False,upper_or_side_wall,0.22999999999999998,0.23966751255621,0.96110739747748,0.23966751255621,1.1972931728154261,36.293245947126,36.293245947126,1028.0626593275,1.8519523883153395,55,2.6805173362407
hs150,1.5,62,80,40.0,1.4315609403877963e-10,16,1.0,-7.5,False,False,evaporated_in_SOL,0.19399999999999998,0.41785229919028,0.55976542752924,0.41785229919028,1.067144169390324,4.197888638216599,4.197888638216599,1319.3477923402,160.7247511488186,41,2.771119741813
hs150,1.5,63,80,40.0,1.4315609403877963e-10,16,1.0,0.0,False,False,evaporated_in_SOL,0.192,0.44759763031684,0.52056624048118,0.44759763031684,1.0648505716247834,9.3596421887308,9.3596421887308,1318.1652056924,158.83839391515576,40,2.845911473437
hs150,1.5,64,80,40.0,1.4315609403877963e-10,16,1.0,7.5,False,False,evaporated_in_SOL,0.20099999999999998,0.43123367732764,0.53601653765152,0.43123367732764,1.054130328634548,8.0567722621262,8.0567722621262,1318.1652066396,161.61304964940985,40,2.8081269679001
hs150,1.5,65,80,40.0,1.4315609403877963e-10,16,1.0,15.0,False,False,evaporated_in_SOL,0.211,0.41086965489213,0.56077071890487,0.41086965489213,1.0507935553504284,10.143059690554,10.143059690554,1362.7621160029,166.3385337960978,41,2.7699085348223
hs150,1.5,66,80,40.0,1.4315609403877963e-10,16,1.25,-15.0,False,False,upper_or_side_wall,0.209,0.25434041921169,0.95817962208881,0.25434041921169,1.1913966247854022,36.361621593863,36.361621593863,1027.6766822904,0.8358166220673261,55,2.7030417292136
hs150,1.5,67,80,40.0,1.4315609403877963e-10,16,1.25,-7.5,False,False,evaporated_in_SOL,0.178,0.41918854106302,0.55968717587267,0.41918854106302,1.0705142348257215,5.2041202292692,5.2041202292692,1264.7238891897,159.59499289413867,41,2.8937562949506
hs150,1.5,68,80,40.0,1.4315609403877963e-10,16,1.25,0.0,False,False,evaporated_in_SOL,0.177,0.44645294890717,0.51899848387319,0.44645294890717,1.0600306686143284,6.4518201443398,6.4518201443398,1318.1652062731,160.7487300815476,40,2.8553677889761
hs150,1.5,69,80,40.0,1.4315609403877963e-10,16,1.25,7.5,False,False,evaporated_in_SOL,0.187,0.42629275560646,0.53953088257318,0.42629275560646,1.0481779371077142,5.2247661136402,5.2247661136402,1360.5042338401,163.6867932149903,40,2.8086728816051
hs150,1.5,70,80,40.0,1.4315609403877963e-10,16,1.25,15.0,False,False,evaporated_in_SOL,0.19799999999999998,0.40303693011697,0.56934548126002,0.40303693011697,1.0480706532542778,9.9656751315498,9.9656751315498,1362.7622014693,169.01617754376397,41,2.808547701467
hs150,1.5,71,80,40.0,1.4315609403877963e-10,16,1.5,-15.0,False,False,upper_or_side_wall,0.19499999999999998,0.25189132231157,0.95883036631925,0.25189132231157,1.1842660278213877,36.016965097149004,36.016965097149004,1029.7844411348,0.8490154608009225,55,2.7030417316015
hs150,1.5,72,80,40.0,1.4315609403877963e-10,16,1.5,-7.5,False,False,evaporated_in_SOL,0.163,0.42410008076091,0.55399926195647,0.42410008076091,1.0712232653752098,5.419224882746301,5.419224882746301,1264.7238921483,158.06716159508883,41,2.9256858024269
hs150,1.5,73,80,40.0,1.4315609403877963e-10,16,1.5,0.0,False,False,evaporated_in_SOL,0.163,0.4487860189493,0.51657135164836,0.4487860189493,1.0610703825628547,8.0502204325607,8.0502204325607,1318.1652054376,160.7741427037345,40,2.8629229728856
hs150,1.5,74,80,40.0,1.4315609403877963e-10,16,1.5,7.5,False,False,evaporated_in_SOL,0.174,0.42368947911708,0.54219875381647,0.42368947911708,1.0465565848025074,5.2655195583946,5.2655195583946,1360.5042338401,164.42103395472964,40,2.8100080233419
hs150,1.5,75,80,40.0,1.4315609403877963e-10,16,1.5,15.0,False,False,evaporated_in_SOL,0.186,0.39628406105921,0.57695617129923,0.39628406105921,1.0451170901148341,10.326349379053001,10.326349379053001,1362.762202297,171.2938623868999,41,2.7957286024018
hs150,1.5,76,80,40.0,1.4315609403877963e-10,17,1.0,-15.0,False,False,evaporated_in_SOL,0.209,0.37052271743214,0.62121621892279,0.37052271743214,1.092953862908465,5.8828214152099,5.8828214152099,1202.5993530671,181.18190588498732,41,2.8952392550246
hs150,1.5,77,80,40.0,1.4315609403877963e-10,17,1.0,-7.5,False,False,evaporated_in_SOL,0.191,0.45332564894884,0.51333866176444,0.45332564894884,1.0652718112235968,6.3415131605693995,6.3415131605693995,1317.5132797805,159.93484189363545,40,2.8480179740342
hs150,1.5,78,80,40.0,1.4315609403877963e-10,17,1.0,0.0,False,False,evaporated_in_SOL,0.19799999999999998,0.4412640942831,0.52298174664597,0.4412640942831,1.0555748204545106,6.1149941565868,6.1149941565868,1318.1652066396,161.87721382472077,40,2.8020752461724
hs150,1.5,79,80,40.0,1.4315609403877963e-10,17,1.0,7.5,False,False,evaporated_in_SOL,0.207,0.42086512551231,0.54603908065035,0.42086512551231,1.0465453692336375,5.1381160673381,5.1381160673381,1360.5042338401,164.8248586277402,40,2.811025861237
hs150,1.5,80,80,40.0,1.4315609403877963e-10,17,1.0,15.0,False,False,evaporated_in_SOL,0.217,0.39973259926014,0.57251394517228,0.39973259926014,1.045310350157974,8.752696657775799,8.752696657775799,1362.7622012955,170.363959351452,41,2.8181573308677
hs150,1.5,81,80,40.0,1.4315609403877963e-10,17,1.25,-15.0,False,False,upper_or_side_wall,0.245,0.13883607424258,0.98537722010613,0.13883607424258,1.1607352809858444,23.314221672172,23.314221672172,1090.5169367655,1.8347798938699311,58,3.1068592086277
hs150,1.5,82,80,40.0,1.4315609403877963e-10,17,1.25,-7.5,False,False,evaporated_in_SOL,0.175,0.45372402621818,0.51158765646603,0.45372402621818,1.063289764867126,4.6786745333683,4.6786745333683,1317.5132797805,160.94723272063658,40,2.8489878165824
hs150,1.5,83,80,40.0,1.4315609403877963e-10,17,1.25,0.0,False,False,evaporated_in_SOL,0.182,0.44325099377686,0.52178953151619,0.44325099377686,1.057664385192581,8.4701656168442,8.4701656168442,1318.1652066397,161.1908267958422,40,2.8048957995071
hs150,1.5,84,80,40.0,1.4315609403877963e-10,17,1.25,7.5,False,False,evaporated_in_SOL,0.192,0.41910778786085,0.54940305841029,0.41910778786085,1.0483513783453013,8.1663818937071,8.1663818937071,1360.5042358416,164.66558265854243,40,2.7966040304088
hs150,1.5,85,80,40.0,1.4315609403877963e-10,17,1.25,15.0,False,False,evaporated_in_SOL,0.204,0.39027703219476,0.58227100746137,0.39027703219476,1.040149420198836,7.0022041831441,7.0022041831441,1362.7622012955,174.34397709167956,41,2.7960058987778
hs150,1.5,86,80,40.0,1.4315609403877963e-10,17,1.5,-15.0,False,False,upper_or_side_wall,0.211,0.21071367007157,0.96497746692862,0.21071367007157,1.164973725576302,27.698380575730997,27.698380575730997,1090.5169367569,5.697812108741477,56,3.2182601696128
hs150,1.5,87,80,40.0,1.4315609403877963e-10,17,1.5,-7.5,False,False,evaporated_in_SOL,0.16,0.45900114786232,0.50756397159376,0.45900114786232,1.067505085249377,8.071793602496099,8.071793602496099,1317.5132797805,160.473060752652,40,2.9767596516441
hs150,1.5,88,80,40.0,1.4315609403877963e-10,17,1.5,0.0,False,False,evaporated_in_SOL,0.16799999999999998,0.44393167921695,0.52093811432028,0.44393167921695,1.0577797924684333,9.451549668683901,9.451549668683901,1318.1652067935,161.26209512421232,40,2.8058223358958
hs150,1.5,89,80,40.0,1.4315609403877963e-10,17,1.5,7.5,False,False,evaporated_in_SOL,0.179,0.41480103219221,0.55311469976851,0.41480103219221,1.0448482862133806,6.0669168113586,6.0669168113586,1362.7621993243,166.6238782828729,41,2.7751361374183
hs150,1.5,90,80,40.0,1.4315609403877963e-10,17,1.5,15.0,False,False,evaporated_in_SOL,0.192,0.38171972807712,0.59106815777295,0.38171972807712,1.0368587147784547,4.6941544050221005,4.6941544050221005,1401.8765686559,178.77292871732,41,2.8225790676123
hs150,1.5,91,100,50.0,2.796017461694915e-10,16,1.0,-15.0,False,False,upper_or_side_wall,0.247,0.18299796580499,0.97825126398888,0.18299796580499,1.1871510245473136,43.713108802282,43.713108802282,1033.5150245243,0.14381792846921707,56,3.3788021634849
hs150,1.5,92,100,50.0,2.796017461694915e-10,16,1.0,-7.5,False,False,evaporated_in_SOL,0.191,0.43636574111003,0.53371333661898,0.43636574111003,1.0633454744951685,7.650634803225899,7.650634803225899,1318.1652054376,158.8538786517693,40,3.6925963350988
hs150,1.5,93,100,50.0,2.796017461694915e-10,16,1.0,0.0,False,False,evaporated_in_SOL,0.19399999999999998,0.44439699954086,0.51761358803025,0.44439699954086,1.053631650067579,8.895634973632001,8.895634973632001,1318.1652066396,163.19244876166525,40,3.596408146263
hs150,1.5,94,100,50.0,2.796017461694915e-10,16,1.0,7.5,False,False,evaporated_in_SOL,0.20299999999999999,0.42651580997412,0.53628186794662,0.42651580997412,1.0424985332916274,6.5311042143329,6.5311042143329,1360.5042338402,165.32205476504424,40,3.5545118200556
hs150,1.5,95,100,50.0,2.796017461694915e-10,16,1.0,15.0,False,False,evaporated_in_SOL,0.213,0.40494801984818,0.56220926360972,0.40494801984818,1.037547255093616,6.4566456005078,6.4566456005078,1399.4213468787,170.81448301085146,41,3.5409184940993
hs150,1.5,96,100,50.0,2.796017461694915e-10,16,1.25,-15.0,False,False,upper_or_side_wall,0.22699999999999998,0.19364759622242,0.97476106830239,0.19364759622242,1.1815942789980092,44.018218587863,44.018218587863,1033.0068631521,0.7238876947033748,56,3.3788021647358
hs150,1.5,97,100,50.0,2.796017461694915e-10,16,1.25,-7.5,False,False,evaporated_in_SOL,0.175,0.4374125201863,0.53254697554287,0.4374125201863,1.0640103486484294,7.2008511432221995,7.2008511432221995,1318.1652054376,158.73668484014397,40,3.706979729353
hs150,1.5,98,100,50.0,2.796017461694915e-10,16,1.25,0.0,False,False,evaporated_in_SOL,0.178,0.44736594929504,0.51522067540941,0.44736594929504,1.0560402229785166,11.952945022938,11.952945022938,1318.1652066396,162.73344467531464,40,3.6011045403142
hs150,1.5,99,100,50.0,2.796017461694915e-10,16,1.25,7.5,False,False,evaporated_in_SOL,0.188,0.42579239917784,0.5386686008144,0.42579239917784,1.045225778450484,11.063900677019001,11.063900677019001,1360.5042358417,164.5811422488379,40,3.514599484543
hs150,1.5,100,100,50.0,2.796017461694915e-10,16,1.25,15.0,False,False,evaporated_in_SOL,0.19899999999999998,0.40119939146473,0.56962143951611,0.40119939146473,1.043006513775969,15.077329413332999,15.077329413332999,1362.762202297,170.4879446820343,41,3.5713195657638
hs150,1.5,101,100,50.0,2.796017461694915e-10,16,1.5,-15.0,False,False,upper_or_side_wall,0.19799999999999998,0.24680457881028,0.95695482616427,0.24680457881028,1.173938530675882,43.547657698635,43.547657698635,1078.8575198634,3.99097742680896,55,4.0964897772017
hs150,1.5,102,100,50.0,2.796017461694915e-10,16,1.5,-7.5,False,False,evaporated_in_SOL,0.16,0.44289596262542,0.52702602806896,0.44289596262542,1.0661119129050747,9.356271902133601,9.356271902133601,1318.1652054376,157.99027874162505,40,3.9768166807971
hs150,1.5,103,100,50.0,2.796017461694915e-10,16,1.5,0.0,False,False,evaporated_in_SOL,0.16499999999999998,0.44454625277083,0.51489053292065,0.44454625277083,1.0497446016397205,7.1529364265176,7.1529364265176,1360.5042358416,164.97361195641287,40,3.6034003143324
hs150,1.5,104,100,50.0,2.796017461694915e-10,16,1.5,7.5,False,False,evaporated_in_SOL,0.175,0.42267052373991,0.54169169878436,0.42267052373991,1.0429424552214595,10.678342109786,10.678342109786,1360.5042358416,165.55330425493682,40,3.514640476617
hs150,1.5,105,100,50.0,2.796017461694915e-10,16,1.5,15.0,False,False,evaporated_in_SOL,0.187,0.39401865764242,0.57746875431922,0.39401865764242,1.0392758755530993,14.995207677712001,14.995207677712001,1362.762202297,173.07615535734155,41,3.5601668334518
hs150,1.5,106,100,50.0,2.796017461694915e-10,17,1.0,-15.0,False,False,evaporated_in_SOL,0.19599999999999998,0.42245301995466,0.55455745028488,0.42245301995466,1.068090817802377,5.964778329356499,5.964778329356499,1318.1652053685,159.23528830189898,41,3.9668027223612
hs150,1.5,107,100,50.0,2.796017461694915e-10,17,1.0,-7.5,False,False,evaporated_in_SOL,0.192,0.45458020087752,0.50774826374286,0.45458020087752,1.05889321380736,9.762223274650001,9.762223274650001,1317.5132797805,163.22574521941303,40,3.5980153195212
hs150,1.5,108,100,50.0,2.796017461694915e-10,17,1.0,0.0,False,False,evaporated_in_SOL,0.19899999999999998,0.4412474874218,0.52136447424949,0.4412474874218,1.0528264520348105,12.872667393307001,12.872667393307001,1318.1652072407,162.96387150172154,40,3.5340772876927
hs150,1.5,109,100,50.0,2.796017461694915e-10,17,1.0,7.5,False,False,evaporated_in_SOL,0.208,0.41970783390246,0.5457957947469,0.41970783390246,1.0430635600235543,10.480932559154,10.480932559154,1360.5042358416,165.9449557074627,40,3.5178580605414
hs150,1.5,110,100,50.0,2.796017461694915e-10,17,1.0,15.0,False,False,evaporated_in_SOL,0.218,0.39737339526588,0.57309285249641,0.39737339526588,1.0393386728347542,13.016233253384,13.016233253384,1362.7622017962,172.14835391270594,41,3.5770948229452
hs150,1.5,111,100,50.0,2.796017461694915e-10,17,1.25,-15.0,False,False,evaporated_in_SOL,0.191,0.37942095273724,0.61055393699985,0.37942095273724,1.087601516202539,7.2598148840331005,7.2598148840331005,1265.1434846788,174.90177116560514,41,4.0702081959639
hs150,1.5,112,100,50.0,2.796017461694915e-10,17,1.25,-7.5,False,False,evaporated_in_SOL,0.176,0.45491504576697,0.50577724928563,0.45491504576697,1.056827566060046,7.6671911722059,7.6671911722059,1317.5132797805,164.48831005294218,40,3.7413678753841
hs150,1.5,113,100,50.0,2.796017461694915e-10,17,1.25,0.0,False,False,evaporated_in_SOL,0.184,0.43820576238556,0.52173524521132,0.43820576238556,1.04702774903518,7.376199241615399,7.376199241615399,1360.5042358416,164.99899332117698,40,3.5317223120441
hs150,1.5,114,100,50.0,2.796017461694915e-10,17,1.25,7.5,False,False,evaporated_in_SOL,0.193,0.417342839547,0.5494236383724,0.417342839547,1.0437652241262185,13.074775466114,13.074775466114,1360.5042363475,166.19649679883634,41,3.5221677754243
hs150,1.5,115,100,50.0,2.796017461694915e-10,17,1.25,15.0,False,False,evaporated_in_SOL,0.205,0.387582031506,0.58311523420727,0.387582031506,1.0339975046473093,9.500151028282,9.500151028282,1399.4213477398,176.4424871818895,41,3.5579540510836
hs150,1.5,116,100,50.0,2.796017461694915e-10,17,1.5,-15.0,False,False,upper_or_side_wall,0.23099999999999998,0.14053275831249,0.98679203360467,0.14053275831249,1.144574609297117,31.094274003465998,31.094274003465998,1090.5169367093,0.28537344239711904,57,4.1328461981302
hs150,1.5,117,100,50.0,2.796017461694915e-10,17,1.5,-7.5,False,False,evaporated_in_SOL,0.162,0.45484502692869,0.50381410003207,0.45484502692869,1.0539621694955645,5.5371551709185,5.5371551709185,1317.5132797805,166.02203408297694,40,3.7426408994705
hs150,1.5,118,100,50.0,2.796017461694915e-10,17,1.5,0.0,False,False,evaporated_in_SOL,0.16999999999999998,0.43843850902953,0.52106033271328,0.43843850902953,1.0464996818028658,8.0783779821406,8.0783779821406,1360.5042358416,165.2678368610438,40,3.5642106069149
hs150,1.5,119,100,50.0,2.796017461694915e-10,17,1.5,7.5,False,False,evaporated_in_SOL,0.18,0.41276934604244,0.55330427216281,0.41276934604244,1.0399077873895712,10.506713599547,10.506713599547,1362.7622012955,168.3073050301855,41,3.5431514857345
hs150,1.5,120,100,50.0,2.796017461694915e-10,17,1.5,15.0,False,False,evaporated_in_SOL,0.193,0.37866886425965,0.59220347967515,0.37866886425965,1.0304033836485196,5.1720385958102,5.1720385958102,1440.6062970495,181.2193591910836,41,3.5758325866048
hs150,1.5,121,125,62.5,5.460971604872881e-10,16,1.0,-15.0,False,False,upper_or_side_wall,0.27199999999999996,0.098841156410822,0.98468250355203,0.098841156410822,1.160162847744942,42.30356206093499,42.30356206093499,1090.5169365161,2.529496447969959,59,4.9178573254882
hs150,1.5,122,125,62.5,5.460971604872881e-10,16,1.0,-7.5,False,False,evaporated_in_SOL,0.191,0.44161674062798,0.52081016786263,0.44161674062798,1.0527537975509582,8.1559152321722,8.1559152321722,1318.1652066396,163.0597933957572,40,4.6758377485855
hs150,1.5,123,125,62.5,5.460971604872881e-10,16,1.0,0.0,False,False,evaporated_in_SOL,0.19599999999999998,0.44066896667231,0.5162428386523,0.44066896667231,1.0438466873268941,7.638883286495401,7.638883286495401,1360.504236342,166.84620189112422,40,4.5066476321011
hs150,1.5,124,125,62.5,5.460971604872881e-10,16,1.0,7.5,False,False,evaporated_in_SOL,0.204,0.42596979909531,0.53517936654286,0.42596979909531,1.0391572824181825,14.486231688175,14.486231688175,1360.5042370926,166.39817672460626,40,4.4882013338442
hs150,1.5,125,125,62.5,5.460971604872881e-10,16,1.0,15.0,False,False,evaporated_in_SOL,0.214,0.40345418097191,0.56218861222644,0.40345418097191,1.0328624771351298,11.992169567539001,11.992169567539001,1399.4213477399,172.13004186832225,41,4.484211438668
hs150,1.5,126,125,62.5,5.460971604872881e-10,16,1.25,-15.0,False,False,upper_or_side_wall,0.22499999999999998,0.20742374745613,0.96997227814498,0.20742374745613,1.1695034081747262,51.589242762301,51.589242762301,1089.9284154037,1.7386399554903122,56,5.1609680552641
hs150,1.5,127,125,62.5,5.460971604872881e-10,16,1.25,-7.5,False,False,evaporated_in_SOL,0.175,0.44256086606001,0.51909352301913,0.44256086606001,1.0520991161773012,6.7292914087543,6.7292914087543,1360.5042080649,163.52014791736434,40,4.6768844934473
hs150,1.5,128,125,62.5,5.460971604872881e-10,16,1.25,0.0,False,False,evaporated_in_SOL,0.18,0.44329427513062,0.51386356043632,0.44329427513062,1.0456031093779028,11.852820500218,11.852820500218,1360.5042358416,166.58701622487905,40,4.5069356721978
hs150,1.5,129,125,62.5,5.460971604872881e-10,16,1.25,7.5,False,False,evaporated_in_SOL,0.19,0.41996869175905,0.5400781198725,0.41996869175905,1.0328648225225385,7.7063321270821,7.7063321270821,1396.5003946456,168.69935210369042,40,4.4322680635896
hs150,1.5,130,125,62.5,5.460971604872881e-10,16,1.25,15.0,False,False,evaporated_in_SOL,0.20099999999999998,0.39443610637394,0.57173597982712,0.39443610637394,1.0269719316817596,7.88977102643,7.88977102643,1438.2772080389,175.37655845036295,41,4.481273738907
hs150,1.5,131,125,62.5,5.460971604872881e-10,16,1.5,-15.0,False,False,upper_or_side_wall,0.20099999999999998,0.24063389983643,0.95635972617632,0.24063389983643,1.1652395151201937,52.406003089673995,52.406003089673995,1089.0910036955,6.180972296506433,55,5.2135100042754
hs150,1.5,132,125,62.5,5.460971604872881e-10,16,1.5,-7.5,False,False,evaporated_in_SOL,0.16,0.44827053950775,0.51385701200058,0.44827053950775,1.0557649512203335,10.985545364111001,10.985545364111001,1318.1652054376,163.0627136383951,40,4.9938178079399
hs150,1.5,133,125,62.5,5.460971604872881e-10,16,1.5,0.0,False,False,evaporated_in_SOL,0.16599999999999998,0.44459213491026,0.51227371760846,0.44459213491026,1.0458061095523747,14.08740854229,14.08740854229,1360.5042358416,166.77843714095812,40,4.5070320381146
hs150,1.5,134,125,62.5,5.460971604872881e-10,16,1.5,7.5,False,False,evaporated_in_SOL,0.176,0.42099231328215,0.54138860883741,0.42099231328215,1.0380120747497457,17.686017530591,17.686017530591,1396.4960320455,167.1354574473016,40,4.4648292429979
hs150,1.5,135,125,62.5,5.460971604872881e-10,16,1.5,15.0,False,False,evaporated_in_SOL,0.188,0.39144298866369,0.57801088126925,0.39144298866369,1.0325372207722987,19.979411193835,19.979411193835,1399.421348601,175.13597808829996,41,4.4805893786358
hs150,1.5,136,125,62.5,5.460971604872881e-10,17,1.0,-15.0,False,False,evaporated_in_SOL,0.193,0.43973843892302,0.52875844273951,0.43973843892302,1.0624395746321973,9.3910245026638,9.3910245026638,1318.1652066396,159.2899158382295,40,5.1091172174772
hs150,1.5,137,125,62.5,5.460971604872881e-10,17,1.0,-7.5,False,False,evaporated_in_SOL,0.19399999999999998,0.45102392016503,0.50517806505262,0.45102392016503,1.048254925590479,9.5396606562935,9.5396606562935,1358.3402573252,167.50939888453726,40,4.5587859017805
hs150,1.5,138,125,62.5,5.460971604872881e-10,17,1.0,0.0,False,False,evaporated_in_SOL,0.20099999999999998,0.43626769369101,0.5215077093994,0.43626769369101,1.0421199096203035,12.125164505858,12.125164505858,1360.5042368424,166.61393406459493,40,4.5066646252556
hs150,1.5,139,125,62.5,5.460971604872881e-10,17,1.0,7.5,False,False,evaporated_in_SOL,0.209,0.41794025407917,0.54566549921181,0.41794025407917,1.0382068287657247,17.276098937862002,17.276098937862002,1396.4996073669,167.5357115023808,40,4.4696983694299
hs150,1.5,140,125,62.5,5.460971604872881e-10,17,1.0,15.0,False,False,evaporated_in_SOL,0.219,0.39475594103164,0.57365279815923,0.39475594103164,1.032516788364613,17.395077724564,17.395077724564,1399.4213486009,174.1843749179333,41,4.4927720496042
hs150,1.5,141,125,62.5,5.460971604872881e-10,17,1.25,-15.0,False,False,evaporated_in_SOL,0.18,0.42552510830124,0.54860086161623,0.42552510830124,1.0636263262545622,7.089226987451401,7.089226987451401,1318.1652054376,159.50999384731492,40,5.1707200058665
hs150,1.5,142,125,62.5,5.460971604872881e-10,17,1.25,-7.5,False,False,evaporated_in_SOL,0.177,0.45564859353744,0.50107588240162,0.45564859353744,1.051735814759656,14.265001467449,14.265001467449,1358.340243434,167.59934373308545,40,4.6804284059422
hs150,1.5,143,125,62.5,5.460971604872881e-10,17,1.25,0.0,False,False,evaporated_in_SOL,0.185,0.43734062978804,0.52059847532027,0.43734062978804,1.0434496076696893,14.752180363449,14.752180363449,1360.5042362262,166.39812879764628,40,4.5062021797923
hs150,1.5,144,125,62.5,5.460971604872881e-10,17,1.25,7.5,False,False,evaporated_in_SOL,0.19499999999999998,0.41054282578648,0.55155944303635,0.41054282578648,1.0303389284411133,6.3053232969066,6.3053232969066,1438.2772079872,171.10119858884232,41,4.4730957675191
hs150,1.5,145,125,62.5,5.460971604872881e-10,17,1.25,15.0,False,False,evaporated_in_SOL,0.206,0.38463222777252,0.58398318614722,0.38463222777252,1.027119279112359,11.03546104012,11.03546104012,1438.2772087177,178.78481687908365,41,4.4798773292708
hs150,1.5,146,125,62.5,5.460971604872881e-10,17,1.5,-15.0,False,False,evaporated_in_SOL,0.16799999999999998,0.41584859265863,0.56375640176171,0.41584859265863,1.0703804139827977,8.0117436782895,8.0117436782895,1264.7238891897,160.5360970140907,41,5.171019380508
hs150,1.5,147,125,62.5,5.460971604872881e-10,17,1.5,-7.5,False,False,evaporated_in_SOL,0.163,0.45556788250978,0.49906550531859,0.45556788250978,1.04877608811384,10.466276652986,10.466276652986,1358.3402573252,169.2024492413693,40,4.6804723922966
hs150,1.5,148,125,62.5,5.460971604872881e-10,17,1.5,0.0,False,False,evaporated_in_SOL,0.17099999999999999,0.43719407909144,0.52014348782537,0.43719407909144,1.0424020236632405,15.227229426437,15.227229426437,1360.504237074,166.80798786255545,40,4.5332936764286
hs150,1.5,149,125,62.5,5.460971604872881e-10,17,1.5,7.5,False,False,evaporated_in_SOL,0.181,0.41034616581592,0.55355643998628,0.41034616581592,1.0340680951936279,14.724525789491999,14.724525789491999,1399.4213481704,170.3024492447252,41,4.4843926324824
hs150,1.5,150,125,62.5,5.460971604872881e-10,17,1.5,15.0,False,False,evaporated_in_SOL,0.193,0.38030283754019,0.59124142630972,0.38030283754019,1.03291824494437,21.087479565419,21.087479565419,1401.8765703779,180.0324397025337,41,4.4820304193606
hs150,1.5,151,150,75.0,9.436558933220338e-10,16,1.0,-15.0,False,False,upper_or_side_wall,0.283,0.067186278673688,0.98442868599397,0.067186278673688,1.140718748419617,44.552454999633,44.552454999633,1145.9240734824,2.7833140060299355,59,6.2026139228518
hs150,1.5,152,150,75.0,9.436558933220338e-10,16,1.0,-7.5,False,False,evaporated_in_SOL,0.191,0.44665675135295,0.5112388775605,0.44665675135295,1.048398925257958,13.391348338762,13.391348338762,1360.5042353413,166.0620175414611,40,5.6162357126522
hs150,1.5,153,150,75.0,9.436558933220338e-10,16,1.0,0.0,False,False,evaporated_in_SOL,0.19699999999999998,0.44027724260446,0.51408369353987,0.44027724260446,1.0397694152553383,13.829694923145,13.829694923145,1396.499882167,168.61060836958643,40,5.4084968906973
hs150,1.5,154,150,75.0,9.436558933220338e-10,16,1.0,7.5,False,False,evaporated_in_SOL,0.205,0.42422314168634,0.53486123228936,0.42422314168634,1.0341365513040428,19.543647359811,19.543647359811,1396.5003961531,168.01608070670773,40,5.457333084939
hs150,1.5,155,150,75.0,9.436558933220338e-10,16,1.0,15.0,False,False,evaporated_in_SOL,0.215,0.40100639790231,0.56265133110034,0.40100639790231,1.0262312892944785,13.357501001383,13.357501001383,1438.2772087614,174.04435146342837,41,5.3920916313912
hs150,1.5,156,150,75.0,9.436558933220338e-10,16,1.25,-15.0,False,False,upper_or_side_wall,0.239,0.15966023698584,0.98133563541767,0.15966023698584,1.1606344082708766,57.61241703065,57.61241703065,1090.5169085448,1.9385765690215833,57,6.25646546595
hs150,1.5,157,150,75.0,9.436558933220338e-10,16,1.25,-7.5,False,False,evaporated_in_SOL,0.175,0.44751249947797,0.50970288819282,0.44751249947797,1.047740443156612,11.904139195256,11.904139195256,1360.2303872822,166.5717330119311,40,5.993348733162
hs150,1.5,158,150,75.0,9.436558933220338e-10,16,1.25,0.0,False,False,evaporated_in_SOL,0.181,0.44237446761575,0.51217719157641,0.44237446761575,1.0411468185753452,18.373651672738003,18.373651672738003,1360.5042366911,168.4233324930953,40,5.4085107982194
hs150,1.5,159,150,75.0,9.436558933220338e-10,16,1.25,7.5,False,False,evaporated_in_SOL,0.191,0.41796190939758,0.54004146480346,0.41796190939758,1.0276018594163245,9.932973286539701,9.932973286539701,1435.263382994,170.4195683195615,40,5.4721676027321
hs150,1.5,160,150,75.0,9.436558933220338e-10,16,1.25,15.0,False,False,evaporated_in_SOL,0.20099999999999998,0.39620253709255,0.57049076198238,0.39620253709255,1.029515941486505,24.860454529883,24.860454529883,1437.4539917434,174.4323576342932,41,5.3918014293615
hs150,1.5,161,150,75.0,9.436558933220338e-10,16,1.5,-15.0,False,False,upper_or_side_wall,0.218,0.18030130841625,0.97600407995284,0.18030130841625,1.1565130009497389,58.957281438391,58.957281438391,1090.5169100998,3.0186678939261173,56,6.256555221044
hs150,1.5,162,150,75.0,9.436558933220338e-10,16,1.5,-7.5,False,False,evaporated_in_SOL,0.161,0.44801281311061,0.50779773992439,0.44801281311061,1.0457784841044755,9.0208885112667,9.0208885112667,1358.3402583235,167.61080834599161,40,5.9934209713769
hs150,1.5,163,150,75.0,9.436558933220338e-10,16,1.5,0.0,False,False,evaporated_in_SOL,0.16799999999999998,0.43872122570612,0.51320188131405,0.43872122570612,1.0352591001703517,9.3170920090288,9.3170920090288,1396.5003946456,170.34716120969807,40,5.4300119984111
hs150,1.5,164,150,75.0,9.436558933220338e-10,16,1.5,7.5,False,False,evaporated_in_SOL,0.177,0.41853026353896,0.54155799599215,0.41853026353896,1.0319505526257957,21.622989054766,21.622989054766,1396.5003961923,169.13881216770343,40,5.3887764259856
hs150,1.5,165,150,75.0,9.436558933220338e-10,16,1.5,15.0,False,False,evaporated_in_SOL,0.189,0.38835710857859,0.57879470125585,0.38835710857859,1.0249666888379032,20.713228591562,20.713228591562,1438.2772093734,177.56549504790925,41,5.3789197639044
hs150,1.5,166,150,75.0,9.436558933220338e-10,17,1.0,-15.0,False,False,evaporated_in_SOL,0.193,0.44346510000542,0.51816871887809,0.44346510000542,1.052557266669852,9.6675870469464,9.6675870469464,1318.1652060386,163.48866198331808,40,6.1335816139177
hs150,1.5,167,150,75.0,9.436558933220338e-10,17,1.0,-7.5,False,False,evaporated_in_SOL,0.19499999999999998,0.45062398888103,0.50245498019519,0.45062398888103,1.0437580292367838,15.136404847035,15.136404847035,1358.3402590759,169.81281191634102,40,5.5574776254726
hs150,1.5,168,150,75.0,9.436558933220338e-10,17,1.0,0.0,False,False,evaporated_in_SOL,0.20199999999999999,0.43464274282065,0.52089406774564,0.43464274282065,1.037135376811832,17.601333913226,17.601333913226,1396.5003959377,168.24752771162255,40,5.4675977828777
hs150,1.5,169,150,75.0,9.436558933220338e-10,17,1.0,7.5,False,False,evaporated_in_SOL,0.21,0.41546666176479,0.54592426073638,0.41546666176479,1.0322452522662016,21.020566632018003,21.020566632018003,1396.5003961565,169.54857728897483,40,5.3898777065435
hs150,1.5,170,150,75.0,9.436558933220338e-10,17,1.0,15.0,False,False,evaporated_in_SOL,0.22,0.39167544285676,0.57443580988711,0.39167544285676,1.0247809125955878,17.537419198610998,17.537419198610998,1438.2772092655,176.5453387375135,41,5.3780026221515
hs150,1.5,171,150,75.0,9.436558933220338e-10,17,1.25,-15.0,False,False,evaporated_in_SOL,0.178,0.4372748970118,0.52862236434895,0.4372748970118,1.0568687072231913,8.0705292325269,8.0705292325269,1318.1652062465,161.2842783935926,40,6.2052817055428
hs150,1.5,172,150,75.0,9.436558933220338e-10,17,1.25,-7.5,False,False,evaporated_in_SOL,0.179,0.45058237347592,0.50059977125311,0.45058237347592,1.0411548848620542,11.103162005868,11.103162005868,1358.3402585768,171.23849060178512,40,5.6166277811152
hs150,1.5,173,150,75.0,9.436558933220338e-10,17,1.25,0.0,False,False,evaporated_in_SOL,0.187,0.43085208837982,0.52238430343691,0.43085208837982,1.029939697639017,7.7388098153693,7.7388098153693,1435.2633822618,170.20299494374203,40,5.4680515447807
hs150,1.5,174,150,75.0,9.436558933220338e-10,17,1.25,7.5,False,False,evaporated_in_SOL,0.19499999999999998,0.41243556823542,0.54988865151436,0.41243556823542,1.0317776983959215,22.798629182503,22.798629182503,1399.4213483857,170.2591297576573,41,5.3905187505617
hs150,1.5,175,150,75.0,9.436558933220338e-10,17,1.25,15.0,False,False,evaporated_in_SOL,0.206,0.38573290745519,0.58322235431005,0.38573290745519,1.028527147353341,26.531703763229,26.531703763229,1438.2772084066,178.08568764956536,41,5.3788571782831
hs150,1.5,176,150,75.0,9.436558933220338e-10,17,1.5,-15.0,False,False,evaporated_in_SOL,0.16399999999999998,0.43655061152288,0.53263713229419,0.43655061152288,1.0619610642270585,10.074873904877,10.074873904877,1318.1652060386,159.3625462297893,40,6.2053018449373
hs150,1.5,177,150,75.0,9.436558933220338e-10,17,1.5,-7.5,False,False,evaporated_in_SOL,0.16399999999999998,0.45477635516401,0.49632886331203,0.45477635516401,1.0434365675383304,15.504813255929,15.504813255929,1358.3402590758,171.82575192538852,40,5.6166296281485
hs150,1.5,178,150,75.0,9.436558933220338e-10,17,1.5,0.0,False,False,evaporated_in_SOL,0.172,0.43499821374851,0.51984229319531,0.43499821374851,1.036465314064646,20.081707506502998,20.081707506502998,1396.5003961531,168.6626109959126,40,5.4810321484842
hs150,1.5,179,150,75.0,9.436558933220338e-10,17,1.5,7.5,False,False,evaporated_in_SOL,0.182,0.40731250341466,0.55416895388616,0.40731250341466,1.0273814465003823,14.794228068448,14.794228068448,1438.277208903,172.65597444853609,41,5.3920473399635
hs150,1.5,180,150,75.0,9.436558933220338e-10,17,1.5,15.0,False,False,evaporated_in_SOL,0.19399999999999998,0.37674302453797,0.59223050895699,0.37674302453797,1.0245032354261239,19.246157194198002,19.246157194198002,1440.606297786,183.0148168675156,41,5.3789914498603
hs150,1.5,181,200,100.0,2.236813969355932e-09,16,1.0,-15.0,False,False,evaporated_in_SOL,0.19899999999999998,0.40452504864463,0.56951479650862,0.40452504864463,1.0531051017620412,14.314860965311999,14.314860965311999,1319.3477977482,167.63336151868268,41,8.2737350284704
hs150,1.5,182,200,100.0,2.236813969355932e-09,16,1.0,-7.5,False,False,evaporated_in_SOL,0.193,0.4450696575682,0.50463965514319,0.4450696575682,1.035699356127366,13.716135697845,13.716135697845,1393.2834652497,171.92769227011863,40,7.9912835086092
hs150,1.5,183,200,100.0,2.236813969355932e-09,16,1.0,0.0,False,False,evaporated_in_SOL,0.19899999999999998,0.43693903756601,0.51254603238103,0.43693903756601,1.0304075026728134,18.999951056485997,18.999951056485997,1435.2633837262,172.09542274101744,40,7.298510883962
hs150,1.5,184,200,100.0,2.236813969355932e-09,16,1.0,7.5,False,False,evaporated_in_SOL,0.207,0.41917098380992,0.53549222080784,0.41917098380992,1.0221995105610213,20.589696104050002,20.589696104050002,1476.8524920511,171.85482317839214,40,7.3179367584172
hs150,1.5,185,200,100.0,2.236813969355932e-09,16,1.0,15.0,False,False,evaporated_in_SOL,0.216,0.39929416793122,0.56233333627163,0.39929416793122,1.0202419290192288,25.888239108525,25.888239108525,1478.927624156,175.69529086553536,41,7.1903169208609
hs150,1.5,186,200,100.0,2.236813969355932e-09,16,1.25,-15.0,False,False,evaporated_in_SOL,0.189,0.38015971974643,0.60302004225169,0.38015971974643,1.0666806006913285,15.125626323171,15.125626323171,1320.7553677168,176.29276463138174,41,8.3420837911103
hs150,1.5,187,200,100.0,2.236813969355932e-09,16,1.25,-7.5,False,False,evaporated_in_SOL,0.177,0.44553686845744,0.50333435056594,0.44553686845744,1.0348987950495316,10.913521374916,10.913521374916,1393.2834648185,172.564727862698,40,7.991283735909
hs150,1.5,188,200,100.0,2.236813969355932e-09,16,1.25,0.0,False,False,evaporated_in_SOL,0.183,0.43846722731916,0.51099849317922,0.43846722731916,1.031427127596995,24.941941272559,24.941941272559,1435.2633831123,172.0494059824824,40,7.304049852178
hs150,1.5,189,200,100.0,2.236813969355932e-09,16,1.25,7.5,False,False,evaporated_in_SOL,0.192,0.41680055783236,0.53891068828783,0.41680055783236,1.022457459237814,24.382411781334,24.382411781334,1476.8526283187,172.00332298210196,40,7.318425632797
hs150,1.5,190,200,100.0,2.236813969355932e-09,16,1.25,15.0,False,False,evaporated_in_SOL,0.20299999999999999,0.38962540632345,0.57237868275091,0.38962540632345,1.0135178109419118,13.511385269810999,13.511385269810999,1521.9830326196,179.31457776167196,41,7.2200966088365
hs150,1.5,191,200,100.0,2.236813969355932e-09,16,1.5,-15.0,False,False,upper_or_side_wall,0.27899999999999997,-0.017076616034104,0.98628081749055,-0.017076616034104,1.0990553775461436,20.603218988662,20.603218988662,1203.8301443099,0.9311825094500126,61,8.3420839268243
hs150,1.5,192,200,100.0,2.236813969355932e-09,16,1.5,-7.5,False,False,evaporated_in_SOL,0.162,0.45046882369637,0.49773108123292,0.45046882369637,1.0370364443464533,18.782099614206,18.782099614206,1393.2834661116,173.49083143959638,40,8.1781947491263
hs150,1.5,193,200,100.0,2.236813969355932e-09,16,1.5,0.0,False,False,evaporated_in_SOL,0.16899999999999998,0.43882424408074,0.51010313716653,0.43882424408074,1.030802215928565,26.639991161996,26.639991161996,1435.2633841722,172.41358704459995,40,7.3150589719566
hs150,1.5,194,200,100.0,2.236813969355932e-09,16,1.5,7.5,False,False,evaporated_in_SOL,0.179,0.4123786043718,0.54295659736382,0.4123786043718,1.018622517934758,15.061428524273001,15.061428524273001,1476.8526418993,173.7053734905157,40,7.190346904929
hs150,1.5,195,200,100.0,2.236813969355932e-09,16,1.5,15.0,False,False,evaporated_in_SOL,0.19,0.38576173175489,0.57913500728742,0.38576173175489,1.0177834031301498,30.437898087072,30.437898087072,1478.9276242899,179.7627666765714,41,7.2487914860343
hs150,1.5,196,200,100.0,2.236813969355932e-09,17,1.0,-15.0,False,False,evaporated_in_SOL,0.19399999999999998,0.44588992003651,0.50658256016534,0.44588992003651,1.0399051394895404,10.523849961031999,10.523849961031999,1358.3402585756,169.95088761851758,40,8.1781946865373
hs150,1.5,197,200,100.0,2.236813969355932e-09,17,1.0,-7.5,False,False,evaporated_in_SOL,0.19699999999999998,0.44749944187813,0.49996283672258,0.44749944187813,1.0342680418932269,23.479518333002,23.479518333002,1393.2834667866,173.74852024707752,40,7.5323570889205
hs150,1.5,198,200,100.0,2.236813969355932e-09,17,1.0,0.0,False,False,evaporated_in_SOL,0.204,0.42975424747332,0.52107648602654,0.42975424747332,1.0251573252815815,20.120026786326,20.120026786326,1435.2633839094,171.8808773501898,40,7.3163085501688
hs150,1.5,199,200,100.0,2.236813969355932e-09,17,1.0,7.5,False,False,evaporated_in_SOL,0.212,0.40938283780498,0.54741491886323,0.40938283780498,1.0191574233748317,13.274675037611,13.274675037611,1478.9276236027,174.12935451953157,41,7.1903596319499
hs150,1.5,200,200,100.0,2.236813969355932e-09,17,1.0,15.0,False,False,evaporated_in_SOL,0.221,0.38911127605834,0.57469660193348,0.38911127605834,1.017413275040067,26.37831015209,26.37831015209,1478.927624211,178.7068871320088,41,7.2037840501119
hs150,1.5,201,200,100.0,2.236813969355932e-09,17,1.25,-15.0,False,False,evaporated_in_SOL,0.177,0.44868944680873,0.50625807927564,0.44868944680873,1.0450646204149945,16.229655444773,16.229655444773,1358.3402583255,168.2781357126735,40,8.2737407501026
hs150,1.5,202,200,100.0,2.236813969355932e-09,17,1.25,-7.5,False,False,evaporated_in_SOL,0.181,0.44734017006991,0.49801102730704,0.44734017006991,1.0313483975096993,16.764094433904997,16.764094433904997,1431.4577180621,175.31945514904805,40,7.5229898939055
hs150,1.5,203,200,100.0,2.236813969355932e-09,17,1.25,0.0,False,False,evaporated_in_SOL,0.188,0.43013679806359,0.52046098832044,0.43013679806359,1.0252201477994973,22.683509250756,22.683509250756,1435.2633840927,171.97681371568405,40,7.3182841622384
hs150,1.5,204,200,100.0,2.236813969355932e-09,17,1.25,7.5,False,False,evaporated_in_SOL,0.19699999999999998,0.40591471644283,0.55154349411342,0.40591471644283,1.0179952539255452,13.076066628221,13.076066628221,1478.9276237547,175.15362767867256,41,7.212249411801
hs150,1.5,205,200,100.0,2.236813969355932e-09,17,1.25,15.0,False,False,evaporated_in_SOL,0.207,0.38279804027079,0.58371984801058,0.38279804027079,1.0207141386165295,36.293974634905,36.293974634905,1478.9276243999,180.57115917261586,41,7.225996941841
hs150,1.5,206,200,100.0,2.236813969355932e-09,17,1.5,-15.0,False,False,evaporated_in_SOL,0.163,0.44732945430978,0.50962782054191,0.44732945430978,1.0472539619186605,14.318556789186,14.318556789186,1360.1748206518,166.75253595145927,40,8.498045592922
hs150,1.5,207,200,100.0,2.236813969355932e-09,17,1.5,-7.5,False,False,evaporated_in_SOL,0.16599999999999998,0.45109903303833,0.49374635767454,0.45109903303833,1.0328290039258088,22.714191714728,22.714191714728,1393.2834667194,176.14907953877687,40,7.5411690070552
hs150,1.5,208,200,100.0,2.236813969355932e-09,17,1.5,0.0,False,False,evaporated_in_SOL,0.174,0.42928398193234,0.52040091204914,0.42928398193234,1.0229993210284225,20.709246736754,20.709246736754,1474.0973913654,172.67302398966805,40,7.3179843604724
hs150,1.5,209,200,100.0,2.236813969355932e-09,17,1.5,7.5,False,False,evaporated_in_SOL,0.183,0.40490521124977,0.5540662324231,0.40490521124977,1.0202111676359604,24.158443801156,24.158443801156,1478.9276241349,174.80972342518334,41,7.2265013239188
hs150,1.5,210,200,100.0,2.236813969355932e-09,17,1.5,15.0,False,False,evaporated_in_SOL,0.19499999999999998,0.37360177075311,0.59281607531741,0.37360177075311,1.015836609190162,24.301470319489,24.301470319489,1521.6665905424,185.76489852345938,41,7.2428036793457
hs150,1.5,211,250,125.0,4.368777283898306e-09,16,1.0,-15.0,False,False,evaporated_in_SOL,0.19499999999999998,0.42543674930809,0.53677841644089,0.42543674930809,1.0406745491383123,19.36180397768,19.36180397768,1360.504236217,165.932205660706,40,10.427604906143
hs150,1.5,212,250,125.0,4.368777283898306e-09,16,1.0,-7.5,False,False,evaporated_in_SOL,0.19399999999999998,0.4459866485312,0.4985794144113,0.4459866485312,1.029477451462653,24.247500916404,24.247500916404,1431.4579666154,175.7872471170498,40,9.9891057749446
hs150,1.5,213,250,125.0,4.368777283898306e-09,16,1.0,0.0,False,False,evaporated_in_SOL,0.19999999999999998,0.43607321936811,0.51065748874741,0.43607321936811,1.0254676726970289,33.238700942331,33.238700942331,1435.2633842286,174.01931091294495,40,9.1474327270443
hs150,1.5,214,250,125.0,4.368777283898306e-09,16,1.0,7.5,False,False,evaporated_in_SOL,0.208,0.41722460236579,0.53507072283949,0.41722460236579,1.0165032653741413,28.872764003196,28.872764003196,1476.8526423224,173.7134558338831,40,9.1483421550701
hs150,1.5,215,250,125.0,4.368777283898306e-09,16,1.0,15.0,False,False,evaporated_in_SOL,0.217,0.39673190978158,0.56257250428934,0.39673190978158,1.0127817031761082,30.476737251662,30.476737251662,1521.983032863,177.81829887089035,41,9.0713853368055
hs150,1.5,216,250,125.0,4.368777283898306e-09,16,1.25,-15.0,False,False,evaporated_in_SOL,0.182,0.41116281129647,0.55935603352224,0.41116281129647,1.04855987575177,13.379899873397,13.379899873397,1362.7622005337,166.76992534549174,41,10.561093549666
hs150,1.5,217,250,125.0,4.368777283898306e-09,16,1.25,-7.5,False,False,evaporated_in_SOL,0.178,0.44640854418327,0.49687505179465,0.44640854418327,1.028030554187824,19.173893392231,19.173893392231,1431.4579659724,176.78789200471599,40,9.9891057878744
hs150,1.5,218,250,125.0,4.368777283898306e-09,16,1.25,0.0,False,False,evaporated_in_SOL,0.185,0.43304103374112,0.5116757546476,0.43304103374112,1.0195534916359135,16.970558352961998,16.970558352961998,1476.8526415997,175.54915663755446,40,9.1477722030995
hs150,1.5,219,250,125.0,4.368777283898306e-09,16,1.25,7.5,False,False,evaporated_in_SOL,0.193,0.41450679720905,0.53877338134432,0.41450679720905,1.0162720161491905,31.913852808168997,31.913852808168997,1514.968935944,174.02477874019527,40,9.1483527619642
hs150,1.5,220,250,125.0,4.368777283898306e-09,16,1.25,15.0,False,False,evaporated_in_SOL,0.20299999999999999,0.39103298226635,0.57109631061537,0.39103298226635,1.0148589759905853,44.985460536588995,44.985460536588995,1478.9276244203,178.67347771141812,41,9.080633641499
hs150,1.5,221,250,125.0,4.368777283898306e-09,16,1.5,-15.0,False,False,evaporated_in_SOL,0.16999999999999998,0.401231077286,0.57584274205544,0.401231077286,1.0578838892963567,15.484427944165,15.484427944165,1319.3477974491,167.44506202685542,41,10.744861767696
hs150,1.5,222,250,125.0,4.368777283898306e-09,16,1.5,-7.5,False,False,evaporated_in_SOL,0.16399999999999998,0.44627338770187,0.495663239509,0.44627338770187,1.0261588571820501,13.082254306669,13.082254306669,1431.4579663687,177.79104988571626,40,10.222743542483
hs150,1.5,223,250,125.0,4.368777283898306e-09,16,1.5,0.0,False,False,evaporated_in_SOL,0.17099999999999999,0.43298788985019,0.5109749834333,0.43298788985019,1.0183918470692863,17.465882140401,17.465882140401,1476.8526417463,176.0616250154809,40,9.1478532478406
hs150,1.5,224,250,125.0,4.368777283898306e-09,16,1.5,7.5,False,False,evaporated_in_SOL,0.18,0.40986185668766,0.54293058631774,0.40986185668766,1.0120353861860103,15.279266208084,15.279266208084,1521.9830326194,175.90026619920457,40,9.0603193474392
hs150,1.5,225,250,125.0,4.368777283898306e-09,16,1.5,15.0,False,False,evaporated_in_SOL,0.191,0.38265567798824,0.57973921645642,0.38265567798824,1.0097109806648898,30.105410475229,30.105410475229,1521.9830328951,182.32478513278366,41,9.0834942087872
hs150,1.5,226,250,125.0,4.368777283898306e-09,17,1.0,-15.0,False,False,evaporated_in_SOL,0.19499999999999998,0.44700353659969,0.49887135183149,0.44700353659969,1.0318432781116924,14.727831643258,14.727831643258,1428.2834739773,174.8948391215992,40,10.22274354164
hs150,1.5,227,250,125.0,4.368777283898306e-09,17,1.0,-7.5,False,False,evaporated_in_SOL,0.19899999999999998,0.44276018964287,0.49973328220996,0.44276018964287,1.0247122915502787,22.698623399634,22.698623399634,1467.2703110314,177.09436764531785,40,9.4370764397828
hs150,1.5,228,250,125.0,4.368777283898306e-09,17,1.0,0.0,False,False,evaporated_in_SOL,0.205,0.42791849744239,0.52034466987414,0.42791849744239,1.0195023099035185,29.984040679164,29.984040679164,1476.8526422919,173.76548347364405,40,9.1482965808598
hs150,1.5,229,250,125.0,4.368777283898306e-09,17,1.0,7.5,False,False,evaporated_in_SOL,0.213,0.40689339503467,0.54739982527343,0.40689339503467,1.0126229953619714,13.280500425419,13.280500425419,1521.9830326194,176.31230743431516,41,9.0586568193076
hs150,1.5,230,250,125.0,4.368777283898306e-09,17,1.0,15.0,False,False,evaporated_in_SOL,0.222,0.38608166722194,0.57521718770508,0.38608166722194,1.0092112282071661,25.374385630922,25.374385630922,1521.9830328632,181.18028350443825,41,9.1406831418281
hs150,1.5,231,250,125.0,4.368777283898306e-09,17,1.25,-15.0,False,False,evaporated_in_SOL,0.178,0.44945928010968,0.49801857039256,0.44945928010968,1.0354687640637195,19.485766502430998,19.485766502430998,1393.2834654662,173.92706871060363,40,10.442597755679
hs150,1.5,232,250,125.0,4.368777283898306e-09,17,1.25,-7.5,False,False,evaporated_in_SOL,0.182,0.44665417269369,0.49518462295234,0.44665417269369,1.0262538332006776,29.710832426836,29.710832426836,1431.4579671484,177.90456981904248,40,9.4363340197252
hs150,1.5,233,250,125.0,4.368777283898306e-09,17,1.25,0.0,False,False,evaporated_in_SOL,0.189,0.42804817852014,0.51990536213176,0.42804817852014,1.0191927431558838,32.023522399731,32.023522399731,1476.8526423625,173.94280659056008,40,9.1483492846194
hs150,1.5,234,250,125.0,4.368777283898306e-09,17,1.25,7.5,False,False,evaporated_in_SOL,0.19699999999999998,0.40736731923685,0.54998206805887,0.40736731923685,1.0186611658233151,42.886302618717004,42.886302618717004,1478.9276243135,174.64305744990304,41,9.0771263155825
hs150,1.5,235,250,125.0,4.368777283898306e-09,17,1.25,15.0,False,False,evaporated_in_SOL,0.208,0.37954283211076,0.58436720628067,0.37954283211076,1.0123047463013575,36.032616967186996,36.032616967186996,1521.9830329415,183.30781036508057,41,9.1437614194371
hs150,1.5,236,250,125.0,4.368777283898306e-09,17,1.5,-15.0,False,False,evaporated_in_SOL,0.16399999999999998,0.44779586556044,0.50136039214002,0.44779586556044,1.036719216989655,14.050546120671,14.050546120671,1393.2834643904,172.5070477968408,40,10.699185255111
hs150,1.5,237,250,125.0,4.368777283898306e-09,17,1.5,-7.5,False,False,evaporated_in_SOL,0.16799999999999998,0.44586131387869,0.49354386153321,0.44586131387869,1.0226001334328256,18.746806100359,18.746806100359,1473.7791333891,179.6661123416771,40,9.4375891555392
hs150,1.5,238,250,125.0,4.368777283898306e-09,17,1.5,0.0,False,False,evaporated_in_SOL,0.175,0.42698111136239,0.51994031611549,0.42698111136239,1.0165766722122545,27.616011964010003,27.616011964010003,1476.8526422591,174.7479214532867,40,9.1483419505746
hs150,1.5,239,250,125.0,4.368777283898306e-09,17,1.5,7.5,False,False,evaporated_in_SOL,0.184,0.40189321572655,0.55438482930495,0.40189321572655,1.0115761118963755,24.371959616102,24.371959616102,1521.9830328076,177.28716818519274,41,9.0793878948418
hs150,1.5,240,250,125.0,4.368777283898306e-09,17,1.5,15.0,False,False,evaporated_in_SOL,0.19599999999999998,0.37015590478829,0.59354792582403,0.37015590478829,1.0057377317527478,18.025212271681,18.025212271681,1543.2083817075,188.7682824795896,41,9.1491366712025
hs150,1.5,241,300,150.0,7.54924714657627e-09,16,1.0,-15.0,False,False,evaporated_in_SOL,0.19399999999999998,0.43406625933254,0.52008337476531,0.43406625933254,1.0344933116340072,26.831904689833,26.831904689833,1396.500395564,169.21236922344403,40,12.513125911862
hs150,1.5,242,300,150.0,7.54924714657627e-09,16,1.0,-7.5,False,False,evaporated_in_SOL,0.19499999999999998,0.44556562675486,0.49495837662869,0.44556562675486,1.023864242657618,34.245974915502,34.245974915502,1473.409899261,178.78723124069538,40,11.986926949089
hs150,1.5,243,300,150.0,7.54924714657627e-09,16,1.0,0.0,False,False,evaporated_in_SOL,0.20099999999999998,0.43430028543966,0.50982393703459,0.43430028543966,1.0198999421202817,41.730705612752,41.730705612752,1476.8526423718,175.88206286774985,40,10.977986863139
hs150,1.5,244,300,150.0,7.54924714657627e-09,16,1.0,7.5,False,False,evaporated_in_SOL,0.209,0.41473165761733,0.53513477961413,0.41473165761733,1.0102017300896378,28.0505823761,28.0505823761,1522.3089930521,175.77138323967012,40,10.978028696207
hs150,1.5,245,300,150.0,7.54924714657627e-09,16,1.0,15.0,False,False,evaporated_in_SOL,0.218,0.39383514170194,0.56302562598519,0.39383514170194,1.0047261602403297,25.559580768155,25.559580768155,1544.2271265149,180.1296578049249,41,10.970472413592
hs150,1.5,246,300,150.0,7.54924714657627e-09,16,1.25,-15.0,False,False,evaporated_in_SOL,0.18,0.42372403198946,0.53698311359304,0.42372403198946,1.036654011706652,15.942037059687,15.942037059687,1396.5003950684,167.23743817154835,40,12.82134156048
hs150,1.5,247,300,150.0,7.54924714657627e-09,16,1.25,-7.5,False,False,evaporated_in_SOL,0.179,0.44588738209976,0.49310004429926,0.44588738209976,1.0221572685893248,25.796650824253,25.796650824253,1473.7791336002,179.98665046854921,40,11.986926949422
hs150,1.5,248,300,150.0,7.54924714657627e-09,16,1.25,0.0,False,False,evaporated_in_SOL,0.186,0.4311285758125,0.51083982298454,0.4311285758125,1.0136452282471469,20.113504804632,20.113504804632,1522.3089928352,177.52631874307707,40,10.97800325655
hs150,1.5,249,300,150.0,7.54924714657627e-09,16,1.25,7.5,False,False,evaporated_in_SOL,0.19399999999999998,0.41177181105892,0.53899813769355,0.41177181105892,1.0096276517910878,29.180835311357,29.180835311357,1531.1491886456,176.2428959141665,40,10.978029039593
hs150,1.5,250,300,150.0,7.54924714657627e-09,16,1.25,15.0,False,False,evaporated_in_SOL,0.204,0.38791134383333,0.5716827312496,0.38791134383333,1.0065306725361542,40.832747693466,40.832747693466,1544.2264077575,181.1557858675113,41,11.030273543947
hs150,1.5,251,300,150.0,7.54924714657627e-09,16,1.5,-15.0,False,False,evaporated_in_SOL,0.16599999999999998,0.42276970224528,0.5411729889408,0.42276970224528,1.0422076571961074,21.616430107233,21.616430107233,1360.5042360935,165.74703287136813,40,12.951379266422
hs150,1.5,252,300,150.0,7.54924714657627e-09,16,1.5,-7.5,False,False,evaporated_in_SOL,0.16499999999999998,0.44565533532988,0.49166193207062,0.44565533532988,1.0201215403123256,16.319587558475,16.319587558475,1473.7791329155,181.2330966228727,40,12.267292252166
hs150,1.5,253,300,150.0,7.54924714657627e-09,16,1.5,0.0,False,False,evaporated_in_SOL,0.172,0.4308084133842,0.51033936636115,0.4308084133842,1.0121319224002836,18.217739464188,18.217739464188,1522.3089928352,178.09969630193885,40,10.978006496723
hs150,1.5,254,300,150.0,7.54924714657627e-09,16,1.5,7.5,False,False,evaporated_in_SOL,0.18,0.41105236662799,0.541562509711,0.41105236662799,1.0125678220548164,46.044616939562,46.044616939562,1522.3089932292,175.5527045769624,40,10.974050767233
hs150,1.5,255,300,150.0,7.54924714657627e-09,16,1.5,15.0,False,False,evaporated_in_SOL,0.192,0.37935657929846,0.58043315459385,0.37935657929846,1.001278597684108,20.266968049176,20.266968049176,1569.0322051351,185.04520520641046,41,11.073524603227
hs150,1.5,256,300,150.0,7.54924714657627e-09,17,1.0,-15.0,False,False,evaporated_in_SOL,0.19599999999999998,0.44695019174449,0.49355235711986,0.44695019174449,1.024687716138717,17.433668571773,17.433668571773,1431.4579668518,178.95362998715413,40,12.267292252145
hs150,1.5,257,300,150.0,7.54924714657627e-09,17,1.0,-7.5,False,False,evaporated_in_SOL,0.19999999999999998,0.44124517807308,0.49824128173974,0.44124517807308,1.0198247058588283,29.645256009946003,29.645256009946003,1473.7791339899,179.21816006644326,40,11.325478289235
hs150,1.5,258,300,150.0,7.54924714657627e-09,17,1.0,0.0,False,False,evaporated_in_SOL,0.206,0.42549289326886,0.52018369959509,0.42549289326886,1.0132053274479818,33.443014429533,33.443014429533,1522.3089930506,175.7537248429405,40,10.978026974936
hs150,1.5,259,300,150.0,7.54924714657627e-09,17,1.0,7.5,False,False,evaporated_in_SOL,0.213,0.40803974334785,0.54604075047981,0.40803974334785,1.0130897561465393,43.326665418551,43.326665418551,1521.9830328937,175.97103386772216,41,10.949727677726
hs150,1.5,260,300,150.0,7.54924714657627e-09,17,1.0,15.0,False,False,evaporated_in_SOL,0.223,0.38288580249579,0.575825939312,0.38288580249579,1.0006990630442802,15.575121964300001,15.575121964300001,1544.2271264911,183.7831370669868,41,11.156806197336
hs150,1.5,261,300,150.0,7.54924714657627e-09,17,1.25,-15.0,False,False,evaporated_in_SOL,0.179,0.44928320922773,0.49233509619281,0.44928320922773,1.0277574654997004,21.616567268477002,21.616567268477002,1431.4579657169,178.39200938258398,40,12.540879943707
hs150,1.5,262,300,150.0,7.54924714657627e-09,17,1.25,-7.5,False,False,evaporated_in_SOL,0.183,0.44497924877434,0.49377016881984,0.44497924877434,1.0211707358943345,39.163380668158,39.163380668158,1473.7791343609,180.06947296209617,40,11.325436680698
hs150,1.5,263,300,150.0,7.54924714657627e-09,17,1.25,0.0,False,False,evaporated_in_SOL,0.19,0.42544034576041,0.51983288049487,0.42544034576041,1.0125730287271937,34.374793650076,34.374793650076,1522.3089930814,176.01422118118933,40,11.008721875873
hs150,1.5,264,300,150.0,7.54924714657627e-09,17,1.25,7.5,False,False,evaporated_in_SOL,0.19799999999999998,0.4042804219987,0.55039016843747,0.4042804219987,1.0105195220181746,40.48478216171,40.48478216171,1521.9830329089,177.1424594467797,41,11.050146712201
hs150,1.5,265,300,150.0,7.54924714657627e-09,17,1.25,15.0,False,False,evaporated_in_SOL,0.209,0.37616697968339,0.58506517605844,0.37616697968339,1.0036579002732458,26.319580267254,26.319580267254,1543.2083817548,186.15578761065365,41,11.160865026714
hs150,1.5,266,300,150.0,7.54924714657627e-09,17,1.5,-15.0,False,False,evaporated_in_SOL,0.16399999999999998,0.45223136885064,0.49003554008259,0.45223136885064,1.0306919604941036,28.190882752984002,28.190882752984002,1431.4579662249,178.33266324748942,40,12.843076344054
hs150,1.5,267,300,150.0,7.54924714657627e-09,17,1.5,-7.5,False,False,evaporated_in_SOL,0.16899999999999998,0.44412673891891,0.49193680848908,0.44412673891891,1.01752776647315,25.097213522270003,25.097213522270003,1473.7791337543,182.01509311892616,40,11.325504381781
hs150,1.5,268,300,150.0,7.54924714657627e-09,17,1.5,0.0,False,False,evaporated_in_SOL,0.176,0.42419886710805,0.51993227546978,0.42419886710805,1.0096126565190564,25.920875531787,25.920875531787,1522.3089930198,176.92194879989987,40,11.021040631147
hs150,1.5,269,300,150.0,7.54924714657627e-09,17,1.5,7.5,False,False,evaporated_in_SOL,0.185,0.39865185064441,0.55486136362487,0.39865185064441,1.0025595809076262,15.799667880535,15.799667880535,1544.2271264911,179.88830384499528,41,11.037139183989
hs150,1.5,270,300,150.0,7.54924714657627e-09,17,1.5,15.0,False,False,evaporated_in_SOL,0.19599999999999998,0.37081826686871,0.59289127603334,0.37081826686871,1.006158381131414,46.453874835987996,46.453874835987996,1543.2083812422,188.36110750140588,41,11.166196589674
hs200,2.0,1,40,20.0,1.7894511754847454e-11,16,1.0,-15.0,False,False,upper_or_side_wall,0.213,0.28266969114142,0.94791648380998,0.28266969114142,1.2272364485632699,18.428341333979,18.428341333979,974.91401542182,3.323530962537168,54,0.99330109282467
hs200,2.0,2,40,20.0,1.7894511754847454e-11,16,1.0,-7.5,False,False,upper_or_side_wall,0.238,0.20157950615709,0.9684100817549,0.20157950615709,1.2220173095360665,16.58702775063,16.58702775063,994.28907946325,4.776523242140194,56,1.001600581943
hs200,2.0,3,40,20.0,1.7894511754847454e-11,16,1.0,0.0,False,False,evaporated_in_SOL,0.188,0.4418289784487,0.54908165088992,0.4418289784487,1.105532425962205,3.8310563379991,3.8310563379991,1227.6378845203,145.46215399434,40,1.204408117149
hs200,2.0,4,40,20.0,1.7894511754847454e-11,16,1.0,7.5,False,False,evaporated_in_SOL,0.19399999999999998,0.44303336227772,0.54215318610474,0.44303336227772,1.0944366242901682,4.747894337781901,4.747894337781901,1227.6378919943,148.45774768903598,40,1.2801335320903
hs200,2.0,5,40,20.0,1.7894511754847454e-11,16,1.0,15.0,False,False,evaporated_in_SOL,0.205,0.42271534942249,0.56115074995641,0.42271534942249,1.08301059574802,3.8357203018167,3.8357203018167,1291.037698519,155.8014299243232,41,1.3116616775892
hs200,2.0,6,40,20.0,1.7894511754847454e-11,16,1.25,-15.0,False,False,upper_or_side_wall,0.19499999999999998,0.28961021988917,0.94378896529553,0.28961021988917,1.2182057831030184,18.296270479211003,18.296270479211003,976.36104608775,5.489836157821408,54,0.9932893407178
hs200,2.0,7,40,20.0,1.7894511754847454e-11,16,1.25,-7.5,False,False,upper_or_side_wall,0.222,0.19864244802885,0.97356835935351,0.19864244802885,1.2166246857188006,16.532006416724002,16.532006416724002,994.28950138285,0.5671975695867028,56,1.0002704917792
hs200,2.0,8,40,20.0,1.7894511754847454e-11,16,1.25,0.0,False,False,evaporated_in_SOL,0.172,0.44658715592552,0.5417384118775,0.44658715592552,1.101393918079559,3.4174454270061,3.4174454270061,1227.637914418,145.85990541328263,40,1.2278803043373
hs200,2.0,9,40,20.0,1.7894511754847454e-11,16,1.25,7.5,False,False,evaporated_in_SOL,0.18,0.4408941900484,0.54267799407404,0.4408941900484,1.0907870284572752,4.449632119183,4.449632119183,1291.0692600007,149.88037305047374,40,1.3017223929066
hs200,2.0,10,40,20.0,1.7894511754847454e-11,16,1.25,15.0,False,False,evaporated_in_SOL,0.192,0.41711559075416,0.56853134338909,0.41711559075416,1.0851068101468837,5.5833423883198,5.5833423883198,1291.0376862157,157.1080136682422,41,1.3222055873591
hs200,2.0,11,40,20.0,1.7894511754847454e-11,16,1.5,-15.0,False,False,upper_or_side_wall,0.183,0.28223682955249,0.94645523032104,0.28223682955249,1.2090173155469992,18.081174869745,18.081174869745,984.60018595208,4.847143244909142,54,0.99318273032342
hs200,2.0,12,40,20.0,1.7894511754847454e-11,16,1.5,-7.5,False,False,upper_or_side_wall,0.206,0.20122000338618,0.97132760617177,0.20122000338618,1.2073936531190088,14.887455204151,14.887455204151,1050.4551631588,2.0549056098156786,56,1.1590672650993
hs200,2.0,13,40,20.0,1.7894511754847454e-11,16,1.5,0.0,False,False,evaporated_in_SOL,0.158,0.45046727544162,0.53499349707694,0.45046727544162,1.0964794850450716,2.9739752717531,2.9739752717531,1227.637914418,147.05870360993234,40,1.2263851296571
hs200,2.0,14,40,20.0,1.7894511754847454e-11,16,1.5,7.5,False,False,evaporated_in_SOL,0.16699999999999998,0.44059947328993,0.54364400575404,0.44059947328993,1.0920504886423603,5.6079526438845,5.6079526438845,1227.6378919943,149.55969916627896,40,1.3096846946123
hs200,2.0,15,40,20.0,1.7894511754847454e-11,16,1.5,15.0,False,False,evaporated_in_SOL,0.181,0.4080468885347,0.57484809506359,0.4080468885347,1.0759624691785394,3.2871255113056996,3.2871255113056996,1291.037698519,161.96330478432066,41,1.3300010758245
hs200,2.0,16,40,20.0,1.7894511754847454e-11,17,1.0,-15.0,False,False,upper_or_side_wall,0.23399999999999999,0.22691054033521,0.96521694062033,0.22691054033521,1.2125033480662841,16.835831328026,16.835831328026,994.17067280989,1.2259019680559367,55,0.99557959400356
hs200,2.0,17,40,20.0,1.7894511754847454e-11,17,1.0,-7.5,False,False,evaporated_in_SOL,0.19,0.43502534930813,0.55802146777413,0.43502534930813,1.1087974390204782,2.3283918957808,2.3283918957808,1227.6378546265,146.567077649708,40,1.2309147671849
hs200,2.0,18,40,20.0,1.7894511754847454e-11,17,1.0,0.0,False,False,evaporated_in_SOL,0.191,0.45315230822533,0.53033196858932,0.45315230822533,1.0938349281129272,3.5225224298905,3.5225224298905,1227.637914418,148.11808831404912,40,1.2609661646818
hs200,2.0,19,40,20.0,1.7894511754847454e-11,17,1.0,7.5,False,False,evaporated_in_SOL,0.19999999999999998,0.43781273748386,0.54602767029163,0.43781273748386,1.0906103617574356,5.0347975481533,5.0347975481533,1291.0692675168,150.49894647096897,40,1.2969894723975
hs200,2.0,20,40,20.0,1.7894511754847454e-11,17,1.0,15.0,False,False,evaporated_in_SOL,0.212,0.41202255978133,0.56985524522291,0.41202255978133,1.0746872008942598,2.628521150355,2.628521150355,1291.037698519,160.91553576736786,41,1.3162943246626
hs200,2.0,21,40,20.0,1.7894511754847454e-11,17,1.25,-15.0,False,False,upper_or_side_wall,0.20199999999999999,0.28351930152691,0.94483058241628,0.28351930152691,1.206725704542987,16.750993905130997,16.750993905130997,1037.8960836919,6.079327886857583,54,1.2979717232049
hs200,2.0,22,40,20.0,1.7894511754847454e-11,17,1.25,-7.5,False,False,evaporated_in_SOL,0.173,0.44098533947429,0.55499146110057,0.44098533947429,1.116498082568288,4.030285854523,4.030285854523,1225.15857003,142.97431634721957,40,1.2328896083713
hs200,2.0,23,40,20.0,1.7894511754847454e-11,17,1.25,0.0,False,False,evaporated_in_SOL,0.176,0.45221809576147,0.52780427481959,0.45221809576147,1.0872725308378643,2.062462160836,2.062462160836,1291.0693041321,150.51579870422657,40,1.2660296892012
hs200,2.0,24,40,20.0,1.7894511754847454e-11,17,1.25,7.5,False,False,evaporated_in_SOL,0.186,0.43350403795345,0.54891987012664,0.43350403795345,1.085135155960529,3.9259003252635,3.9259003252635,1291.069255193,152.5343410872084,40,1.3103744272189
hs200,2.0,25,40,20.0,1.7894511754847454e-11,17,1.25,15.0,False,False,evaporated_in_SOL,0.19899999999999998,0.40459178578137,0.57894857568494,0.40459178578137,1.075947436878055,3.6816262020912,3.6816262020912,1291.037698519,163.01353104469706,41,1.3162455560436
hs200,2.0,26,40,20.0,1.7894511754847454e-11,17,1.5,-15.0,False,False,upper_or_side_wall,0.178,0.31688838107078,0.93746099128155,0.31688838107078,1.2010439285328764,16.55553855045,16.55553855045,1037.8904399113,4.4548759604452,53,1.3260286018848
hs200,2.0,27,40,20.0,1.7894511754847454e-11,17,1.5,-7.5,False,False,evaporated_in_SOL,0.158,0.44663194606211,0.54881708941258,0.44663194606211,1.115669961572774,4.0410732906511,4.0410732906511,1226.206447623,141.64904294258426,40,1.3012419734794
hs200,2.0,28,40,20.0,1.7894511754847454e-11,17,1.5,0.0,False,False,evaporated_in_SOL,0.162,0.45491537190577,0.52613296050193,0.45491537190577,1.0899563558862566,3.3345876713959997,3.3345876713959997,1291.0692551085,149.7031819831791,40,1.2951584476156
hs200,2.0,29,40,20.0,1.7894511754847454e-11,17,1.5,7.5,False,False,evaporated_in_SOL,0.173,0.43120463043941,0.55164798941573,0.43120463043941,1.0848035551016233,4.5244176651243,4.5244176651243,1291.0692675334,153.07105309642833,40,1.3083079850571
hs200,2.0,30,40,20.0,1.7894511754847454e-11,17,1.5,15.0,False,False,evaporated_in_SOL,0.187,0.39780320793188,0.58700711436977,0.39780320793188,1.0760836421096827,4.5897023987507,4.5897023987507,1291.0376862157,165.52669171316387,41,1.3418005260715
hs200,2.0,31,60,30.0,6.039397717261016e-11,16,1.0,-15.0,False,False,upper_or_side_wall,0.241,0.1935712623211,0.97211999460096,0.1935712623211,1.2098786103609496,26.668278960464,26.668278960464,992.59652102907,3.2928128504131715,56,1.492092834869
hs200,2.0,32,60,30.0,6.039397717261016e-11,16,1.0,-7.5,False,False,evaporated_in_SOL,0.215,0.33327602813955,0.66248849642779,0.33327602813955,1.1235499508550324,3.1552822962088,3.1552822962088,1165.573031695,215.10897186045003,42,1.9554879499958
hs200,2.0,33,60,30.0,6.039397717261016e-11,16,1.0,0.0,False,False,evaporated_in_SOL,0.189,0.45109896320545,0.52690286804216,0.45109896320545,1.0832730995305364,4.2326131073373,4.2326131073373,1291.0692552006,151.94943639416047,40,2.0092438635234
hs200,2.0,34,60,30.0,6.039397717261016e-11,16,1.0,7.5,False,False,evaporated_in_SOL,0.19699999999999998,0.44115732083535,0.53658783995469,0.44115732083535,1.0793084402187099,6.679557223892799,6.679557223892799,1291.0692675334,153.30204163660176,40,2.0287127387929
hs200,2.0,35,60,30.0,6.039397717261016e-11,16,1.0,15.0,False,False,evaporated_in_SOL,0.208,0.41834657437866,0.56000112156297,0.41834657437866,1.0689589327592357,6.2236011463395995,6.2236011463395995,1291.0376892914,160.17822921020687,41,2.0342952363978
hs200,2.0,36,60,30.0,6.039397717261016e-11,16,1.25,-15.0,False,False,upper_or_side_wall,0.19599999999999998,0.29367705209949,0.94641960404338,0.29367705209949,1.2017292741985175,26.566974612291002,26.566974612291002,1031.2385080598,1.886158615530176,54,2.0265696440047
hs200,2.0,37,60,30.0,6.039397717261016e-11,16,1.25,-7.5,False,False,upper_or_side_wall,0.265,0.037637507194764,0.98591657878201,0.037637507194764,1.1632865827664503,9.0937710602556,9.0937710602556,1109.9732437605,1.2954212179899782,60,1.9868783530704
hs200,2.0,38,60,30.0,6.039397717261016e-11,16,1.25,0.0,False,False,evaporated_in_SOL,0.173,0.45522027414803,0.52327130756742,0.45522027414803,1.0853866958482696,5.869997080963,5.869997080963,1291.0692675334,151.48733105923583,40,2.0175472997156
hs200,2.0,39,60,30.0,6.039397717261016e-11,16,1.25,7.5,False,False,evaporated_in_SOL,0.183,0.43758871886906,0.53892508697588,0.43758871886906,1.0761638754862815,5.997112280762001,5.997112280762001,1291.0692675334,154.75798656125806,40,2.0275689470807
hs200,2.0,40,60,30.0,6.039397717261016e-11,16,1.25,15.0,False,False,evaporated_in_SOL,0.19499999999999998,0.41144301965621,0.5681193120703,0.41144301965621,1.0689993758712484,7.6226725375784,7.6226725375784,1291.0376892914,162.26574820097915,41,2.0431207642813
hs200,2.0,41,60,30.0,6.039397717261016e-11,16,1.5,-15.0,False,False,upper_or_side_wall,0.177,0.31064470258062,0.93654443525997,0.31064470258062,1.1948611161926208,26.265064860561,26.265064860561,1032.9550655466,6.974226046500722,53,2.0272720186339
hs200,2.0,42,60,30.0,6.039397717261016e-11,16,1.5,-7.5,False,False,upper_or_side_wall,0.244,0.057874567295333,0.98204889141796,0.057874567295333,1.1618383128620633,9.1668479378122,9.1668479378122,1109.9732437609,5.163108582039944,60,2.0033625900869
hs200,2.0,43,60,30.0,6.039397717261016e-11,16,1.5,0.0,False,False,evaporated_in_SOL,0.159,0.45831094815901,0.5200635491528,0.45831094815901,1.0863680816129506,6.9677278252908,6.9677278252908,1291.0692675334,151.62181072035833,40,2.0504992739481
hs200,2.0,44,60,30.0,6.039397717261016e-11,16,1.5,7.5,False,False,evaporated_in_SOL,0.16999999999999998,0.43599495224643,0.54103869535922,0.43599495224643,1.07622165275106,7.1691166914749,7.1691166914749,1291.0692675334,154.82408606514107,40,2.0350125786813
hs200,2.0,45,60,30.0,6.039397717261016e-11,16,1.5,15.0,False,False,evaporated_in_SOL,0.183,0.40546556170142,0.57541263281146,0.40546556170142,1.070051821538121,9.141699259919001,9.141699259919001,1291.0376892914,163.9448353388565,41,2.0490373459986
hs200,2.0,46,60,30.0,6.039397717261016e-11,17,1.0,-15.0,False,False,upper_or_side_wall,0.239,0.21941915031497,0.96207103131936,0.21941915031497,1.1881790781250916,21.799166083302,21.799166083302,1051.3523121645,6.22351901848752,55,2.0018041744575
hs200,2.0,47,60,30.0,6.039397717261016e-11,17,1.0,-7.5,False,False,evaporated_in_SOL,0.188,0.45669975875993,0.52189678808785,0.45669975875993,1.0859782528680997,3.1772934046808,3.1772934046808,1291.069255193,151.4203286016071,40,2.0103977338896
hs200,2.0,48,60,30.0,6.039397717261016e-11,17,1.0,0.0,False,False,evaporated_in_SOL,0.19399999999999998,0.4512357391572,0.52392180837295,0.4512357391572,1.0781919945070069,4.5480452542653005,4.5480452542653005,1291.0692675334,153.8897005313601,40,2.0102599840846
hs200,2.0,49,60,30.0,6.039397717261016e-11,17,1.0,7.5,False,False,evaporated_in_SOL,0.20299999999999999,0.43293299784189,0.54463248124805,0.43293299784189,1.0752878503605356,7.0563882510045,7.0563882510045,1291.0692675334,155.33412387175125,40,2.0155448128692
hs200,2.0,50,60,30.0,6.039397717261016e-11,17,1.0,15.0,False,False,evaporated_in_SOL,0.214,0.408963915799,0.57094981405232,0.408963915799,1.0691324532319961,8.000836428673699,8.000836428673699,1291.0376892914,163.0565959494765,41,2.0566990550332
hs200,2.0,51,60,30.0,6.039397717261016e-11,17,1.25,-15.0,False,False,upper_or_side_wall,0.216,0.24148863218797,0.9593215501025,0.24148863218797,1.1874799515952523,22.957405491886,22.957405491886,1050.4551427464,3.098680074125374,55,2.0099693221373
hs200,2.0,52,60,30.0,6.039397717261016e-11,17,1.25,-7.5,False,False,evaporated_in_SOL,0.17099999999999999,0.46232851812923,0.51898288027269,0.46232851812923,1.0929498926018948,6.0548957384568,6.0548957384568,1229.0491245535,149.68531606183294,40,2.031849036545
hs200,2.0,53,60,30.0,6.039397717261016e-11,17,1.25,0.0,False,False,evaporated_in_SOL,0.178,0.45379258093295,0.5227735394463,0.45379258093295,1.0814854851102316,6.778744245654001,6.778744245654001,1291.0692675334,152.8522566183573,40,2.0166434258594
hs200,2.0,54,60,30.0,6.039397717261016e-11,17,1.25,7.5,False,False,evaporated_in_SOL,0.189,0.42755684624075,0.54826871456913,0.42755684624075,1.0683041048172472,5.3857818319415,5.3857818319415,1346.8511507745,157.9383141655248,40,2.0288974429182
hs200,2.0,55,60,30.0,6.039397717261016e-11,17,1.25,15.0,False,False,evaporated_in_SOL,0.20099999999999998,0.40045179718191,0.58011282887064,0.40045179718191,1.0661233427098191,7.983537707137801,7.983537707137801,1348.0871432017,166.1436171179852,41,2.055060525055
hs200,2.0,56,60,30.0,6.039397717261016e-11,17,1.5,-15.0,False,False,upper_or_side_wall,0.19899999999999998,0.24897911419385,0.95554571037843,0.24897911419385,1.1828848255755011,23.106393215585,23.106393215585,1050.4550091326,4.781581889593317,55,2.0103688610004
hs200,2.0,57,60,30.0,6.039397717261016e-11,17,1.5,-7.5,False,False,evaporated_in_SOL,0.157,0.4637109163866,0.51571127218643,0.4637109163866,1.0903983291529744,4.7977964478884,4.7977964478884,1291.6699948672,151.22062874799886,40,2.0413754349639
hs200,2.0,58,60,30.0,6.039397717261016e-11,17,1.5,0.0,False,False,evaporated_in_SOL,0.16499999999999998,0.45087240443682,0.52174763102761,0.45087240443682,1.0735429000746546,3.8401088851660994,3.8401088851660994,1291.0692644482,155.6579301361205,40,2.0180154711674
hs200,2.0,59,60,30.0,6.039397717261016e-11,17,1.5,7.5,False,False,evaporated_in_SOL,0.176,0.42420862436865,0.55142065959715,0.42420862436865,1.0659343354418844,4.9251032090278,4.9251032090278,1346.8515430445,159.23200057104404,40,2.0486421888717
hs200,2.0,60,60,30.0,6.039397717261016e-11,17,1.5,15.0,False,False,evaporated_in_SOL,0.189,0.39285730734764,0.58825830405637,0.39285730734764,1.064016841161833,7.9025319193168,7.9025319193168,1348.0871432022,169.53655201517896,41,2.0519645074335
hs200,2.0,61,80,40.0,1.4315609403877963e-10,16,1.0,-15.0,False,False,upper_or_side_wall,0.22899999999999998,0.24289316940682,0.96122630246631,0.24289316940682,1.1973143342673227,34.590432597802,34.590432597802,1045.5976314378,0.8926288744288124,55,2.6804524193031
hs200,2.0,62,80,40.0,1.4315609403877963e-10,16,1.0,-7.5,False,False,evaporated_in_SOL,0.19,0.43386589941205,0.55102936136773,0.43386589941205,1.0904415440708348,7.951177686249,7.951177686249,1291.0691785131,151.11421786165027,40,2.6839696547916
hs200,2.0,63,80,40.0,1.4315609403877963e-10,16,1.0,0.0,False,False,evaporated_in_SOL,0.191,0.45046103184632,0.51950394411944,0.45046103184632,1.0691451117790758,4.3079455798296005,4.3079455798296005,1330.8419558893,157.5201668799361,40,2.7842434298746
hs200,2.0,64,80,40.0,1.4315609403877963e-10,16,1.0,7.5,False,False,evaporated_in_SOL,0.19899999999999998,0.43871036758921,0.53461731497393,0.43871036758921,1.070430075410004,10.780818455046001,10.780818455046001,1291.0692644482,156.44302154821108,40,2.7742720668418
hs200,2.0,65,80,40.0,1.4315609403877963e-10,16,1.0,15.0,False,False,evaporated_in_SOL,0.21,0.41441131110316,0.56003287564362,0.41441131110316,1.058604230234713,6.9691448300433,6.9691448300433,1348.0871432022,163.60196878471177,41,2.7635868905225
hs200,2.0,66,80,40.0,1.4315609403877963e-10,16,1.25,-15.0,False,False,upper_or_side_wall,0.207,0.26199341868695,0.95043523122822,0.26199341868695,1.191425691174094,34.681749950294,34.681749950294,1044.746285286,6.306273538433609,54,2.7030409857252
hs200,2.0,67,80,40.0,1.4315609403877963e-10,16,1.25,-7.5,False,False,evaporated_in_SOL,0.175,0.43106217452775,0.55221335470619,0.43106217452775,1.085661634899726,4.5235493829722,4.5235493829722,1291.0692675334,152.90481385211982,40,2.8092031195966
hs200,2.0,68,80,40.0,1.4315609403877963e-10,16,1.25,0.0,False,False,evaporated_in_SOL,0.175,0.4540723218313,0.51705965742785,0.4540723218313,1.0727433581600412,6.7887354472462,6.7887354472462,1291.6699948672,156.72155799689088,40,2.7975470481078
hs200,2.0,69,80,40.0,1.4315609403877963e-10,16,1.25,7.5,False,False,evaporated_in_SOL,0.185,0.43441196757345,0.53771602274358,0.43441196757345,1.0656298989771782,8.6019059680214,8.6019059680214,1346.8515455564,158.0400285289313,40,2.7762247957823
hs200,2.0,70,80,40.0,1.4315609403877963e-10,16,1.25,15.0,False,False,evaporated_in_SOL,0.19699999999999998,0.40673218525134,0.56855893655737,0.40673218525134,1.0574877369368938,7.7035869401955,7.7035869401955,1348.0871432022,166.16904749277015,41,2.7670684047031
hs200,2.0,71,80,40.0,1.4315609403877963e-10,16,1.5,-15.0,False,False,upper_or_side_wall,0.193,0.25975872275199,0.95101821274129,0.25975872275199,1.18430854308276,34.244209547655,34.244209547655,1045.6959515793,6.328735037122565,54,2.7030416609607
hs200,2.0,72,80,40.0,1.4315609403877963e-10,16,1.5,-7.5,False,False,evaporated_in_SOL,0.16,0.43636168268769,0.54627318439717,0.43636168268769,1.087431461540587,4.9760929188448,4.9760929188448,1291.0692675334,151.56906385736553,40,2.8521954005325
hs200,2.0,73,80,40.0,1.4315609403877963e-10,16,1.5,0.0,False,False,evaporated_in_SOL,0.161,0.45650019850268,0.51483795522135,0.45650019850268,1.074169382765745,8.5446168628694,8.5446168628694,1291.6699948672,156.67565475710785,40,2.8085201032703
hs200,2.0,74,80,40.0,1.4315609403877963e-10,16,1.5,7.5,False,False,evaporated_in_SOL,0.172,0.43203784965722,0.5403220123056,0.43203784965722,1.064573683661907,9.3783903016667,9.3783903016667,1346.8515455564,158.48275510624748,40,2.7833726437901
hs200,2.0,75,80,40.0,1.4315609403877963e-10,16,1.5,15.0,False,False,evaporated_in_SOL,0.185,0.40013412847806,0.57611759785522,0.40013412847806,1.055119739875649,8.8309573963056,8.8309573963056,1348.0871435031,168.27967147079838,41,2.7684173994171
hs200,2.0,76,80,40.0,1.4315609403877963e-10,17,1.0,-15.0,False,False,evaporated_in_SOL,0.20199999999999999,0.39474921183218,0.60283631211098,0.39474921183218,1.111202899684976,5.7972143940974,5.7972143940974,1226.357272717,162.4892476387472,41,2.8110288610165
hs200,2.0,77,80,40.0,1.4315609403877963e-10,17,1.0,-7.5,False,False,evaporated_in_SOL,0.189,0.4604376550134,0.51098817054438,0.4604376550134,1.0759394352310898,4.5297791140883,4.5297791140883,1291.6699948672,156.93523416578472,40,2.7874035652745
hs200,2.0,78,80,40.0,1.4315609403877963e-10,17,1.0,0.0,False,False,evaporated_in_SOL,0.19599999999999998,0.44891457218469,0.52151003004012,0.44891457218469,1.0690750714900286,8.1394623885897,8.1394623885897,1291.0692644482,157.23391530501283,40,2.7575322124461
hs200,2.0,79,80,40.0,1.4315609403877963e-10,17,1.0,7.5,False,False,evaporated_in_SOL,0.205,0.42885401107909,0.54434387296606,0.42885401107909,1.064108583909476,9.2286206434724,9.2286206434724,1346.8515455564,158.91222484162702,40,2.7926215772183
hs200,2.0,80,80,40.0,1.4315609403877963e-10,17,1.0,15.0,False,False,evaporated_in_SOL,0.216,0.40339490836781,0.57173606184756,0.40339490836781,1.054865587842276,6.9169154973637,6.9169154973637,1348.0871444583,167.54141229648414,41,2.7690480412056
hs200,2.0,81,80,40.0,1.4315609403877963e-10,17,1.25,-15.0,False,False,upper_or_side_wall,0.243,0.1435821123349,0.98586330263149,0.1435821123349,1.1623053750966224,17.984955066755,17.984955066755,1109.9732435291,0.6066770872605567,57,3.0229949295466
hs200,2.0,82,80,40.0,1.4315609403877963e-10,17,1.25,-7.5,False,False,evaporated_in_SOL,0.172,0.46566843407656,0.50787456359465,0.46566843407656,1.0813454370961264,7.4640188375153,7.4640188375153,1291.6699948672,156.0054740102282,40,2.7882054708119
hs200,2.0,83,80,40.0,1.4315609403877963e-10,17,1.25,0.0,False,False,evaporated_in_SOL,0.18,0.45077206536971,0.52063911354505,0.45077206536971,1.0715832972762793,10.349153365489,10.349153365489,1291.0692644482,156.5030124305196,40,2.7639601739343
hs200,2.0,84,80,40.0,1.4315609403877963e-10,17,1.25,7.5,False,False,evaporated_in_SOL,0.191,0.42270152359957,0.54859179335948,0.42270152359957,1.0562175744002513,5.134618572665101,5.134618572665101,1346.8515455562,161.94862562043562,40,2.7602612441664
hs200,2.0,85,80,40.0,1.4315609403877963e-10,17,1.25,15.0,False,False,evaporated_in_SOL,0.20299999999999999,0.3941990699793,0.58123726034984,0.3941990699793,1.0496238197082164,5.9694156283852,5.9694156283852,1393.4837836969,171.2423990480387,41,2.7646129793756
hs200,2.0,86,80,40.0,1.4315609403877963e-10,17,1.5,-15.0,False,False,upper_or_side_wall,0.209,0.21715120174854,0.9657167361876,0.21715120174854,1.165385877957073,23.677033014261,23.677033014261,1109.9732429283,3.298807918210415,55,3.1459015415221
hs200,2.0,87,80,40.0,1.4315609403877963e-10,17,1.5,-7.5,False,False,evaporated_in_SOL,0.158,0.46656086279167,0.50519245488429,0.46656086279167,1.0791827944603742,5.9808980255615,5.9808980255615,1291.6699948672,157.5689886348966,40,2.9230304224306
hs200,2.0,88,80,40.0,1.4315609403877963e-10,17,1.5,0.0,False,False,evaporated_in_SOL,0.16699999999999998,0.44744135841184,0.52024829443135,0.44744135841184,1.0640293495814375,5.3769474818335,5.3769474818335,1346.8515430445,159.17082134851182,40,2.7661244233721
hs200,2.0,89,80,40.0,1.4315609403877963e-10,17,1.5,7.5,False,False,evaporated_in_SOL,0.178,0.41860721163506,0.55210848533335,0.41860721163506,1.0527003786855058,4.1135941189971,4.1135941189971,1346.8515455564,163.78657533703768,41,2.7573247105374
hs200,2.0,90,80,40.0,1.4315609403877963e-10,17,1.5,15.0,False,False,evaporated_in_SOL,0.191,0.38594746622955,0.58973842647246,0.38594746622955,1.0464646050271702,4.1466630390063,4.1466630390063,1393.4837837091,175.33442356119733,41,2.7642561157427
hs200,2.0,91,100,50.0,2.796017461694915e-10,16,1.0,-15.0,False,False,upper_or_side_wall,0.245,0.19053014880203,0.97266018469426,0.19053014880203,1.1872227640504367,41.160002865858004,41.160002865858004,1050.4548158807,3.567715499259299,56,3.3788017716042
hs200,2.0,92,100,50.0,2.796017461694915e-10,16,1.0,-7.5,False,False,evaporated_in_SOL,0.188,0.44777239966198,0.52778118142126,0.44777239966198,1.0777926576446386,8.5643544744474,8.5643544744474,1291.0692644482,153.82310163178516,40,3.612297315749
hs200,2.0,93,100,50.0,2.796017461694915e-10,16,1.0,0.0,False,False,evaporated_in_SOL,0.192,0.45187261983078,0.51544829485218,0.45187261983078,1.0656502083911439,8.5701389712039,8.5701389712039,1346.8515430446,159.4082832882665,40,3.543080285229
hs200,2.0,94,100,50.0,2.796017461694915e-10,16,1.0,7.5,False,False,evaporated_in_SOL,0.20099999999999998,0.43434887491826,0.5340715384494,0.43434887491826,1.0587902446756647,9.718971873032899,9.718971873032899,1346.8515449281,160.24730469729602,40,3.4961722318692
hs200,2.0,95,100,50.0,2.796017461694915e-10,16,1.0,15.0,False,False,evaporated_in_SOL,0.211,0.41303351448811,0.55999718421744,0.41303351448811,1.0548788917347651,12.828393504181,12.828393504181,1348.0871444583,164.82342402700226,41,3.4608183526902
hs200,2.0,96,100,50.0,2.796017461694915e-10,16,1.25,-15.0,False,False,upper_or_side_wall,0.22499999999999998,0.20141004232232,0.96844902191935,0.20141004232232,1.1816329816544056,41.496494769624,41.496494769624,1050.4520332571,4.783311860071071,56,3.3788021506883
hs200,2.0,97,100,50.0,2.796017461694915e-10,16,1.25,-7.5,False,False,evaporated_in_SOL,0.172,0.44918538090912,0.52613964936928,0.44918538090912,1.0778522234333547,7.810630731240301,7.810630731240301,1291.0692644482,153.87439174058494,40,3.6323509651314
hs200,2.0,98,100,50.0,2.796017461694915e-10,16,1.25,0.0,False,False,evaporated_in_SOL,0.177,0.45057011855921,0.51438233307939,0.45057011855921,1.0612940113811082,5.2480601918475,5.2480601918475,1346.8515430445,161.08008859272869,40,3.5576134700806
hs200,2.0,99,100,50.0,2.796017461694915e-10,16,1.25,7.5,False,False,evaporated_in_SOL,0.187,0.42928097598491,0.53779638971536,0.42928097598491,1.052548963936336,7.0897983600476,7.0897983600476,1346.8515443817,162.18601329312267,40,3.5090656361753
hs200,2.0,100,100,50.0,2.796017461694915e-10,16,1.25,15.0,False,False,evaporated_in_SOL,0.19799999999999998,0.40487874835796,0.56879891020244,0.40487874835796,1.0525045660499643,13.189601008328,13.189601008328,1348.0871444583,167.67219861064245,41,3.5028320395754
hs200,2.0,101,100,50.0,2.796017461694915e-10,16,1.5,-15.0,False,False,upper_or_side_wall,0.19699999999999998,0.25016732936191,0.95712681358713,0.25016732936191,1.173979770412552,40.889308482595,40.889308482595,1097.7777261294,2.9445283408461522,55,4.0158051362251
hs200,2.0,102,100,50.0,2.796017461694915e-10,16,1.5,-7.5,False,False,evaporated_in_SOL,0.158,0.45027189260326,0.5226836006591,0.45027189260326,1.0739402022934348,5.1583818138306,5.1583818138306,1291.6699933252,155.44177878472235,40,3.9098812379529
hs200,2.0,103,100,50.0,2.796017461694915e-10,16,1.5,0.0,False,False,evaporated_in_SOL,0.163,0.45258862481143,0.51256513698841,0.45258862481143,1.0625381332376909,7.8153859828471,7.8153859828471,1346.1704178462,161.00323506242418,40,3.5690569394489
hs200,2.0,104,100,50.0,2.796017461694915e-10,16,1.5,7.5,False,False,evaporated_in_SOL,0.174,0.42635625978814,0.54072360892903,0.42635625978814,1.0506381857238374,7.1802043033161,7.1802043033161,1391.1209798647,162.977065710506,40,3.5114257211809
hs200,2.0,105,100,50.0,2.796017461694915e-10,16,1.5,15.0,False,False,evaporated_in_SOL,0.186,0.39786516116045,0.57654340955489,0.39786516116045,1.0490627639615941,13.457563034194001,13.457563034194001,1393.483780605,170.08327907943976,41,3.4891426498773
hs200,2.0,106,100,50.0,2.796017461694915e-10,17,1.0,-15.0,False,False,evaporated_in_SOL,0.192,0.43823051467698,0.54389613035737,0.43823051467698,1.0873399100999632,7.3078606122452,7.3078606122452,1291.069267506,151.3557251438821,40,3.8935680529839
hs200,2.0,107,100,50.0,2.796017461694915e-10,17,1.0,-7.5,False,False,evaporated_in_SOL,0.19,0.46177589379101,0.50564458314164,0.46177589379101,1.0703133541998293,9.3732164439654,9.3732164439654,1291.6699948672,160.1808833464786,40,3.5475247729486
hs200,2.0,108,100,50.0,2.796017461694915e-10,17,1.0,0.0,False,False,evaporated_in_SOL,0.19799999999999998,0.44447866369325,0.52071343444482,0.44447866369325,1.0585752326080167,6.5816070055702,6.5816070055702,1346.8515443067,161.01227665330708,40,3.497809229065
hs200,2.0,109,100,50.0,2.796017461694915e-10,17,1.0,7.5,False,False,evaporated_in_SOL,0.207,0.42320087619118,0.54491120266504,0.42320087619118,1.050480096289842,6.8840921687398,6.8840921687398,1391.1209798662,163.4045768021981,40,3.5132448157808
hs200,2.0,110,100,50.0,2.796017461694915e-10,17,1.0,15.0,False,False,evaporated_in_SOL,0.217,0.40105436402377,0.57223049596116,0.40105436402377,1.048752743213486,10.749343796429999,10.749343796429999,1393.483782661,169.34658713712508,41,3.5127270731273
hs200,2.0,111,100,50.0,2.796017461694915e-10,17,1.25,-15.0,False,False,evaporated_in_SOL,0.185,0.40186962589297,0.59240032043581,0.40186962589297,1.103006836601623,6.5867758101337,6.5867758101337,1226.8884165776,159.62039298603807,41,4.001745391447
hs200,2.0,112,100,50.0,2.796017461694915e-10,17,1.25,-7.5,False,False,evaporated_in_SOL,0.174,0.46249960496629,0.5032305043224,0.46249960496629,1.0682753438064359,6.659058484499,6.659058484499,1346.1704178462,161.6134927024381,40,3.7025303946126
hs200,2.0,113,100,50.0,2.796017461694915e-10,17,1.25,0.0,False,False,evaporated_in_SOL,0.182,0.4460599092417,0.51988274885127,0.4460599092417,1.0605855593221405,9.607102637858,9.607102637858,1346.8515443004,160.42453925750155,40,3.5022570171086
hs200,2.0,114,100,50.0,2.796017461694915e-10,17,1.25,7.5,False,False,evaporated_in_SOL,0.192,0.42097854331754,0.54861061863329,0.42097854331754,1.051743199648908,10.410049252291001,10.410049252291001,1346.8515449284,163.430652163127,40,3.4620685093126
hs200,2.0,115,100,50.0,2.796017461694915e-10,17,1.25,15.0,False,False,evaporated_in_SOL,0.204,0.39150260006672,0.58199975704556,0.39150260006672,1.0432463299496024,7.9698943790047005,7.9698943790047005,1393.4837816129,173.34852419275296,41,3.4847428090044
hs200,2.0,116,100,50.0,2.796017461694915e-10,17,1.5,-15.0,False,False,upper_or_side_wall,0.22799999999999998,0.15126503686967,0.97965251671751,0.15126503686967,1.1470403548549586,24.943276377508,24.943276377508,1109.9732425002,5.213918398849307,57,4.0873428180934
hs200,2.0,117,100,50.0,2.796017461694915e-10,17,1.5,-7.5,False,False,evaporated_in_SOL,0.159,0.46733705980235,0.49965378148005,0.46733705980235,1.072557041158979,10.695876869627,10.695876869627,1291.6699947969,161.5340470822383,40,3.7106720852697
hs200,2.0,118,100,50.0,2.796017461694915e-10,17,1.5,0.0,False,False,evaporated_in_SOL,0.16799999999999998,0.44646765632486,0.51928920399767,0.44646765632486,1.0605124951030123,10.816972786882001,10.816972786882001,1346.8515443004,160.5373664852717,40,3.5039552123554
hs200,2.0,119,100,50.0,2.796017461694915e-10,17,1.5,7.5,False,False,evaporated_in_SOL,0.179,0.41663383343942,0.55231990979409,0.41663383343942,1.0479671157664017,7.4104102702186,7.4104102702186,1393.4837816129,165.4084236392458,41,3.4618336753656
hs200,2.0,120,100,50.0,2.796017461694915e-10,17,1.5,15.0,False,False,evaporated_in_SOL,0.192,0.38291443755588,0.59073176039957,0.38291443755588,1.039676775393291,5.6090501946068,5.6090501946068,1393.4837837089,177.78239016145648,41,3.519119079665
hs200,2.0,121,125,62.5,5.460971604872881e-10,16,1.0,-15.0,False,False,upper_or_side_wall,0.27099999999999996,0.1013522985843,0.98637747270772,0.1013522985843,1.1620481856875582,35.365223202184,35.365223202184,1109.9732424947,0.8345272922799518,58,4.8099741751236
hs200,2.0,122,125,62.5,5.460971604872881e-10,16,1.0,-7.5,False,False,evaporated_in_SOL,0.188,0.45345101044529,0.51455603335187,0.45345101044529,1.0674689328569844,10.540622242028999,10.540622242028999,1346.8515058314,158.96243300534678,40,4.6238374646204
hs200,2.0,123,125,62.5,5.460971604872881e-10,16,1.0,0.0,False,False,evaporated_in_SOL,0.19399999999999998,0.44828270261059,0.51343963637969,0.44828270261059,1.0551373065041523,8.175221629134601,8.175221629134601,1346.8515430445,163.35188701800354,40,4.4884091798563
hs200,2.0,124,125,62.5,5.460971604872881e-10,16,1.0,7.5,False,False,evaporated_in_SOL,0.20299999999999999,0.42936147084613,0.53429445559157,0.42936147084613,1.0463747871053382,8.0046155461092,8.0046155461092,1391.1209798662,164.13801251604372,40,4.3922747245901
hs200,2.0,125,125,62.5,5.460971604872881e-10,16,1.0,15.0,False,False,evaporated_in_SOL,0.213,0.40709329645947,0.56110820583008,0.40709329645947,1.0414990252772487,8.248668314628599,8.248668314628599,1393.4837816129,169.4748025065358,41,4.4191036499434
hs200,2.0,126,125,62.5,5.460971604872881e-10,16,1.25,-15.0,False,False,upper_or_side_wall,0.223,0.21474991434846,0.96625247363326,0.21474991434846,1.1695793987426373,47.524565859632,47.524565859632,1109.3736634779,3.4104836301272674,56,5.0911129249234
hs200,2.0,127,125,62.5,5.460971604872881e-10,16,1.25,-7.5,False,False,evaporated_in_SOL,0.172,0.45490657464324,0.51214604603665,0.45490657464324,1.0665860940448308,8.914947853944199,8.914947853944199,1346.1704178462,159.73651330355156,40,4.628857761567
hs200,2.0,128,125,62.5,5.460971604872881e-10,16,1.25,0.0,False,False,evaporated_in_SOL,0.178,0.45084151930902,0.5116448479408,0.45084151930902,1.057527577874684,12.504160866531,12.504160866531,1346.1704178463,162.8706123409786,40,4.4972243741818
hs200,2.0,129,125,62.5,5.460971604872881e-10,16,1.25,7.5,False,False,evaporated_in_SOL,0.188,0.42804920624684,0.53728390480598,0.42804920624684,1.0483814349908338,13.687695583101,13.687695583101,1391.1209809134,163.49083268068856,40,4.3931666324426
hs200,2.0,130,125,62.5,5.460971604872881e-10,16,1.25,15.0,False,False,evaporated_in_SOL,0.19899999999999998,0.40265079815139,0.56907844901983,0.40265079815139,1.0462342761595478,18.508742516983002,18.508742516983002,1393.483782661,169.4834206697683,41,4.4099568759601
hs200,2.0,131,125,62.5,5.460971604872881e-10,16,1.5,-15.0,False,False,upper_or_side_wall,0.19999999999999998,0.24357430632975,0.96046588261181,0.24357430632975,1.1653569437340343,48.594203508318,48.594203508318,1108.5004509538,1.4481806187189619,55,5.1981772290728
hs200,2.0,132,125,62.5,5.460971604872881e-10,16,1.5,-7.5,False,False,evaporated_in_SOL,0.158,0.45600575695048,0.50964815669248,0.45600575695048,1.0647996780609077,6.9340988016559,6.9340988016559,1346.1704178462,160.85821227931257,40,4.9685475829276
hs200,2.0,133,125,62.5,5.460971604872881e-10,16,1.5,0.0,False,False,evaporated_in_SOL,0.16499999999999998,0.44799108205931,0.51146824415851,0.44799108205931,1.051463437255057,7.2944783747216,7.2944783747216,1391.120979866,164.96765046190103,40,4.501944431273
hs200,2.0,134,125,62.5,5.460971604872881e-10,16,1.5,7.5,False,False,evaporated_in_SOL,0.175,0.42470227617626,0.5404807161773,0.42470227617626,1.0458878387567252,12.810857236124,12.810857236124,1391.1209809134,164.49507812473004,40,4.3932602721209
hs200,2.0,135,125,62.5,5.460971604872881e-10,16,1.5,15.0,False,False,evaporated_in_SOL,0.187,0.39528670734043,0.57702589140996,0.39528670734043,1.0421754445973404,18.007153036173,18.007153036173,1393.483782661,172.1481864743279,41,4.4441267904272
hs200,2.0,136,125,62.5,5.460971604872881e-10,17,1.0,-15.0,False,False,evaporated_in_SOL,0.19,0.45103438973027,0.52144976115746,0.45103438973027,1.0734111091291623,8.5380223692904,8.5380223692904,1291.6699933252,155.74919738583623,40,5.0666819484492
hs200,2.0,137,125,62.5,5.460971604872881e-10,17,1.0,-7.5,False,False,evaporated_in_SOL,0.192,0.45831991307709,0.50268306509853,0.45831991307709,1.0592440404055443,7.7439796511136,7.7439796511136,1346.1704178462,164.65994438728833,40,4.4915297231951
hs200,2.0,138,125,62.5,5.460971604872881e-10,17,1.0,0.0,False,False,evaporated_in_SOL,0.19899999999999998,0.44371698302814,0.51960955690563,0.44371698302814,1.0552914379183742,14.508452801615,14.508452801615,1346.8515449284,162.32129564727478,40,4.4022179634133
hs200,2.0,139,125,62.5,5.460971604872881e-10,17,1.0,7.5,False,False,evaporated_in_SOL,0.208,0.42146525506982,0.54483300506352,0.42146525506982,1.0458098703152885,12.332729529505,12.332729529505,1391.1209809134,164.92881779040465,40,4.3933157339623
hs200,2.0,140,125,62.5,5.460971604872881e-10,17,1.0,15.0,False,False,evaporated_in_SOL,0.218,0.39843678113281,0.57273721411315,0.39843678113281,1.0418055890334608,14.827832958448,14.827832958448,1393.483782661,171.38824582339646,41,4.4630890173519
hs200,2.0,141,125,62.5,5.460971604872881e-10,17,1.25,-15.0,False,False,evaporated_in_SOL,0.176,0.44171320073013,0.53621734915997,0.44171320073013,1.0797791411964073,8.104260032349899,8.104260032349899,1291.0692644482,153.0886384304693,40,5.1530895678349
hs200,2.0,142,125,62.5,5.460971604872881e-10,17,1.25,-7.5,False,False,evaporated_in_SOL,0.175,0.46301338519278,0.49898580791379,0.46301338519278,1.0631564397921303,12.013157679196,12.013157679196,1346.1704178462,164.65406703346176,40,4.6734250082824
hs200,2.0,143,125,62.5,5.460971604872881e-10,17,1.25,0.0,False,False,evaporated_in_SOL,0.184,0.44076133899972,0.5198562522945,0.44076133899972,1.0495214040452927,8.3262061391729,8.3262061391729,1391.1209798662,164.33398672698186,40,4.4001611731423
hs200,2.0,144,125,62.5,5.460971604872881e-10,17,1.25,7.5,False,False,evaporated_in_SOL,0.193,0.41881132540047,0.54868177094576,0.41881132540047,1.0462050064083577,15.435035536432999,15.435035536432999,1391.1209809134,165.2780490020474,40,4.3921677200121
hs200,2.0,145,125,62.5,5.460971604872881e-10,17,1.25,15.0,False,False,evaporated_in_SOL,0.205,0.38858784088427,0.58273191435183,0.38858784088427,1.0361123377795995,10.749096362228,10.749096362228,1431.8717973222,175.68526583486863,41,4.4382951763966
hs200,2.0,146,125,62.5,5.460971604872881e-10,17,1.5,-15.0,False,False,evaporated_in_SOL,0.16399999999999998,0.43241895711071,0.54957938560964,0.43241895711071,1.0835770386137955,6.3039513285121,6.3039513285121,1291.0692675334,153.10656598516064,40,5.1654120136383
hs200,2.0,147,125,62.5,5.460971604872881e-10,17,1.5,-7.5,False,False,evaporated_in_SOL,0.161,0.46329594330798,0.49656636127163,0.46329594330798,1.0602053162506129,8.8958739870281,8.8958739870281,1346.1704178462,166.41761704094816,40,4.67605729407
hs200,2.0,148,125,62.5,5.460971604872881e-10,17,1.5,0.0,False,False,evaporated_in_SOL,0.16999999999999998,0.44077051352209,0.51939440522553,0.44077051352209,1.0488394572324198,9.0268214329401,9.0268214329401,1391.1209798662,164.6372631515731,40,4.4402422624699
hs200,2.0,149,125,62.5,5.460971604872881e-10,17,1.5,7.5,False,False,evaporated_in_SOL,0.18,0.41420071323267,0.55256502805966,0.41420071323267,1.0420949219646165,11.768097290764999,11.768097290764999,1393.4837816914,167.41568113111794,41,4.4189005589056
hs200,2.0,150,125,62.5,5.460971604872881e-10,17,1.5,15.0,False,False,evaporated_in_SOL,0.192,0.38420308717644,0.59026519889648,0.38420308717644,1.0424421056218984,20.554502239485,20.554502239485,1393.483782661,176.75590535523435,41,4.4641418455885
hs200,2.0,151,150,75.0,9.436558933220338e-10,16,1.0,-15.0,False,False,upper_or_side_wall,0.27499999999999997,0.09409876912515,0.98637988979228,0.09409876912515,1.1442018013169617,43.24169807961,43.24169807961,1109.9732424708,0.8321102077200049,59,6.1515410011318
hs200,2.0,152,150,75.0,9.436558933220338e-10,16,1.0,-7.5,False,False,evaporated_in_SOL,0.189,0.45383324773504,0.50768253696536,0.45383324773504,1.0573032400482376,8.8972586339508,8.8972586339508,1346.1704178462,163.77044071967853,40,5.5975438539948
hs200,2.0,153,150,75.0,9.436558933220338e-10,16,1.0,0.0,False,False,evaporated_in_SOL,0.19499999999999998,0.44769055997336,0.51153583920725,0.44769055997336,1.050958923882683,14.468380341045,14.468380341045,1391.1209803856,165.12817540947418,40,5.4064324653426
hs200,2.0,154,150,75.0,9.436558933220338e-10,16,1.0,7.5,False,False,evaporated_in_SOL,0.204,0.42765527548872,0.53399656087991,0.42765527548872,1.041494066206724,12.968111702393001,12.968111702393001,1391.1209812478,165.69923314783787,40,5.3536465581466
hs200,2.0,155,150,75.0,9.436558933220338e-10,16,1.0,15.0,False,False,evaporated_in_SOL,0.214,0.40469729793897,0.56149364191732,0.40469729793897,1.0352567683687297,10.249052918158,10.249052918158,1431.8717964221,171.38141807964053,41,5.3678071149321
hs200,2.0,156,150,75.0,9.436558933220338e-10,16,1.25,-15.0,False,False,upper_or_side_wall,0.237,0.16676746440891,0.97998564987337,0.16676746440891,1.1609215273237012,51.624403355768,51.624403355768,1109.9732420066,1.888199424683993,57,6.24871853781
hs200,2.0,157,150,75.0,9.436558933220338e-10,16,1.25,-7.5,False,False,evaporated_in_SOL,0.172,0.45924216602666,0.50367300354048,0.45924216602666,1.0624673662466566,14.780677106279,14.780677106279,1346.1704178462,163.30973780872276,40,5.9848648736092
hs200,2.0,158,150,75.0,9.436558933220338e-10,16,1.25,0.0,False,False,evaporated_in_SOL,0.18,0.44568475484441,0.51141533333474,0.44568475484441,1.0467005776834093,8.8023602031229,8.8023602031229,1391.1209798662,166.61681187856422,40,5.4077157682512
hs200,2.0,159,150,75.0,9.436558933220338e-10,16,1.25,7.5,False,False,evaporated_in_SOL,0.189,0.42590817282976,0.53721340212739,0.42590817282976,1.042725815896765,18.269775334873998,18.269775334873998,1391.1209809134,165.29782116458932,40,5.3837661037491
hs200,2.0,160,150,75.0,9.436558933220338e-10,16,1.25,15.0,False,False,evaporated_in_SOL,0.19999999999999998,0.39991059008952,0.56953454306647,0.39991059008952,1.038788374529924,22.284293545237,22.284293545237,1393.483782661,171.65651129001446,41,5.3629258027942
hs200,2.0,161,150,75.0,9.436558933220338e-10,16,1.5,-15.0,False,False,upper_or_side_wall,0.216,0.18752073342844,0.97487689095075,0.18752073342844,1.156665971845473,53.443393968607005,53.443393968607005,1109.9732402314,2.216288447220056,56,6.2556025113952
hs200,2.0,162,150,75.0,9.436558933220338e-10,16,1.5,-7.5,False,False,evaporated_in_SOL,0.158,0.46037302188711,0.50093637783064,0.46037302188711,1.0608004954118992,12.456191940117,12.456191940117,1346.1704178462,164.73207295109106,40,5.9894740288141
hs200,2.0,163,150,75.0,9.436558933220338e-10,16,1.5,0.0,False,False,evaporated_in_SOL,0.16599999999999998,0.44678073396668,0.51014756470541,0.44678073396668,1.046954199969272,11.883792206109002,11.883792206109002,1391.1209798662,166.75842084049467,40,5.4081776662234
hs200,2.0,164,150,75.0,9.436558933220338e-10,16,1.5,7.5,False,False,evaporated_in_SOL,0.176,0.42225106031012,0.5406067483142,0.42225106031012,1.0397815441457996,17.050184921244,17.050184921244,1391.1209814289,166.48856831634936,40,5.3340687895328
hs200,2.0,165,150,75.0,9.436558933220338e-10,16,1.5,15.0,False,False,evaporated_in_SOL,0.188,0.39226457546883,0.57766060111066,0.39226457546883,1.0342660814604012,20.068802421878,20.068802421878,1431.8717975478,174.55652232647574,41,5.3725187452481
hs200,2.0,166,150,75.0,9.436558933220338e-10,17,1.0,-15.0,False,False,evaporated_in_SOL,0.19,0.45519540291252,0.51023131841825,0.45519540291252,1.0640999803232978,8.442160343204101,8.442160343204101,1346.1704178462,160.96208480142747,40,6.1280428055485
hs200,2.0,167,150,75.0,9.436558933220338e-10,17,1.0,-7.5,False,False,evaporated_in_SOL,0.193,0.45781447828527,0.50018932302838,0.45781447828527,1.0547334866573808,14.066586049263,14.066586049263,1346.1704181603,166.91355329732906,40,5.4195692186544
hs200,2.0,168,150,75.0,9.436558933220338e-10,17,1.0,0.0,False,False,evaporated_in_SOL,0.20099999999999998,0.43795366738566,0.52017921709533,0.43795366738566,1.0441650736478312,9.442292712773899,9.442292712773899,1391.1209810363,166.21375301716708,40,5.3751611039121
hs200,2.0,169,150,75.0,9.436558933220338e-10,17,1.0,7.5,False,False,evaporated_in_SOL,0.209,0.41900758144212,0.54503836476828,0.41900758144212,1.0397987230693382,16.378347879921,16.378347879921,1391.1209814365,166.93308310565632,40,5.3415528078866
hs200,2.0,170,150,75.0,9.436558933220338e-10,17,1.0,15.0,False,False,evaporated_in_SOL,0.219,0.39542135651963,0.57336612017763,0.39542135651963,1.033908607023229,16.094866776927,16.094866776927,1431.8717973222,173.73350944414838,41,5.3489718117869
hs200,2.0,171,150,75.0,9.436558933220338e-10,17,1.25,-15.0,False,False,evaporated_in_SOL,0.174,0.45384666059847,0.51620469115264,0.45384666059847,1.0709123061657648,12.694229036364002,12.694229036364002,1291.6699933254,157.49495180682877,40,6.2028171559943
hs200,2.0,172,150,75.0,9.436558933220338e-10,17,1.25,-7.5,False,False,evaporated_in_SOL,0.177,0.45814433758896,0.49771440751408,0.45814433758896,1.051885262800267,9.922567201471,9.922567201471,1388.8567093778,168.64169850869118,40,5.6161015661222
hs200,2.0,173,150,75.0,9.436558933220338e-10,17,1.25,0.0,False,False,evaporated_in_SOL,0.185,0.43887738385106,0.51944358181287,0.43887738385106,1.0449803837578824,12.784240632523,12.784240632523,1391.1209803898,166.01104227554103,40,5.3753291345334
hs200,2.0,174,150,75.0,9.436558933220338e-10,17,1.25,7.5,False,False,evaporated_in_SOL,0.19399999999999998,0.41609603440784,0.54898715128421,0.41609603440784,1.0396732286341517,19.188268464493,19.188268464493,1391.1209815467,167.49827591392415,41,5.3470803649596
hs200,2.0,175,150,75.0,9.436558933220338e-10,17,1.25,15.0,False,False,evaporated_in_SOL,0.206,0.38522415595235,0.58371596234244,0.38522415595235,1.0282525141693224,8.064815560664899,8.064815560664899,1472.6154044972,178.35056218257117,41,5.3698835221525
hs200,2.0,176,150,75.0,9.436558933220338e-10,17,1.5,-15.0,False,False,evaporated_in_SOL,0.161,0.44856567617814,0.52281500688236,0.44856567617814,1.07059760999995,7.7898406026282,7.7898406026282,1291.6699933252,156.5899098741,40,6.2048011027269
hs200,2.0,177,150,75.0,9.436558933220338e-10,17,1.5,-7.5,False,False,evaporated_in_SOL,0.162,0.46239943729387,0.49402450649446,0.46239943729387,1.0548130345057993,14.718136907002,14.718136907002,1346.1704181602,168.99377509977964,40,5.6163314239864
hs200,2.0,178,150,75.0,9.436558933220338e-10,17,1.5,0.0,False,False,evaporated_in_SOL,0.17099999999999999,0.43860474832912,0.51910925427392,0.43860474832912,1.0439107863674746,13.236253042754,13.236253042754,1391.1209803898,166.43711903701788,40,5.4109709677366
hs200,2.0,179,150,75.0,9.436558933220338e-10,17,1.5,7.5,False,False,evaporated_in_SOL,0.181,0.41122354869073,0.55304443096453,0.41122354869073,1.035287495111385,12.792082527,12.792082527,1431.871796871,169.78452784585133,41,5.3672155665154
hs200,2.0,180,150,75.0,9.436558933220338e-10,17,1.5,15.0,False,False,evaporated_in_SOL,0.193,0.38076407950391,0.59107005423566,0.38076407950391,1.033895781702193,20.491200549098,20.491200549098,1434.4446156824,179.66350456650682,41,5.3769663061051
hs200,2.0,181,200,100.0,2.236813969355932e-09,16,1.0,-15.0,False,False,evaporated_in_SOL,0.19499999999999998,0.42090140672063,0.55472189769197,0.42090140672063,1.0643573339644812,14.982408837752,14.982408837752,1348.0823987223,160.51137314696172,41,8.2729580202259
hs200,2.0,182,200,100.0,2.236813969355932e-09,16,1.0,-7.5,False,False,evaporated_in_SOL,0.19,0.45650227217762,0.49846446864485,0.45650227217762,1.0497537970696116,19.949356905393,19.949356905393,1388.8567099013,169.07991973789942,40,7.9911006042607
hs200,2.0,183,200,100.0,2.236813969355932e-09,16,1.0,0.0,False,False,evaporated_in_SOL,0.19699999999999998,0.44427013928596,0.5099204602964,0.44427013928596,1.0415291788408223,22.412506016585997,22.412506016585997,1391.1209803921,168.6744849338372,40,7.2113390361211
hs200,2.0,184,200,100.0,2.236813969355932e-09,16,1.0,7.5,False,False,evaporated_in_SOL,0.206,0.42268035630507,0.53446931664142,0.42268035630507,1.0295214131297474,14.497203380231,14.497203380231,1469.4531173884,169.5102851554605,40,7.2894256600266
hs200,2.0,185,200,100.0,2.236813969355932e-09,16,1.0,15.0,False,False,evaporated_in_SOL,0.215,0.40295331041436,0.56128158237382,0.40295331041436,1.0293938831892915,23.843293730433,23.843293730433,1472.6154053547,173.00862294221398,41,7.1852804999044
hs200,2.0,186,200,100.0,2.236813969355932e-09,16,1.25,-15.0,False,False,evaporated_in_SOL,0.185,0.39614234165877,0.58740411109655,0.39614234165877,1.0719692556970368,10.858383802549001,10.858383802549001,1291.0376892914,166.87606398471038,41,8.3420531790042
hs200,2.0,187,200,100.0,2.236813969355932e-09,16,1.25,-7.5,False,False,evaporated_in_SOL,0.174,0.45747658512742,0.49628847838182,0.45747658512742,1.0485855814888336,17.22379704023,17.22379704023,1388.8567093862,170.1749648945225,40,7.9911388782813
hs200,2.0,188,200,100.0,2.236813969355932e-09,16,1.25,0.0,False,False,evaporated_in_SOL,0.182,0.44186710410271,0.51019894539775,0.44186710410271,1.0370989942997062,14.483816748694998,14.483816748694998,1428.8112365497,170.173586139956,40,7.2113508411769
hs200,2.0,189,200,100.0,2.236813969355932e-09,16,1.25,7.5,False,False,evaporated_in_SOL,0.191,0.42043779742108,0.5378754109966,0.42043779742108,1.0298841383050081,19.949897387085,19.949897387085,1469.4530701212,169.49059042026602,40,7.3040136997166
hs200,2.0,190,200,100.0,2.236813969355932e-09,16,1.25,15.0,False,False,evaporated_in_SOL,0.20199999999999999,0.39351528664475,0.57108737330638,0.39351528664475,1.0225659291863376,15.252322152921,15.252322152921,1472.6154049644,176.49559575487055,41,7.1896811338154
hs200,2.0,191,200,100.0,2.236813969355932e-09,16,1.5,-15.0,False,False,evaporated_in_SOL,0.18,0.36083319379711,0.63357744465383,0.36083319379711,1.1027484633671345,10.662244216925,10.662244216925,1227.6378919943,188.85671518227375,41,8.3420803069674
hs200,2.0,192,200,100.0,2.236813969355932e-09,16,1.5,-7.5,False,False,evaporated_in_SOL,0.16,0.45814865373985,0.49399405545535,0.45814865373985,1.0466427680222956,13.988447970475,13.988447970475,1388.8567093779,171.57415524401895,40,8.1781764871028
hs200,2.0,193,200,100.0,2.236813969355932e-09,16,1.5,0.0,False,False,evaporated_in_SOL,0.16799999999999998,0.44237673413972,0.50928557655125,0.44237673413972,1.0367341623695672,17.225952496638,17.225952496638,1428.811237001,170.4581089533518,40,7.2518932787349
hs200,2.0,194,200,100.0,2.236813969355932e-09,16,1.5,7.5,False,False,evaporated_in_SOL,0.178,0.41621151634301,0.54172924014311,0.41621151634301,1.0262613125065463,12.894533722956,12.894533722956,1469.4531173895,171.03061545532225,40,7.1869588130647
hs200,2.0,195,200,100.0,2.236813969355932e-09,16,1.5,15.0,False,False,evaporated_in_SOL,0.189,0.389634435104,0.57802749969763,0.389634435104,1.0269416551715584,31.995200183381996,31.995200183381996,1472.6154056338,176.75116564833448,41,7.1719469360114
hs200,2.0,196,200,100.0,2.236813969355932e-09,17,1.0,-15.0,False,False,evaporated_in_SOL,0.191,0.45765851604397,0.49807295236166,0.45765851604397,1.0514488015131584,11.752055296697002,11.752055296697002,1388.8567093779,168.66251664435282,40,8.1781646371386
hs200,2.0,197,200,100.0,2.236813969355932e-09,17,1.0,-7.5,False,False,evaporated_in_SOL,0.19599999999999998,0.45058511209883,0.49941760823539,0.45058511209883,1.0395537162601918,10.845146664286,10.845146664286,1425.4301867233,172.13217514653385,40,7.4888281446555
hs200,2.0,198,200,100.0,2.236813969355932e-09,17,1.0,0.0,False,False,evaporated_in_SOL,0.20299999999999999,0.4331492223229,0.52025743691634,0.4331492223229,1.032457299210443,12.159461673897999,12.159461673897999,1428.8112365497,169.79775447413564,40,7.2639597149985
hs200,2.0,199,200,100.0,2.236813969355932e-09,17,1.0,7.5,False,False,evaporated_in_SOL,0.211,0.41304789960728,0.54626201533906,0.41304789960728,1.02657066115498,11.288356492332,11.288356492332,1469.4531170053,171.4874382770472,40,7.1879564713151
hs200,2.0,200,200,100.0,2.236813969355932e-09,17,1.0,15.0,False,False,evaporated_in_SOL,0.22,0.39282721200655,0.57366342581102,0.39282721200655,1.0265355533402354,26.810903343821,26.810903343821,1472.6154054646,175.88288556881895,41,7.1895259239638
hs200,2.0,201,200,100.0,2.236813969355932e-09,17,1.25,-15.0,False,False,evaporated_in_SOL,0.174,0.46036892775076,0.49820710505635,0.46036892775076,1.0568984189781547,16.060981138678002,16.060981138678002,1346.1704175496,166.88246966202482,40,8.2737309996144
hs200,2.0,202,200,100.0,2.236813969355932e-09,17,1.25,-7.5,False,False,evaporated_in_SOL,0.179,0.45481120773024,0.49515757626675,0.45481120773024,1.041877709599249,16.092064742264,16.092064742264,1388.8567104254,172.7171443781206,40,7.4888386494681
hs200,2.0,203,200,100.0,2.236813969355932e-09,17,1.25,0.0,False,False,evaporated_in_SOL,0.187,0.43366524677978,0.51962669415492,0.43366524677978,1.0328169321544818,15.457645577363,15.457645577363,1428.811237001,169.81396776780923,40,7.2987177985139
hs200,2.0,204,200,100.0,2.236813969355932e-09,17,1.25,7.5,False,False,evaporated_in_SOL,0.19599999999999998,0.4097354539683,0.5503496970804,0.4097354539683,1.0256481591731956,11.986826743541,11.986826743541,1472.6154044972,172.39477428582714,41,7.1885379168284
hs200,2.0,205,200,100.0,2.236813969355932e-09,17,1.25,15.0,False,False,evaporated_in_SOL,0.207,0.38241811215711,0.58415759215171,0.38241811215711,1.0206933922479189,12.172383327713,12.172383327713,1515.3019227402,180.74581315652475,41,7.1718840232911
hs200,2.0,206,200,100.0,2.236813969355932e-09,17,1.5,-15.0,False,False,evaporated_in_SOL,0.16,0.45944576696873,0.50017933905934,0.45944576696873,1.0579079377140306,12.506937548429999,12.506937548429999,1346.1704175322,165.9014646098723,40,8.3316736169618
hs200,2.0,207,200,100.0,2.236813969355932e-09,17,1.5,-7.5,False,False,evaporated_in_SOL,0.16399999999999998,0.45866338961825,0.49141623244001,0.45866338961825,1.0444618630617197,21.794606704116003,21.794606704116003,1388.8567108076,173.3161812780847,40,7.4888403901445
hs200,2.0,208,200,100.0,2.236813969355932e-09,17,1.5,0.0,False,False,evaporated_in_SOL,0.173,0.43296044875793,0.51950006622422,0.43296044875793,1.0308706374057253,14.081604866859001,14.081604866859001,1469.4531171194,170.43211425662702,40,7.2908466291185
hs200,2.0,209,200,100.0,2.236813969355932e-09,17,1.5,7.5,False,False,evaporated_in_SOL,0.182,0.40877954649065,0.55301834279519,0.40877954649065,1.0288031775143902,23.572526515215998,23.572526515215998,1472.6154052668,171.93311234351305,41,7.1897760300974
hs200,2.0,210,200,100.0,2.236813969355932e-09,17,1.5,15.0,False,False,evaporated_in_SOL,0.19399999999999998,0.37760549195228,0.59166792275968,0.37760549195228,1.0256745628309787,28.013139174316,28.013139174316,1475.0594615085,182.40304671498993,41,7.1719991672241
hs200,2.0,211,250,125.0,4.368777283898306e-09,16,1.0,-15.0,False,False,evaporated_in_SOL,0.192,0.4371548668541,0.52626286940494,0.4371548668541,1.0524831164927384,16.536028965176,16.536028965176,1391.1209795183,162.87104017395467,40,10.427599707102
hs200,2.0,212,250,125.0,4.368777283898306e-09,16,1.0,-7.5,False,False,evaporated_in_SOL,0.192,0.45317211984758,0.4952297146847,0.45317211984758,1.03883031226048,21.787996557682,21.787996557682,1425.4409038655,173.68941905429085,40,9.9891017554364
hs200,2.0,213,250,125.0,4.368777283898306e-09,16,1.0,0.0,False,False,evaporated_in_SOL,0.19899999999999998,0.43941964478418,0.50984666353002,0.43941964478418,1.0316185331425822,21.894097142004,21.894097142004,1469.4531171683,172.1653928038492,40,9.1117712869968
hs200,2.0,214,250,125.0,4.368777283898306e-09,16,1.0,7.5,False,False,evaporated_in_SOL,0.207,0.42074173850067,0.53408555599319,0.42074173850067,1.0239098621898046,23.846376363982,23.846376363982,1469.4531177747,171.32943037264928,40,9.1467459272525
hs200,2.0,215,250,125.0,4.368777283898306e-09,16,1.0,15.0,False,False,evaporated_in_SOL,0.216,0.40037660111047,0.5615388053885,0.40037660111047,1.0219343018648266,30.517823727378996,30.517823727378996,1515.3017598072,175.13548492256112,41,8.987831064127
hs200,2.0,216,250,125.0,4.368777283898306e-09,16,1.25,-15.0,False,False,evaporated_in_SOL,0.178,0.42805376152556,0.54184460059135,0.42805376152556,1.0571996654864857,14.868190201336999,14.868190201336999,1346.8515444572,160.94283778808986,40,10.427604679334
hs200,2.0,217,250,125.0,4.368777283898306e-09,16,1.25,-7.5,False,False,evaporated_in_SOL,0.176,0.4538721729164,0.49305815904446,0.4538721729164,1.0373196405152363,16.974179398548998,16.974179398548998,1425.440925493,174.9442437253877,40,9.989104832047
hs200,2.0,218,250,125.0,4.368777283898306e-09,16,1.25,0.0,False,False,evaporated_in_SOL,0.183,0.44065440473766,0.50875927333375,0.44065440473766,1.0324627356990592,29.240047574664,29.240047574664,1428.8112373399,172.0485353605073,40,9.1209452590689
hs200,2.0,219,250,125.0,4.368777283898306e-09,16,1.25,7.5,False,False,evaporated_in_SOL,0.192,0.41813615725065,0.53776887699025,0.41813615725065,1.0237432745100123,28.605448914203,28.605448914203,1469.4531180038,171.48392284535478,40,9.1477613571051
hs200,2.0,220,250,125.0,4.368777283898306e-09,16,1.25,15.0,False,False,evaporated_in_SOL,0.20299999999999999,0.39066071617822,0.57156056832471,0.39066071617822,1.01480111869468,14.903640178402,14.903640178402,1515.3019227402,178.78234371511138,41,9.0091964023249
hs200,2.0,221,250,125.0,4.368777283898306e-09,16,1.5,-15.0,False,False,evaporated_in_SOL,0.16499999999999998,0.42345885300315,0.55143094442676,0.42345885300315,1.0639874230401942,17.823026467608003,17.823026467608003,1346.8515443004,159.87933098342623,40,10.591153508156
hs200,2.0,222,250,125.0,4.368777283898306e-09,16,1.5,-7.5,False,False,evaporated_in_SOL,0.161,0.45839090442714,0.48873178987227,0.45839090442714,1.0407086205554281,26.321564323388,26.321564323388,1388.8567104246,175.6326004196791,40,10.222743232552
hs200,2.0,223,250,125.0,4.368777283898306e-09,16,1.5,0.0,False,False,evaporated_in_SOL,0.16899999999999998,0.44080298866919,0.50813847741519,0.44080298866919,1.0318194464397632,31.444618597928997,31.444618597928997,1469.2980936841,172.38170138958031,40,9.1238288527833
hs200,2.0,224,250,125.0,4.368777283898306e-09,16,1.5,7.5,False,False,evaporated_in_SOL,0.179,0.41365571902983,0.5417712884488,0.41365571902983,1.0197113399751172,16.111809881678997,16.111809881678997,1513.1214891257,173.20278091433082,40,8.9878805224966
hs200,2.0,225,250,125.0,4.368777283898306e-09,16,1.5,15.0,False,False,evaporated_in_SOL,0.19,0.38652523978541,0.5786149736601,0.38652523978541,1.018783692289818,35.185463998315,35.185463998315,1515.3019231402,179.2954312431158,41,9.0507852956525
hs200,2.0,226,250,125.0,4.368777283898306e-09,17,1.0,-15.0,False,False,evaporated_in_SOL,0.192,0.45853007954833,0.49088238149385,0.45853007954833,1.0435651843680507,18.021335594312998,18.021335594312998,1388.8567099348,173.82335649321624,40,10.222742995166
hs200,2.0,227,250,125.0,4.368777283898306e-09,17,1.0,-7.5,False,False,evaporated_in_SOL,0.19699999999999998,0.44999816592644,0.49697434643251,0.44999816592644,1.0350991754964936,25.055057708648,25.055057708648,1425.4409263965,174.37244724163057,40,9.4024986360024
hs200,2.0,228,250,125.0,4.368777283898306e-09,17,1.0,0.0,False,False,evaporated_in_SOL,0.204,0.43136682744426,0.51952396918226,0.43136682744426,1.026927354824232,22.07147385551,22.07147385551,1469.4531176791,171.63265972223732,40,9.1433744227622
hs200,2.0,229,250,125.0,4.368777283898306e-09,17,1.0,7.5,False,False,evaporated_in_SOL,0.212,0.41052504027768,0.54632558407589,0.41052504027768,1.0201059423685646,13.232160718515,13.232160718515,1515.3019224206,173.6606000724495,41,8.9879147023764
hs200,2.0,230,250,125.0,4.368777283898306e-09,17,1.0,15.0,False,False,evaporated_in_SOL,0.221,0.38978851799803,0.57417766005536,0.38978851799803,1.0182919329069213,28.945344745656,28.945344745656,1515.3019230598,178.34029101873256,41,8.9879597381203
hs200,2.0,231,250,125.0,4.368777283898306e-09,17,1.25,-15.0,False,False,evaporated_in_SOL,0.175,0.46112054344056,0.48992371412556,0.46112054344056,1.0472796232443162,20.514809368987,20.514809368987,1388.8567100383,173.05925000193028,40,10.342175812631
hs200,2.0,232,250,125.0,4.368777283898306e-09,17,1.25,-7.5,False,False,evaporated_in_SOL,0.181,0.44995154395728,0.49456558384551,0.44995154395728,1.0317462118749043,16.241836484652,16.241836484652,1425.4409268533,176.24753699899446,40,9.3876071538478
hs200,2.0,233,250,125.0,4.368777283898306e-09,17,1.25,0.0,False,False,evaporated_in_SOL,0.188,0.43160212387866,0.5190865198404,0.43160212387866,1.0268744598704926,25.099591025489,25.099591025489,1469.4531178411,171.73506715946786,40,9.1473883991796
hs200,2.0,234,250,125.0,4.368777283898306e-09,17,1.25,7.5,False,False,evaporated_in_SOL,0.19599999999999998,0.41101346008553,0.54911484263802,0.41101346008553,1.0266004732376712,41.714460134343,41.714460134343,1472.6154055294,171.87806415650527,41,8.9942058157099
hs200,2.0,235,250,125.0,4.368777283898306e-09,17,1.25,15.0,False,False,evaporated_in_SOL,0.207,0.38330837213087,0.58336002426382,0.38330837213087,1.0213476047818442,41.642026663234,41.642026663234,1515.3019231439,180.24747974996274,41,9.0137338390632
hs200,2.0,236,250,125.0,4.368777283898306e-09,17,1.5,-15.0,False,False,evaporated_in_SOL,0.161,0.46002986334757,0.49127138589719,0.46002986334757,1.046870851357037,13.441897862177,13.441897862177,1388.8567096396,172.61608079667775,40,10.62116945483
hs200,2.0,237,250,125.0,4.368777283898306e-09,17,1.5,-7.5,False,False,evaporated_in_SOL,0.16599999999999998,0.45356327458501,0.49060423379576,0.45356327458501,1.0338627112127412,23.440547955613,23.440547955613,1425.4409261711,177.06268386203564,40,9.4183669216748
hs200,2.0,238,250,125.0,4.368777283898306e-09,17,1.5,0.0,False,False,evaporated_in_SOL,0.174,0.4306711767521,0.5190679997293,0.4306711767521,1.0245257243728416,22.178689885923,22.178689885923,1469.4531176783,172.45852112211605,40,9.1467679499097
hs200,2.0,239,250,125.0,4.368777283898306e-09,17,1.5,7.5,False,False,evaporated_in_SOL,0.183,0.40574702212146,0.55335503378441,0.40574702212146,1.0213083378081265,26.349803674711,26.349803674711,1515.3019229799,174.4197035907225,41,9.0151415776737
hs200,2.0,240,250,125.0,4.368777283898306e-09,17,1.5,15.0,False,False,evaporated_in_SOL,0.19499999999999998,0.37414069589634,0.5924032410381,0.37414069589634,1.0165411998615248,25.71048241901,25.71048241901,1516.8508456711,185.39855055627203,41,9.0391649309933
hs200,2.0,241,300,150.0,7.54924714657627e-09,16,1.0,-15.0,False,False,evaporated_in_SOL,0.191,0.44554934806108,0.51031632887522,0.44554934806108,1.0447258411748672,24.964758666768997,24.964758666768997,1391.120979751,167.4958102035536,40,12.513125707895
hs200,2.0,242,300,150.0,7.54924714657627e-09,16,1.0,-7.5,False,False,evaporated_in_SOL,0.193,0.45268571579602,0.49192980150585,0.45268571579602,1.0337483600970896,33.030927610645,33.030927610645,1425.4409264804,176.56585756585082,40,11.986926815379
hs200,2.0,243,300,150.0,7.54924714657627e-09,16,1.0,0.0,False,False,evaporated_in_SOL,0.19999999999999998,0.43766509902813,0.50902328430818,0.43766509902813,1.0268403634254437,30.750087695958,30.750087695958,1469.4531177157,173.9974932405143,40,10.974078190945
hs200,2.0,244,300,150.0,7.54924714657627e-09,16,1.0,7.5,False,False,evaporated_in_SOL,0.208,0.41822419036786,0.53418282324547,0.41822419036786,1.0176118847969442,25.054771444833,25.054771444833,1513.1214893669,173.36684705778742,40,10.977949946608
hs200,2.0,245,300,150.0,7.54924714657627e-09,16,1.0,15.0,False,False,evaporated_in_SOL,0.217,0.39744130274065,0.56202569395242,0.39744130274065,1.0138396972556607,27.240095490712,27.240095490712,1560.5824592287,177.46410490858884,41,10.866310476149
hs200,2.0,246,300,150.0,7.54924714657627e-09,16,1.25,-15.0,False,False,evaporated_in_SOL,0.176,0.44052223243067,0.51940587159738,0.44052223243067,1.0483410174145575,21.243477652253,21.243477652253,1391.1209802528,164.81347655798862,40,12.648958747031
hs200,2.0,247,300,150.0,7.54924714657627e-09,16,1.25,-7.5,False,False,evaporated_in_SOL,0.177,0.45329286833766,0.48960543892387,0.45329286833766,1.0321872792363656,27.182914132587,27.182914132587,1425.4409269532,178.01640749941626,40,11.98692692144
hs200,2.0,248,300,150.0,7.54924714657627e-09,16,1.25,0.0,False,False,evaporated_in_SOL,0.184,0.4386228203902,0.50815013742473,0.4386228203902,1.027456012003483,38.034156164879,38.034156164879,1469.4531179663,173.92163046067165,40,10.975437350291
hs200,2.0,249,300,150.0,7.54924714657627e-09,16,1.25,7.5,False,False,evaporated_in_SOL,0.193,0.41537349477903,0.53801961247627,0.41537349477903,1.0170889490489294,28.567241122530998,28.567241122530998,1513.1214894647,173.68573932899227,40,10.978002333892
hs200,2.0,250,300,150.0,7.54924714657627e-09,16,1.25,15.0,False,False,evaporated_in_SOL,0.20299999999999999,0.39159678961964,0.57069998562263,0.39159678961964,1.0156741498710211,44.770047871103,44.770047871103,1515.3019231866,178.365767342221,41,10.888119876435
hs200,2.0,251,300,150.0,7.54924714657627e-09,16,1.5,-15.0,False,False,evaporated_in_SOL,0.162,0.43988958815835,0.52276862818791,0.43988958815835,1.0523191645514367,24.685146661758,24.685146661758,1391.1165790653,163.05075197063857,40,12.853688534416
hs200,2.0,252,300,150.0,7.54924714657627e-09,16,1.5,-7.5,False,False,evaporated_in_SOL,0.163,0.45341639550579,0.487592450592,0.45341639550579,1.0300684387575096,19.703247115573,19.703247115573,1465.460734177,179.53369002135102,40,12.267292243385
hs200,2.0,253,300,150.0,7.54924714657627e-09,16,1.5,0.0,False,False,evaporated_in_SOL,0.16999999999999998,0.43851482114163,0.50768836442891,0.43851482114163,1.0265727797967603,39.606463454373,39.606463454373,1469.4531180092,174.32251584474045,40,10.975772765034
hs200,2.0,254,300,150.0,7.54924714657627e-09,16,1.5,7.5,False,False,evaporated_in_SOL,0.179,0.41474277797816,0.54064918184981,0.41474277797816,1.020416490887356,46.571482079114,46.571482079114,1513.1214898104,172.84619774014232,40,10.840685108479
hs200,2.0,255,300,150.0,7.54924714657627e-09,16,1.5,15.0,False,False,evaporated_in_SOL,0.191,0.38317539690752,0.57935104897738,0.38317539690752,1.0103000441480867,25.422987925272,25.422987925272,1560.5824594015,182.01506748703804,41,10.897614110202
hs200,2.0,256,300,150.0,7.54924714657627e-09,17,1.0,-15.0,False,False,evaporated_in_SOL,0.193,0.45833544531615,0.48608695056162,0.45833544531615,1.0374160515455826,27.350805503191,27.350805503191,1425.4409260274,177.80029539696216,40,12.267292235939
hs200,2.0,257,300,150.0,7.54924714657627e-09,17,1.0,-7.5,False,False,evaporated_in_SOL,0.19899999999999998,0.44447234367263,0.49759731911716,0.44447234367263,1.025241336321373,15.724163582873,15.724163582873,1465.4607339822,177.52758984057473,40,11.321614387737
hs200,2.0,258,300,150.0,7.54924714657627e-09,17,1.0,0.0,False,False,evaporated_in_SOL,0.205,0.42894055319423,0.51937560516202,0.42894055319423,1.0206553208296008,26.205783409404,26.205783409404,1513.1214893668,173.59038728069171,40,10.977732982504
hs200,2.0,259,300,150.0,7.54924714657627e-09,17,1.0,7.5,False,False,evaporated_in_SOL,0.212,0.41156867282578,0.54518668432791,0.41156867282578,1.0206960422920812,43.384965885183,43.384965885183,1515.2998804587,173.30362632216764,40,10.837023428794
hs200,2.0,260,300,150.0,7.54924714657627e-09,17,1.0,15.0,False,False,evaporated_in_SOL,0.222,0.38652985261463,0.57484407144241,0.38652985261463,1.0097228061835113,18.32845600509,18.32845600509,1560.5824593374,180.94540611006002,41,10.877272821734
hs200,2.0,261,300,150.0,7.54924714657627e-09,17,1.25,-15.0,False,False,evaporated_in_SOL,0.176,0.46087059750648,0.48443508408112,0.46087059750648,1.0400851554984327,28.95496172447,28.95496172447,1422.9586056025,177.67595446527054,40,12.508916524464
hs200,2.0,262,300,150.0,7.54924714657627e-09,17,1.25,-7.5,False,False,evaporated_in_SOL,0.182,0.44834471347403,0.4931042392079,0.44834471347403,1.0268433456491066,24.693031721109,24.693031721109,1465.4607347679,178.39884090766614,40,11.318810269965
hs200,2.0,263,300,150.0,7.54924714657627e-09,17,1.25,0.0,False,False,evaporated_in_SOL,0.189,0.42898860062208,0.51902511196383,0.42898860062208,1.0202675366571452,28.508176277949,28.508176277949,1513.1214894114,173.7771102409465,40,10.977981700979
hs200,2.0,264,300,150.0,7.54924714657627e-09,17,1.25,7.5,False,False,evaporated_in_SOL,0.19699999999999998,0.40792809856381,0.54951124635393,0.40792809856381,1.0192558198503097,41.651839841656,41.651839841656,1515.3019230862,174.38180906440147,41,10.813133511313
hs200,2.0,265,300,150.0,7.54924714657627e-09,17,1.25,15.0,False,False,evaporated_in_SOL,0.208,0.3799064283571,0.58407281026736,0.3799064283571,1.0126542335709208,32.097751382797,32.097751382797,1560.5824594501,183.08799847888994,41,10.888712632789
hs200,2.0,266,300,150.0,7.54924714657627e-09,17,1.5,-15.0,False,False,evaporated_in_SOL,0.162,0.45974267908477,0.48525927439491,0.45974267908477,1.0390141703941138,17.714054975009002,17.714054975009002,1425.4409250415,177.65216751382803,40,12.827640066246
hs200,2.0,267,300,150.0,7.54924714657627e-09,17,1.5,-7.5,False,False,evaporated_in_SOL,0.16699999999999998,0.45172420197945,0.48928624679238,0.45172420197945,1.0288724265723315,33.905861203237,33.905861203237,1465.4607353454,179.23507698096282,40,11.323831926429
hs200,2.0,268,300,150.0,7.54924714657627e-09,17,1.5,0.0,False,False,evaporated_in_SOL,0.175,0.4278641321412,0.51909252481725,0.4278641321412,1.0175607871600083,22.26083380052,22.26083380052,1513.1214892864,174.60074304603145,40,10.9779465484
hs200,2.0,269,300,150.0,7.54924714657627e-09,17,1.5,7.5,False,False,evaporated_in_SOL,0.184,0.40244239198001,0.55389466795226,0.40244239198001,1.0122402916908662,17.314317602354,17.314317602354,1560.5824593374,177.0454599756669,41,10.88735983552
hs200,2.0,270,300,150.0,7.54924714657627e-09,17,1.5,15.0,False,False,evaporated_in_SOL,0.19499999999999998,0.37465724259894,0.59193738852271,0.37465724259894,1.0170807391046253,53.893644107427,53.893644107427,1516.8508458503,185.07324745333554,41,10.895142655071
